游戏,账号特征,价格
原神,未绑定/未实名,350.0
原神,邮箱不出售/其他邮箱,130.0
原神,邮箱不出售/其他邮箱,400.0
原神,未绑定/未实名,85.0
原神,已实名,2000.0
原神,未绑定/未实名,666.0
原神,未绑定/未实名,3500.0
原神,邮箱不出售/其他邮箱,294.0
原神,邮箱不出售/其他邮箱,450.0
原神,已实名,820.0
原神,已实名,176.0
原神,未绑定/未实名,320.0
原神,未绑定/未实名,85.0
原神,未绑定/未实名,200.0
原神,错误数据,230.0
原神,未绑定/未实名,320.0
原神,未绑定/未实名,800.0
原神,未绑定/未实名,260.0
原神,未绑定/未实名,3000.0
原神,未绑定/未实名,2000.0
原神,未绑定/未实名,350.0
原神,未绑定/未实名,125.0
原神,未绑定/未实名,100.0
原神,邮箱不出售/其他邮箱,300.0
原神,未绑定/未实名,100.0
原神,错误数据,1260.0
原神,邮箱不出售/其他邮箱,1688.0
原神,未绑定/未实名,1700.0
原神,邮箱不出售/其他邮箱,1200.0
原神,未绑定/未实名,1450.0
原神,邮箱不出售/其他邮箱,3500.0
原神,邮箱不出售/其他邮箱,110.0
原神,邮箱不出售/其他邮箱,140.0
原神,未绑定/未实名,272.0
原神,未绑定/未实名,100.0
原神,错误数据,80.0
原神,邮箱不出售/其他邮箱,50.0
原神,未绑定/未实名,1500.0
原神,邮箱不出售/其他邮箱,243.0
原神,未绑定/未实名,4200.0
原神,未绑定/未实名,75.0
原神,未绑定/未实名,60.0
原神,未绑定/未实名,538.0
原神,未绑定/未实名,328.0
原神,未绑定/未实名,80.0
原神,已实名,1199.0
原神,邮箱不出售/其他邮箱,158.0
原神,邮箱不出售/其他邮箱,3000.0
原神,未绑定/未实名,450.0
原神,邮箱不出售/其他邮箱,176.0
原神,已实名,690.0
原神,邮箱不出售/其他邮箱,68.0
原神,未绑定/未实名,100.0
原神,未绑定/未实名,749.0
原神,邮箱不出售/其他邮箱,110.0
原神,未绑定/未实名,89.9
原神,未绑定/未实名,310.0
原神,未绑定/未实名,240.0
原神,邮箱不出售/其他邮箱,2999.0
原神,未绑定/未实名,299.0
原神,未绑定/未实名,100.0
原神,未绑定/未实名,1110.0
原神,已实名,2600.0
原神,邮箱不出售/其他邮箱,1399.0
原神,未绑定/未实名,240.0
原神,未绑定/未实名,300.0
原神,未绑定/未实名,600.0
原神,邮箱不出售/其他邮箱,330.0
原神,邮箱不出售/其他邮箱,200.0
原神,未绑定/未实名,2000.0
原神,已实名,430.0
原神,未绑定/未实名,530.0
原神,邮箱不出售/其他邮箱,120.0
原神,邮箱不出售/其他邮箱,148.0
原神,邮箱不出售/其他邮箱,1198.0
原神,邮箱不出售/其他邮箱,780.0
原神,未绑定/未实名,3000.0
原神,未绑定/未实名,120.0
原神,错误数据,300.0
原神,未绑定/未实名,140.0
原神,邮箱不出售/其他邮箱,180.0
原神,邮箱不出售/其他邮箱,1088.0
原神,未绑定/未实名,650.0
原神,未绑定/未实名,700.0
原神,未绑定/未实名,280.0
原神,未绑定/未实名,1000.0
原神,未绑定/未实名,100.0
原神,邮箱不出售/其他邮箱,1440.0
原神,未绑定/未实名,1111.0
原神,邮箱不出售/其他邮箱,2600.0
原神,邮箱不出售/其他邮箱,460.0
原神,邮箱不出售/其他邮箱,315.0
原神,邮箱不出售/其他邮箱,400.0
原神,邮箱不出售/其他邮箱,3100.0
原神,未绑定/未实名,900.0
原神,未绑定/未实名,280.0
原神,已实名,6999.0
原神,邮箱不出售/其他邮箱,150.0
原神,未绑定/未实名,599.0
原神,邮箱不出售/其他邮箱,4766.0
原神,未绑定/未实名,200.0
原神,邮箱不出售/其他邮箱,1887.0
原神,未绑定/未实名,3299.0
原神,未绑定/未实名,3700.0
原神,未绑定/未实名,8888.0
原神,未绑定/未实名,1500.0
原神,已实名,1000.0
原神,未绑定/未实名,300.0
原神,已实名,2500.0
原神,未绑定/未实名,420.0
原神,未绑定/未实名,230.0
原神,未绑定/未实名,1488.0
原神,邮箱不出售/其他邮箱,899.0
原神,邮箱不出售/其他邮箱,210.0
原神,邮箱不出售/其他邮箱,600.0
原神,未绑定/未实名,488.0
原神,未绑定/未实名,300.0
原神,未绑定/未实名,248.88
原神,未绑定/未实名,700.0
原神,邮箱不出售/其他邮箱,230.0
原神,已实名,1400.0
原神,未绑定/未实名,1030.0
原神,邮箱不出售/其他邮箱,2099.0
原神,未绑定/未实名,70.0
原神,未绑定/未实名,1100.0
原神,已实名,1150.0
原神,未绑定/未实名,600.0
原神,未绑定/未实名,50.0
原神,未绑定/未实名,1499.0
原神,未绑定/未实名,220.0
原神,未绑定/未实名,700.0
原神,未绑定/未实名,160.0
原神,未绑定/未实名,380.0
原神,未绑定/未实名,950.0
原神,未绑定/未实名,520.0
原神,未绑定/未实名,50.0
原神,邮箱不出售/其他邮箱,2488.0
原神,邮箱不出售/其他邮箱,2699.0
原神,未绑定/未实名,1888.0
原神,邮箱不出售/其他邮箱,60.0
原神,未绑定/未实名,250.0
原神,未绑定/未实名,70.0
原神,未绑定/未实名,450.0
原神,未绑定/未实名,7350.0
原神,邮箱不出售/其他邮箱,110.0
原神,未绑定/未实名,200.0
原神,已实名,350.0
原神,未绑定/未实名,1300.0
原神,错误数据,150.0
原神,未绑定/未实名,188.0
原神,邮箱不出售/其他邮箱,420.0
原神,邮箱不出售/其他邮箱,3222.0
原神,未绑定/未实名,1519.0
原神,未绑定/未实名,498.0
原神,未绑定/未实名,140.0
原神,未绑定/未实名,1000.0
原神,邮箱不出售/其他邮箱,699.0
原神,邮箱不出售/其他邮箱,2716.0
原神,邮箱不出售/其他邮箱,1066.0
原神,未绑定/未实名,685.0
原神,邮箱不出售/其他邮箱,1700.0
原神,邮箱不出售/其他邮箱,85.0
原神,邮箱不出售/其他邮箱,58.0
原神,邮箱不出售/其他邮箱,2400.0
原神,邮箱不出售/其他邮箱,1499.0
原神,未绑定/未实名,2300.0
原神,邮箱不出售/其他邮箱,8888.0
原神,未绑定/未实名,130.0
原神,未绑定/未实名,680.0
原神,未绑定/未实名,1999.0
原神,未绑定/未实名,330.0
原神,未绑定/未实名,2588.0
原神,未绑定/未实名,5500.0
原神,邮箱不出售/其他邮箱,766.0
原神,未绑定/未实名,900.0
原神,邮箱不出售/其他邮箱,450.0
原神,未绑定/未实名,268.0
原神,未绑定/未实名,2299.0
原神,未绑定/未实名,555.0
原神,未绑定/未实名,230.0
原神,邮箱不出售/其他邮箱,130.0
原神,邮箱不出售/其他邮箱,520.0
原神,未绑定/未实名,330.0
原神,未绑定/未实名,50.0
原神,邮箱不出售/其他邮箱,85.0
原神,未绑定/未实名,60.0
原神,邮箱不出售/其他邮箱,95.0
原神,未绑定/未实名,90.0
原神,未绑定/未实名,70.0
原神,错误数据,9800.0
原神,邮箱不出售/其他邮箱,68.0
原神,邮箱不出售/其他邮箱,716.0
原神,邮箱不出售/其他邮箱,200.0
原神,未绑定/未实名,660.0
原神,邮箱不出售/其他邮箱,800.0
原神,未绑定/未实名,388.0
原神,邮箱不出售/其他邮箱,1314.0
原神,未绑定/未实名,130.0
原神,未绑定/未实名,666.0
原神,邮箱不出售/其他邮箱,1250.0
原神,未绑定/未实名,160.0
原神,未绑定/未实名,700.0
原神,错误数据,350.0
原神,未绑定/未实名,32888.0
原神,邮箱不出售/其他邮箱,330.0
原神,未绑定/未实名,1200.0
原神,未绑定/未实名,200.0
原神,邮箱不出售/其他邮箱,1500.0
原神,未绑定/未实名,210.0
原神,未绑定/未实名,110.0
原神,邮箱不出售/其他邮箱,300.0
原神,未绑定/未实名,130.0
原神,未绑定/未实名,1999.0
原神,邮箱不出售/其他邮箱,600.0
原神,未绑定/未实名,88.0
原神,未绑定/未实名,248.0
原神,邮箱不出售/其他邮箱,380.0
原神,未绑定/未实名,850.0
原神,未绑定/未实名,1700.0
原神,邮箱不出售/其他邮箱,600.0
原神,未绑定/未实名,1350.0
原神,邮箱不出售/其他邮箱,310.0
原神,未绑定/未实名,90.0
原神,未绑定/未实名,200.0
原神,未绑定/未实名,3500.0
原神,未绑定/未实名,2888.0
原神,未绑定/未实名,150.0
原神,未绑定/未实名,580.0
原神,邮箱不出售/其他邮箱,450.0
原神,未绑定/未实名,700.0
原神,未绑定/未实名,260.0
原神,邮箱不出售/其他邮箱,1500.0
原神,邮箱不出售/其他邮箱,400.0
原神,邮箱不出售/其他邮箱,650.0
原神,已实名,460.0
原神,邮箱不出售/其他邮箱,150.0
原神,未绑定/未实名,300.0
原神,邮箱不出售/其他邮箱,230.0
原神,邮箱不出售/其他邮箱,530.0
原神,邮箱不出售/其他邮箱,1450.0
原神,未绑定/未实名,260.0
原神,邮箱不出售/其他邮箱,450.0
原神,未绑定/未实名,270.0
原神,未绑定/未实名,4500.0
原神,已实名,1500.0
原神,未绑定/未实名,1799.0
原神,邮箱不出售/其他邮箱,80.0
原神,邮箱不出售/其他邮箱,400.0
原神,未绑定/未实名,88.0
原神,邮箱不出售/其他邮箱,800.0
原神,未绑定/未实名,700.0
原神,邮箱不出售/其他邮箱,130.0
原神,未绑定/未实名,480.0
原神,邮箱不出售/其他邮箱,580.0
原神,邮箱不出售/其他邮箱,1288.0
原神,邮箱不出售/其他邮箱,60.0
原神,未绑定/未实名,110.0
原神,未绑定/未实名,160.0
原神,邮箱不出售/其他邮箱,88.0
原神,邮箱不出售/其他邮箱,550.0
原神,未绑定/未实名,130.0
原神,邮箱不出售/其他邮箱,1680.0
原神,邮箱不出售/其他邮箱,249.0
原神,未绑定/未实名,400.0
原神,邮箱不出售/其他邮箱,200.0
原神,邮箱不出售/其他邮箱,200.0
原神,邮箱不出售/其他邮箱,4700.0
原神,未绑定/未实名,130.0
原神,邮箱不出售/其他邮箱,700.0
原神,已实名,420.0
原神,未绑定/未实名,588.0
原神,邮箱不出售/其他邮箱,268.0
原神,未绑定/未实名,1700.0
原神,已实名,200.0
原神,邮箱不出售/其他邮箱,160.0
原神,邮箱不出售/其他邮箱,450.0
原神,邮箱不出售/其他邮箱,700.0
原神,未绑定/未实名,230.0
原神,邮箱不出售/其他邮箱,450.0
原神,未绑定/未实名,1899.0
原神,未绑定/未实名,150.0
原神,未绑定/未实名,130.0
原神,未绑定/未实名,80.0
原神,邮箱不出售/其他邮箱,1700.0
原神,邮箱不出售/其他邮箱,460.0
原神,未绑定/未实名,2817.0
原神,邮箱不出售/其他邮箱,180.0
原神,邮箱不出售/其他邮箱,3600.0
原神,未绑定/未实名,130.0
原神,未绑定/未实名,2370.0
原神,邮箱不出售/其他邮箱,900.0
原神,邮箱不出售/其他邮箱,159.0
原神,邮箱不出售/其他邮箱,5999.0
原神,邮箱不出售/其他邮箱,240.0
原神,邮箱不出售/其他邮箱,900.0
原神,邮箱不出售/其他邮箱,880.0
原神,未绑定/未实名,2300.0
原神,邮箱不出售/其他邮箱,418.0
原神,未绑定/未实名,150.0
原神,已实名,340.0
原神,未绑定/未实名,1300.0
原神,已实名,9999.0
原神,已实名,1103.9
原神,邮箱不出售/其他邮箱,240.0
原神,未绑定/未实名,350.0
原神,未绑定/未实名,1380.0
原神,未绑定/未实名,130.0
原神,未绑定/未实名,2400.0
原神,未绑定/未实名,449.0
原神,未绑定/未实名,568.0
原神,邮箱不出售/其他邮箱,128.0
原神,未绑定/未实名,188.0
原神,未绑定/未实名,520.0
原神,邮箱不出售/其他邮箱,110.0
原神,未绑定/未实名,450.0
原神,未绑定/未实名,270.0
原神,未绑定/未实名,253.0
原神,邮箱不出售/其他邮箱,490.0
原神,未绑定/未实名,3200.0
原神,已实名,550.0
原神,错误数据,3000.0
原神,未绑定/未实名,1200.0
原神,未绑定/未实名,950.0
原神,邮箱不出售/其他邮箱,1550.0
原神,未绑定/未实名,700.0
原神,未绑定/未实名,258.0
原神,邮箱不出售/其他邮箱,247.0
原神,邮箱不出售/其他邮箱,120.0
原神,未绑定/未实名,297.0
原神,未绑定/未实名,230.0
原神,未绑定/未实名,300.0
原神,邮箱不出售/其他邮箱,300.0
原神,未绑定/未实名,2699.0
原神,未绑定/未实名,220.0
原神,邮箱不出售/其他邮箱,988.0
原神,未绑定/未实名,1955.0
原神,未绑定/未实名,1700.0
原神,未绑定/未实名,5888.0
原神,已实名,899.0
原神,未绑定/未实名,4180.0
原神,未绑定/未实名,680.0
原神,未绑定/未实名,130.0
原神,未绑定/未实名,3850.0
原神,已实名,266.0
原神,邮箱不出售/其他邮箱,974.0
原神,未绑定/未实名,13333.0
原神,已实名,4888.0
原神,邮箱不出售/其他邮箱,250.0
原神,未绑定/未实名,100.0
原神,未绑定/未实名,188.0
原神,邮箱不出售/其他邮箱,375.0
原神,邮箱不出售/其他邮箱,250.0
原神,未绑定/未实名,130.0
原神,未绑定/未实名,1999.0
原神,邮箱不出售/其他邮箱,1250.0
原神,未绑定/未实名,200.0
原神,未绑定/未实名,550.0
原神,邮箱不出售/其他邮箱,500.0
原神,邮箱不出售/其他邮箱,388.0
原神,邮箱不出售/其他邮箱,600.0
原神,未绑定/未实名,2500.0
原神,未绑定/未实名,258.0
原神,未绑定/未实名,234.0
原神,邮箱不出售/其他邮箱,300.0
原神,未绑定/未实名,328.0
原神,邮箱不出售/其他邮箱,130.0
原神,已实名,184.3
原神,邮箱不出售/其他邮箱,1750.0
原神,已实名,200.0
原神,邮箱不出售/其他邮箱,1550.0
原神,已实名,199.0
原神,邮箱不出售/其他邮箱,1579.0
原神,已实名,160.0
原神,未绑定/未实名,80.0
原神,未绑定/未实名,370.0
原神,未绑定/未实名,2888.0
原神,已实名,700.0
原神,邮箱不出售/其他邮箱,1274.9
原神,邮箱不出售/其他邮箱,1798.0
原神,错误数据,500.0
原神,未绑定/未实名,2000.0
原神,未绑定/未实名,1288.0
原神,未绑定/未实名,1800.0
原神,未绑定/未实名,300.0
原神,邮箱不出售/其他邮箱,240.0
原神,未绑定/未实名,360.0
原神,未绑定/未实名,146.0
原神,未绑定/未实名,100.0
原神,未绑定/未实名,285.0
原神,未绑定/未实名,1300.0
原神,邮箱不出售/其他邮箱,410.0
原神,邮箱不出售/其他邮箱,150.0
原神,未绑定/未实名,2100.0
原神,邮箱不出售/其他邮箱,650.0
原神,已实名,650.0
原神,邮箱不出售/其他邮箱,986.0
原神,邮箱不出售/其他邮箱,1200.0
原神,未绑定/未实名,1199.0
原神,邮箱不出售/其他邮箱,550.0
原神,未绑定/未实名,2285.0
原神,未绑定/未实名,1369.0
原神,未绑定/未实名,352.0
原神,未绑定/未实名,550.0
原神,已实名,3000.0
原神,未绑定/未实名,4999.0
原神,邮箱不出售/其他邮箱,2800.0
原神,已实名,1600.0
原神,未绑定/未实名,200.0
原神,邮箱不出售/其他邮箱,890.0
原神,未绑定/未实名,500.0
原神,未绑定/未实名,504.0
原神,已实名,180.0
原神,未绑定/未实名,160.0
原神,未绑定/未实名,680.0
原神,未绑定/未实名,160.0
原神,未绑定/未实名,420.0
原神,邮箱不出售/其他邮箱,1000.0
原神,未绑定/未实名,2399.0
原神,未绑定/未实名,88.0
原神,邮箱不出售/其他邮箱,250.0
原神,邮箱不出售/其他邮箱,1350.0
原神,邮箱不出售/其他邮箱,350.0
原神,未绑定/未实名,1026.0
原神,邮箱不出售/其他邮箱,1500.0
原神,未绑定/未实名,2788.0
原神,邮箱不出售/其他邮箱,330.0
原神,未绑定/未实名,60.0
原神,未绑定/未实名,4200.0
原神,邮箱不出售/其他邮箱,688.0
原神,未绑定/未实名,2499.0
原神,邮箱不出售/其他邮箱,750.0
原神,邮箱不出售/其他邮箱,200.0
原神,邮箱不出售/其他邮箱,400.0
原神,邮箱不出售/其他邮箱,2999.0
原神,未绑定/未实名,200.0
原神,未绑定/未实名,1400.0
原神,未绑定/未实名,758.0
原神,未绑定/未实名,2222.0
原神,未绑定/未实名,360.0
原神,未绑定/未实名,1400.0
原神,未绑定/未实名,488.0
原神,未绑定/未实名,488.0
原神,邮箱不出售/其他邮箱,19000.0
原神,已实名,1212.0
原神,未绑定/未实名,550.0
原神,未绑定/未实名,280.0
原神,邮箱不出售/其他邮箱,150.0
原神,未绑定/未实名,1899.0
原神,未绑定/未实名,247.0
原神,未绑定/未实名,4200.0
原神,未绑定/未实名,695.0
原神,已实名,60.0
原神,邮箱不出售/其他邮箱,78.0
原神,邮箱不出售/其他邮箱,2799.0
原神,未绑定/未实名,100.0
原神,未绑定/未实名,1100.0
原神,邮箱不出售/其他邮箱,358.0
原神,未绑定/未实名,178.0
原神,未绑定/未实名,1550.0
原神,未绑定/未实名,150.0
原神,未绑定/未实名,131.0
原神,已实名,86.0
原神,已实名,100.0
原神,邮箱不出售/其他邮箱,2200.0
原神,未绑定/未实名,15888.0
原神,邮箱不出售/其他邮箱,92.0
原神,邮箱不出售/其他邮箱,112.0
原神,未绑定/未实名,200.0
原神,邮箱不出售/其他邮箱,352.0
原神,未绑定/未实名,280.0
原神,已实名,168.0
原神,已实名,1000.0
原神,未绑定/未实名,3000.0
原神,未绑定/未实名,360.0
原神,未绑定/未实名,222.0
原神,已实名,2588.0
原神,未绑定/未实名,200.0
原神,未绑定/未实名,230.0
原神,未绑定/未实名,150.0
原神,已实名,1888.0
原神,未绑定/未实名,200.0
原神,已实名,760.0
原神,邮箱不出售/其他邮箱,100.0
原神,未绑定/未实名,170.0
原神,错误数据,1520.0
原神,已实名,646.0
原神,未绑定/未实名,8666.0
原神,未绑定/未实名,83.0
原神,邮箱不出售/其他邮箱,900.0
原神,已实名,230.0
原神,邮箱不出售/其他邮箱,120.0
原神,未绑定/未实名,360.0
原神,邮箱不出售/其他邮箱,999.0
原神,未绑定/未实名,50.0
原神,未绑定/未实名,1000.0
原神,未绑定/未实名,150.0
原神,未绑定/未实名,1850.0
原神,邮箱不出售/其他邮箱,328.0
原神,未绑定/未实名,6500.0
原神,邮箱不出售/其他邮箱,4299.0
原神,未绑定/未实名,120.0
原神,邮箱不出售/其他邮箱,1000.0
原神,未绑定/未实名,3000.0
原神,邮箱不出售/其他邮箱,235.0
原神,未绑定/未实名,220.0
原神,邮箱不出售/其他邮箱,1121.0
原神,未绑定/未实名,260.0
原神,未绑定/未实名,120.0
原神,未绑定/未实名,196.0
原神,未绑定/未实名,899.0
原神,邮箱不出售/其他邮箱,251.0
原神,未绑定/未实名,500.0
原神,邮箱不出售/其他邮箱,230.0
原神,已实名,1843.0
原神,邮箱不出售/其他邮箱,319.0
原神,未绑定/未实名,530.0
原神,未绑定/未实名,3000.0
原神,邮箱不出售/其他邮箱,1400.0
原神,未绑定/未实名,1088.0
原神,邮箱不出售/其他邮箱,3888.0
原神,未绑定/未实名,3100.0
原神,未绑定/未实名,164.0
原神,未绑定/未实名,1999.0
原神,已实名,1488.0
原神,邮箱不出售/其他邮箱,64.0
原神,未绑定/未实名,138.0
原神,未绑定/未实名,299.0
原神,邮箱不出售/其他邮箱,320.0
原神,未绑定/未实名,1988.0
原神,未绑定/未实名,529.0
原神,邮箱不出售/其他邮箱,107.0
原神,错误数据,3480.0
原神,邮箱不出售/其他邮箱,550.0
原神,未绑定/未实名,1999.0
原神,未绑定/未实名,450.0
原神,未绑定/未实名,1100.0
原神,未绑定/未实名,100.0
原神,邮箱不出售/其他邮箱,1850.0
原神,未绑定/未实名,599.0
原神,邮箱不出售/其他邮箱,255.0
原神,未绑定/未实名,105.0
原神,邮箱不出售/其他邮箱,780.0
原神,邮箱不出售/其他邮箱,150.0
原神,未绑定/未实名,418.0
原神,未绑定/未实名,600.0
原神,已实名,360.0
原神,已实名,80.0
原神,未绑定/未实名,295.0
原神,邮箱不出售/其他邮箱,185.0
原神,邮箱不出售/其他邮箱,358.0
原神,未绑定/未实名,2980.0
原神,邮箱不出售/其他邮箱,2499.0
原神,邮箱不出售/其他邮箱,13300.0
原神,邮箱不出售/其他邮箱,200.0
原神,未绑定/未实名,429.0
原神,邮箱不出售/其他邮箱,148.0
原神,邮箱不出售/其他邮箱,99.0
原神,未绑定/未实名,299.0
原神,未绑定/未实名,8888.0
原神,邮箱不出售/其他邮箱,3040.0
原神,未绑定/未实名,5500.0
原神,已实名,650.0
原神,未绑定/未实名,1980.0
原神,邮箱不出售/其他邮箱,490.0
原神,邮箱不出售/其他邮箱,130.0
原神,未绑定/未实名,130.0
原神,邮箱不出售/其他邮箱,850.0
原神,未绑定/未实名,900.0
原神,邮箱不出售/其他邮箱,2350.0
原神,未绑定/未实名,250.0
原神,未绑定/未实名,3999.0
原神,未绑定/未实名,134.0
原神,邮箱不出售/其他邮箱,999.0
原神,邮箱不出售/其他邮箱,130.0
原神,邮箱不出售/其他邮箱,3333.0
原神,未绑定/未实名,1450.0
原神,未绑定/未实名,700.0
原神,未绑定/未实名,500.0
原神,邮箱不出售/其他邮箱,100.0
原神,未绑定/未实名,169.0
原神,邮箱不出售/其他邮箱,650.0
原神,未绑定/未实名,50.0
原神,未绑定/未实名,2599.0
原神,未绑定/未实名,21000.0
原神,邮箱不出售/其他邮箱,489.0
原神,未绑定/未实名,1300.0
原神,未绑定/未实名,600.0
原神,未绑定/未实名,789.0
原神,已实名,236.0
原神,邮箱不出售/其他邮箱,99.0
原神,未绑定/未实名,330.0
原神,未绑定/未实名,1500.0
原神,未绑定/未实名,2850.0
原神,未绑定/未实名,1000.0
原神,未绑定/未实名,200.0
原神,未绑定/未实名,1150.0
原神,未绑定/未实名,1499.0
原神,未绑定/未实名,100.0
原神,邮箱不出售/其他邮箱,431.0
原神,已实名,400.0
原神,邮箱不出售/其他邮箱,799.0
原神,未绑定/未实名,750.0
原神,邮箱不出售/其他邮箱,2250.0
原神,邮箱不出售/其他邮箱,350.0
原神,未绑定/未实名,699.0
原神,未绑定/未实名,240.0
原神,未绑定/未实名,460.0
原神,已实名,1500.0
原神,未绑定/未实名,8888.0
原神,已实名,1150.0
原神,未绑定/未实名,230.0
原神,邮箱不出售/其他邮箱,3725.9
原神,未绑定/未实名,260.0
原神,未绑定/未实名,1800.0
原神,未绑定/未实名,190.0
原神,未绑定/未实名,400.0
原神,邮箱不出售/其他邮箱,258.0
原神,未绑定/未实名,899.0
原神,已实名,520.0
原神,未绑定/未实名,5500.0
原神,未绑定/未实名,2100.0
原神,邮箱不出售/其他邮箱,632.0
原神,未绑定/未实名,80.0
原神,邮箱不出售/其他邮箱,416.0
原神,未绑定/未实名,266.0
原神,未绑定/未实名,450.0
原神,未绑定/未实名,550.0
原神,未绑定/未实名,488.0
原神,未绑定/未实名,1200.0
原神,未绑定/未实名,220.0
原神,邮箱不出售/其他邮箱,260.0
原神,未绑定/未实名,500.0
原神,邮箱不出售/其他邮箱,1300.0
原神,邮箱不出售/其他邮箱,1050.0
原神,未绑定/未实名,600.0
原神,未绑定/未实名,7999.0
原神,未绑定/未实名,500.0
原神,邮箱不出售/其他邮箱,409.45
原神,未绑定/未实名,430.0
原神,未绑定/未实名,50.0
原神,未绑定/未实名,1666.0
原神,邮箱不出售/其他邮箱,1500.0
原神,邮箱不出售/其他邮箱,370.0
原神,邮箱不出售/其他邮箱,750.0
原神,邮箱不出售/其他邮箱,320.0
原神,未绑定/未实名,200.0
原神,未绑定/未实名,230.0
原神,未绑定/未实名,540.0
原神,已实名,90.0
原神,未绑定/未实名,180.0
原神,未绑定/未实名,36000.0
原神,未绑定/未实名,1488.0
原神,邮箱不出售/其他邮箱,2200.0
原神,未绑定/未实名,188.0
原神,未绑定/未实名,874.0
原神,已实名,100.0
原神,邮箱不出售/其他邮箱,350.0
原神,邮箱不出售/其他邮箱,288.0
原神,错误数据,900.0
原神,未绑定/未实名,290.0
原神,邮箱不出售/其他邮箱,300.0
原神,未绑定/未实名,50.0
原神,邮箱不出售/其他邮箱,988.0
原神,未绑定/未实名,160.0
原神,邮箱不出售/其他邮箱,300.0
原神,未绑定/未实名,92.0
原神,邮箱不出售/其他邮箱,1200.0
原神,邮箱不出售/其他邮箱,700.0
原神,未绑定/未实名,200.0
原神,邮箱不出售/其他邮箱,1350.0
原神,未绑定/未实名,260.0
原神,未绑定/未实名,100.0
原神,未绑定/未实名,1288.0
原神,邮箱不出售/其他邮箱,200.0
原神,未绑定/未实名,400.0
原神,已实名,456.0
原神,未绑定/未实名,330.0
原神,邮箱不出售/其他邮箱,75.0
原神,未绑定/未实名,139.0
原神,已实名,50.0
原神,未绑定/未实名,252.7
原神,邮箱不出售/其他邮箱,300.0
原神,未绑定/未实名,650.0
原神,邮箱不出售/其他邮箱,6599.0
原神,邮箱不出售/其他邮箱,69.0
原神,未绑定/未实名,320.0
原神,邮箱不出售/其他邮箱,260.0
原神,未绑定/未实名,238.0
原神,未绑定/未实名,560.0
原神,邮箱不出售/其他邮箱,150.0
原神,未绑定/未实名,599.0
原神,未绑定/未实名,166.0
原神,未绑定/未实名,85.0
原神,未绑定/未实名,428.45
原神,已实名,450.0
原神,邮箱不出售/其他邮箱,350.0
原神,已实名,50.0
原神,邮箱不出售/其他邮箱,1688.0
原神,未绑定/未实名,665.0
原神,邮箱不出售/其他邮箱,688.0
原神,未绑定/未实名,400.0
原神,邮箱不出售/其他邮箱,1299.0
原神,未绑定/未实名,250.0
原神,未绑定/未实名,88.0
原神,邮箱不出售/其他邮箱,130.0
原神,已实名,300.0
原神,未绑定/未实名,3388.0
原神,邮箱不出售/其他邮箱,650.0
原神,未绑定/未实名,1088.0
原神,邮箱不出售/其他邮箱,2200.0
原神,未绑定/未实名,388.0
原神,未绑定/未实名,120.0
原神,未绑定/未实名,699.0
原神,邮箱不出售/其他邮箱,1000.0
原神,未绑定/未实名,999.0
原神,邮箱不出售/其他邮箱,409.0
原神,邮箱不出售/其他邮箱,130.0
原神,邮箱不出售/其他邮箱,475.0
原神,邮箱不出售/其他邮箱,6500.0
原神,邮箱不出售/其他邮箱,200.0
原神,未绑定/未实名,4999.0
原神,未绑定/未实名,2100.0
原神,已实名,2500.0
原神,未绑定/未实名,1470.0
原神,已实名,850.0
原神,邮箱不出售/其他邮箱,600.0
原神,未绑定/未实名,299.0
原神,邮箱不出售/其他邮箱,3154.0
原神,未绑定/未实名,13000.0
原神,已实名,80.0
原神,未绑定/未实名,650.0
原神,邮箱不出售/其他邮箱,2110.0
原神,未绑定/未实名,445.0
原神,邮箱不出售/其他邮箱,234.0
原神,已实名,120.0
原神,未绑定/未实名,368.0
原神,未绑定/未实名,120.0
原神,未绑定/未实名,1288.0
原神,未绑定/未实名,155.0
原神,邮箱不出售/其他邮箱,600.0
原神,邮箱不出售/其他邮箱,450.0
原神,未绑定/未实名,3188.0
原神,邮箱不出售/其他邮箱,500.0
原神,未绑定/未实名,300.0
原神,邮箱不出售/其他邮箱,1388.0
原神,未绑定/未实名,611.0
原神,邮箱不出售/其他邮箱,1050.0
原神,未绑定/未实名,380.0
原神,未绑定/未实名,140.0
原神,已实名,750.0
原神,未绑定/未实名,2587.8
原神,未绑定/未实名,3555.0
原神,邮箱不出售/其他邮箱,1800.0
原神,邮箱不出售/其他邮箱,191.0
原神,未绑定/未实名,130.0
原神,邮箱不出售/其他邮箱,800.0
原神,邮箱不出售/其他邮箱,230.0
原神,已实名,198.0
原神,邮箱不出售/其他邮箱,500.0
原神,已实名,720.0
原神,邮箱不出售/其他邮箱,700.0
原神,邮箱不出售/其他邮箱,350.0
原神,邮箱不出售/其他邮箱,2300.0
原神,邮箱不出售/其他邮箱,1999.0
原神,邮箱不出售/其他邮箱,720.0
原神,未绑定/未实名,180.0
原神,未绑定/未实名,100.0
原神,邮箱不出售/其他邮箱,345.8
原神,邮箱不出售/其他邮箱,280.0
原神,未绑定/未实名,230.0
原神,邮箱不出售/其他邮箱,666.0
原神,邮箱不出售/其他邮箱,2000.0
原神,未绑定/未实名,3888.0
原神,邮箱不出售/其他邮箱,1500.0
原神,邮箱不出售/其他邮箱,1688.0
原神,邮箱不出售/其他邮箱,6666.0
原神,邮箱不出售/其他邮箱,850.0
原神,未绑定/未实名,100.0
原神,邮箱不出售/其他邮箱,238.0
原神,邮箱不出售/其他邮箱,500.0
原神,未绑定/未实名,1642.0
原神,邮箱不出售/其他邮箱,1200.0
原神,未绑定/未实名,1788.0
原神,未绑定/未实名,9260.0
原神,未绑定/未实名,696.0
原神,已实名,1399.0
原神,未绑定/未实名,2050.0
原神,未绑定/未实名,600.0
原神,未绑定/未实名,7700.0
原神,邮箱不出售/其他邮箱,1753.0
原神,未绑定/未实名,1400.0
原神,邮箱不出售/其他邮箱,878.75
原神,已实名,1700.0
原神,邮箱不出售/其他邮箱,2288.0
原神,未绑定/未实名,530.0
原神,错误数据,800.0
原神,邮箱不出售/其他邮箱,999.0
原神,邮箱不出售/其他邮箱,999.0
原神,邮箱不出售/其他邮箱,994.0
原神,邮箱不出售/其他邮箱,1000.0
原神,邮箱不出售/其他邮箱,630.0
原神,未绑定/未实名,670.0
原神,邮箱不出售/其他邮箱,551.0
原神,邮箱不出售/其他邮箱,930.0
原神,邮箱不出售/其他邮箱,1900.0
原神,未绑定/未实名,888.0
原神,邮箱不出售/其他邮箱,2100.0
原神,邮箱不出售/其他邮箱,2500.0
原神,未绑定/未实名,2588.0
原神,已实名,2200.0
原神,未绑定/未实名,1050.0
原神,未绑定/未实名,3000.0
原神,未绑定/未实名,3888.0
原神,邮箱不出售/其他邮箱,700.0
原神,邮箱不出售/其他邮箱,1300.0
原神,未绑定/未实名,1000.0
原神,邮箱不出售/其他邮箱,2666.0
原神,未绑定/未实名,530.0
原神,已实名,1199.0
原神,邮箱不出售/其他邮箱,5980.0
原神,已实名,5200.0
原神,邮箱不出售/其他邮箱,590.0
原神,未绑定/未实名,3100.0
原神,邮箱不出售/其他邮箱,592.0
原神,错误数据,2200.0
原神,未绑定/未实名,1588.0
原神,未绑定/未实名,1500.0
原神,未绑定/未实名,4712.0
原神,未绑定/未实名,720.0
原神,邮箱不出售/其他邮箱,600.0
原神,未绑定/未实名,900.0
原神,邮箱不出售/其他邮箱,1599.0
原神,邮箱不出售/其他邮箱,832.2
原神,未绑定/未实名,2400.0
原神,未绑定/未实名,1500.0
原神,邮箱不出售/其他邮箱,700.0
原神,未绑定/未实名,588.0
原神,未绑定/未实名,1480.0
原神,未绑定/未实名,600.0
原神,未绑定/未实名,888.0
原神,邮箱不出售/其他邮箱,1400.0
原神,邮箱不出售/其他邮箱,2999.0
原神,已实名,1200.0
原神,错误数据,3000.0
原神,未绑定/未实名,2650.0
原神,未绑定/未实名,650.0
原神,已实名,4599.0
原神,未绑定/未实名,899.0
原神,未绑定/未实名,999.0
原神,未绑定/未实名,500.0
原神,未绑定/未实名,1400.0
原神,未绑定/未实名,888.0
原神,邮箱不出售/其他邮箱,2700.0
原神,未绑定/未实名,1450.0
原神,未绑定/未实名,1100.0
原神,未绑定/未实名,3500.0
原神,未绑定/未实名,1700.0
原神,未绑定/未实名,2900.0
原神,未绑定/未实名,5999.0
原神,未绑定/未实名,2499.0
原神,未绑定/未实名,530.0
原神,邮箱不出售/其他邮箱,3400.0
原神,邮箱不出售/其他邮箱,527.0
原神,未绑定/未实名,2599.0
原神,未绑定/未实名,15000.0
原神,邮箱不出售/其他邮箱,2319.0
原神,邮箱不出售/其他邮箱,5399.0
原神,邮箱不出售/其他邮箱,1700.0
原神,未绑定/未实名,638.0
原神,未绑定/未实名,1000.0
原神,邮箱不出售/其他邮箱,650.0
原神,未绑定/未实名,4000.0
原神,未绑定/未实名,1088.0
原神,未绑定/未实名,1550.0
原神,未绑定/未实名,550.0
原神,未绑定/未实名,1088.0
原神,未绑定/未实名,1000.0
原神,未绑定/未实名,2999.0
原神,邮箱不出售/其他邮箱,888.0
原神,邮箱不出售/其他邮箱,999.0
原神,未绑定/未实名,7000.0
原神,已实名,589.0
原神,邮箱不出售/其他邮箱,4000.0
原神,未绑定/未实名,998.0
原神,邮箱不出售/其他邮箱,599.0
原神,未绑定/未实名,8990.0
原神,未绑定/未实名,800.0
原神,未绑定/未实名,1999.0
原神,未绑定/未实名,680.0
原神,邮箱不出售/其他邮箱,998.0
原神,已实名,749.0
原神,未绑定/未实名,12888.0
原神,邮箱不出售/其他邮箱,1200.0
原神,已实名,800.0
原神,未绑定/未实名,500.0
原神,未绑定/未实名,500.0
原神,已实名,1000.0
原神,未绑定/未实名,5000.0
原神,已实名,850.0
原神,已实名,600.0
原神,未绑定/未实名,1111.0
原神,邮箱不出售/其他邮箱,1700.0
原神,邮箱不出售/其他邮箱,2888.0
原神,邮箱不出售/其他邮箱,2399.0
原神,未绑定/未实名,1050.0
原神,未绑定/未实名,750.0
原神,未绑定/未实名,766.0
原神,错误数据,8200.0
原神,邮箱不出售/其他邮箱,666.0
原神,已实名,850.0
原神,邮箱不出售/其他邮箱,3999.0
原神,邮箱不出售/其他邮箱,673.55
原神,未绑定/未实名,1500.0
原神,未绑定/未实名,1600.0
原神,已实名,600.0
原神,邮箱不出售/其他邮箱,977.0
原神,未绑定/未实名,600.0
原神,邮箱不出售/其他邮箱,599.0
原神,未绑定/未实名,880.0
原神,未绑定/未实名,698.0
原神,邮箱不出售/其他邮箱,1288.0
原神,未绑定/未实名,700.0
原神,邮箱不出售/其他邮箱,860.0
原神,未绑定/未实名,2000.0
原神,未绑定/未实名,840.0
原神,未绑定/未实名,4500.0
原神,邮箱不出售/其他邮箱,883.0
原神,邮箱不出售/其他邮箱,680.0
原神,错误数据,3999.0
原神,未绑定/未实名,1700.0
原神,邮箱不出售/其他邮箱,780.0
原神,未绑定/未实名,1150.0
原神,未绑定/未实名,1200.0
原神,已实名,550.0
原神,邮箱不出售/其他邮箱,1260.0
原神,邮箱不出售/其他邮箱,900.0
原神,未绑定/未实名,2299.0
原神,邮箱不出售/其他邮箱,1180.0
原神,未绑定/未实名,5000.0
原神,邮箱不出售/其他邮箱,630.0
原神,邮箱不出售/其他邮箱,7500.0
原神,邮箱不出售/其他邮箱,1800.0
原神,未绑定/未实名,750.0
原神,未绑定/未实名,2900.0
原神,邮箱不出售/其他邮箱,999.0
原神,未绑定/未实名,1780.0
原神,未绑定/未实名,999.0
原神,未绑定/未实名,2000.0
原神,未绑定/未实名,1450.0
原神,未绑定/未实名,770.0
原神,邮箱不出售/其他邮箱,578.0
原神,邮箱不出售/其他邮箱,3000.0
原神,未绑定/未实名,720.0
原神,未绑定/未实名,836.0
原神,未绑定/未实名,2000.0
原神,邮箱不出售/其他邮箱,780.0
原神,邮箱不出售/其他邮箱,1999.0
原神,未绑定/未实名,2500.0
原神,未绑定/未实名,520.0
原神,未绑定/未实名,1000.0
原神,未绑定/未实名,3988.0
原神,未绑定/未实名,1650.0
原神,未绑定/未实名,600.0
原神,未绑定/未实名,950.0
原神,错误数据,2300.0
原神,邮箱不出售/其他邮箱,2100.0
原神,未绑定/未实名,6134.0
原神,未绑定/未实名,1800.0
原神,邮箱不出售/其他邮箱,4655.0
原神,未绑定/未实名,9999.0
原神,未绑定/未实名,520.0
原神,邮箱不出售/其他邮箱,1300.0
原神,已实名,1600.0
原神,未绑定/未实名,6500.0
原神,未绑定/未实名,1700.0
原神,未绑定/未实名,3888.0
原神,未绑定/未实名,1680.0
原神,未绑定/未实名,500.0
原神,邮箱不出售/其他邮箱,2500.0
原神,已实名,8100.0
原神,邮箱不出售/其他邮箱,500.0
原神,已实名,3800.0
原神,未绑定/未实名,5500.0
原神,未绑定/未实名,1000.0
原神,未绑定/未实名,2998.0
原神,未绑定/未实名,2899.0
原神,邮箱不出售/其他邮箱,3600.0
三角洲行动,错误数据,130.0
三角洲行动,可二次实名,399.0
三角洲行动,可二次实名,1500.0
三角洲行动,可二次实名,1200.0
三角洲行动,可二次实名,1300.0
三角洲行动,可二次实名,3299.0
三角洲行动,不可二次/死实名,950.0
三角洲行动,不可二次/死实名,599.0
三角洲行动,可二次实名,1000.0
三角洲行动,不可二次/死实名,1188.0
三角洲行动,不可二次/死实名,288.0
三角洲行动,不可二次/死实名,200.0
三角洲行动,不可二次/死实名,1788.0
三角洲行动,不可二次/死实名,389.0
三角洲行动,不可二次/死实名,420.0
三角洲行动,不可二次/死实名,600.0
三角洲行动,可二次实名,650.0
三角洲行动,可二次实名,1300.0
三角洲行动,不可二次/死实名,1400.0
三角洲行动,可二次实名,569.0
三角洲行动,不可二次/死实名,580.0
三角洲行动,不可二次/死实名,1300.0
三角洲行动,可二次实名,288.0
三角洲行动,不可二次/死实名,100.0
三角洲行动,可二次实名,550.0
三角洲行动,可二次实名,675.0
三角洲行动,不可二次/死实名,285.0
三角洲行动,不可二次/死实名,1888.0
三角洲行动,可二次实名,1600.0
三角洲行动,不可二次/死实名,750.0
三角洲行动,不可二次/死实名,1580.0
三角洲行动,可二次实名,350.0
三角洲行动,可二次实名,155.0
三角洲行动,不可二次/死实名,1200.0
三角洲行动,可二次实名,780.0
三角洲行动,不可二次/死实名,1350.0
三角洲行动,不可二次/死实名,550.0
三角洲行动,不可二次/死实名,2888.0
三角洲行动,不可二次/死实名,1699.0
三角洲行动,不可二次/死实名,1000.0
三角洲行动,可二次实名,1100.0
三角洲行动,可二次实名,1000.0
三角洲行动,可二次实名,850.0
三角洲行动,可二次实名,850.88
三角洲行动,不可二次/死实名,1800.0
三角洲行动,可二次实名,1000.0
三角洲行动,可二次实名,690.0
三角洲行动,不可二次/死实名,60.0
三角洲行动,可二次实名,1263.5
三角洲行动,不可二次/死实名,850.0
三角洲行动,不可二次/死实名,530.0
三角洲行动,不可二次/死实名,1099.0
三角洲行动,不可二次/死实名,488.0
三角洲行动,不可二次/死实名,300.0
三角洲行动,可二次实名,350.0
三角洲行动,不可二次/死实名,1200.0
三角洲行动,不可二次/死实名,277.0
三角洲行动,可二次实名,1288.0
三角洲行动,不可二次/死实名,222.0
三角洲行动,不可二次/死实名,1999.0
三角洲行动,可二次实名,60.0
三角洲行动,不可二次/死实名,999.0
三角洲行动,不可二次/死实名,850.0
三角洲行动,可二次实名,288.0
三角洲行动,不可二次/死实名,888.0
三角洲行动,可二次实名,800.0
三角洲行动,不可二次/死实名,260.0
三角洲行动,不可二次/死实名,1495.0
三角洲行动,不可二次/死实名,150.0
三角洲行动,不可二次/死实名,1600.0
三角洲行动,可二次实名,788.0
三角洲行动,不可二次/死实名,1950.0
三角洲行动,可二次实名,1780.0
三角洲行动,可二次实名,1000.0
三角洲行动,可二次实名,250.0
三角洲行动,可二次实名,550.0
三角洲行动,可二次实名,400.0
三角洲行动,可二次实名,1500.0
三角洲行动,可二次实名,450.0
三角洲行动,可二次实名,180.0
三角洲行动,可二次实名,38000.0
三角洲行动,可二次实名,1000.0
三角洲行动,不可二次/死实名,450.0
三角洲行动,不可二次/死实名,308.0
三角洲行动,不可二次/死实名,688.0
三角洲行动,可二次实名,2320.0
三角洲行动,不可二次/死实名,780.0
三角洲行动,可二次实名,4500.0
三角洲行动,可二次实名,843.0
三角洲行动,不可二次/死实名,370.0
三角洲行动,可二次实名,2830.0
三角洲行动,可二次实名,2200.0
三角洲行动,不可二次/死实名,3999.0
三角洲行动,不可二次/死实名,550.0
三角洲行动,不可二次/死实名,248.0
三角洲行动,不可二次/死实名,800.0
三角洲行动,不可二次/死实名,1500.0
三角洲行动,不可二次/死实名,206.0
三角洲行动,不可二次/死实名,820.0
三角洲行动,不可二次/死实名,700.0
三角洲行动,不可二次/死实名,900.0
三角洲行动,不可二次/死实名,450.0
三角洲行动,可二次实名,950.0
三角洲行动,不可二次/死实名,630.0
三角洲行动,不可二次/死实名,510.0
三角洲行动,可二次实名,800.0
三角洲行动,可二次实名,500.0
三角洲行动,不可二次/死实名,2499.0
三角洲行动,不可二次/死实名,1300.0
三角洲行动,可二次实名,280.0
三角洲行动,不可二次/死实名,140.0
三角洲行动,不可二次/死实名,580.0
三角洲行动,不可二次/死实名,980.0
三角洲行动,不可二次/死实名,1600.0
三角洲行动,不可二次/死实名,800.0
三角洲行动,不可二次/死实名,550.0
三角洲行动,可二次实名,250.0
三角洲行动,可二次实名,3000.0
三角洲行动,不可二次/死实名,600.0
三角洲行动,可二次实名,1400.0
三角洲行动,不可二次/死实名,600.0
三角洲行动,不可二次/死实名,1200.0
三角洲行动,不可二次/死实名,1200.0
三角洲行动,可二次实名,50.0
三角洲行动,可二次实名,450.0
三角洲行动,不可二次/死实名,199.99
三角洲行动,可二次实名,788.0
三角洲行动,不可二次/死实名,2300.0
三角洲行动,可二次实名,2222.0
三角洲行动,可二次实名,1200.0
三角洲行动,不可二次/死实名,500.0
三角洲行动,不可二次/死实名,1100.0
三角洲行动,不可二次/死实名,800.0
三角洲行动,可二次实名,1795.0
三角洲行动,不可二次/死实名,399.0
三角洲行动,不可二次/死实名,1050.0
三角洲行动,不可二次/死实名,6298.0
三角洲行动,不可二次/死实名,1980.0
三角洲行动,不可二次/死实名,110.0
三角洲行动,不可二次/死实名,2258.0
三角洲行动,不可二次/死实名,298.0
三角洲行动,可二次实名,1059.0
三角洲行动,不可二次/死实名,200.0
三角洲行动,不可二次/死实名,640.0
三角洲行动,不可二次/死实名,700.0
三角洲行动,可二次实名,80.0
三角洲行动,不可二次/死实名,478.0
三角洲行动,错误数据,50.0
三角洲行动,不可二次/死实名,780.0
三角洲行动,可二次实名,1200.0
三角洲行动,可二次实名,600.0
三角洲行动,可二次实名,700.0
三角洲行动,可二次实名,500.0
三角洲行动,可二次实名,3000.0
三角洲行动,可二次实名,388.0
三角洲行动,不可二次/死实名,1100.0
三角洲行动,可二次实名,1800.0
三角洲行动,不可二次/死实名,1499.0
三角洲行动,可二次实名,3000.0
三角洲行动,可二次实名,2100.0
三角洲行动,不可二次/死实名,210.0
三角洲行动,可二次实名,588.0
三角洲行动,可二次实名,700.0
三角洲行动,可二次实名,600.0
三角洲行动,不可二次/死实名,550.0
三角洲行动,不可二次/死实名,2388.0
三角洲行动,不可二次/死实名,500.0
三角洲行动,不可二次/死实名,230.0
三角洲行动,可二次实名,1999.0
三角洲行动,不可二次/死实名,2688.0
三角洲行动,不可二次/死实名,999.0
三角洲行动,错误数据,50.0
三角洲行动,不可二次/死实名,480.0
三角洲行动,可二次实名,270.0
三角洲行动,不可二次/死实名,850.0
三角洲行动,可二次实名,849.9
三角洲行动,不可二次/死实名,999.0
三角洲行动,可二次实名,500.0
三角洲行动,可二次实名,4500.0
三角洲行动,不可二次/死实名,280.0
三角洲行动,不可二次/死实名,1299.0
三角洲行动,不可二次/死实名,950.0
三角洲行动,可二次实名,2350.0
三角洲行动,可二次实名,800.0
三角洲行动,不可二次/死实名,390.0
三角洲行动,不可二次/死实名,4000.0
三角洲行动,不可二次/死实名,1288.0
三角洲行动,不可二次/死实名,330.0
三角洲行动,不可二次/死实名,666.0
三角洲行动,可二次实名,1799.0
三角洲行动,不可二次/死实名,350.0
三角洲行动,可二次实名,550.0
三角洲行动,可二次实名,1073.0
三角洲行动,可二次实名,4500.0
三角洲行动,不可二次/死实名,400.0
三角洲行动,可二次实名,1088.0
三角洲行动,不可二次/死实名,188.0
三角洲行动,不可二次/死实名,960.0
三角洲行动,不可二次/死实名,750.0
三角洲行动,不可二次/死实名,330.0
三角洲行动,不可二次/死实名,999.0
三角洲行动,可二次实名,1400.0
三角洲行动,可二次实名,888.0
三角洲行动,不可二次/死实名,500.0
三角洲行动,不可二次/死实名,699.0
三角洲行动,不可二次/死实名,550.0
三角洲行动,不可二次/死实名,999.0
三角洲行动,可二次实名,1500.0
三角洲行动,不可二次/死实名,100.0
三角洲行动,不可二次/死实名,400.0
三角洲行动,不可二次/死实名,900.0
三角洲行动,不可二次/死实名,800.0
三角洲行动,不可二次/死实名,800.0
三角洲行动,可二次实名,2088.0
三角洲行动,不可二次/死实名,550.0
三角洲行动,可二次实名,966.0
三角洲行动,可二次实名,350.0
三角洲行动,不可二次/死实名,400.0
三角洲行动,可二次实名,100.0
三角洲行动,不可二次/死实名,3200.0
三角洲行动,不可二次/死实名,500.0
三角洲行动,可二次实名,450.0
三角洲行动,不可二次/死实名,470.0
三角洲行动,不可二次/死实名,850.0
三角洲行动,可二次实名,600.0
三角洲行动,可二次实名,588.0
三角洲行动,可二次实名,200.0
三角洲行动,不可二次/死实名,380.0
三角洲行动,不可二次/死实名,3688.0
三角洲行动,可二次实名,200.0
三角洲行动,不可二次/死实名,800.0
三角洲行动,可二次实名,720.0
三角洲行动,可二次实名,1000.0
三角洲行动,可二次实名,1688.0
三角洲行动,可二次实名,3799.0
三角洲行动,可二次实名,380.0
三角洲行动,不可二次/死实名,1500.0
三角洲行动,不可二次/死实名,2500.0
三角洲行动,不可二次/死实名,850.0
三角洲行动,不可二次/死实名,690.0
三角洲行动,可二次实名,1200.0
三角洲行动,不可二次/死实名,266.0
三角洲行动,不可二次/死实名,1000.0
三角洲行动,错误数据,388.0
三角洲行动,不可二次/死实名,699.0
三角洲行动,不可二次/死实名,948.0
三角洲行动,不可二次/死实名,559.0
三角洲行动,不可二次/死实名,320.0
三角洲行动,不可二次/死实名,750.0
三角洲行动,不可二次/死实名,930.0
三角洲行动,不可二次/死实名,1750.0
三角洲行动,可二次实名,2999.0
三角洲行动,可二次实名,1500.0
三角洲行动,不可二次/死实名,2000.0
三角洲行动,可二次实名,830.0
三角洲行动,可二次实名,266.0
三角洲行动,可二次实名,1680.0
三角洲行动,不可二次/死实名,1388.0
三角洲行动,错误数据,300.0
三角洲行动,不可二次/死实名,730.0
三角洲行动,不可二次/死实名,180.0
三角洲行动,不可二次/死实名,550.0
三角洲行动,不可二次/死实名,380.0
三角洲行动,可二次实名,333.0
三角洲行动,不可二次/死实名,600.0
三角洲行动,可二次实名,2400.0
三角洲行动,不可二次/死实名,1050.0
三角洲行动,不可二次/死实名,580.0
三角洲行动,可二次实名,1790.0
三角洲行动,可二次实名,700.0
三角洲行动,可二次实名,588.0
三角洲行动,不可二次/死实名,660.0
三角洲行动,不可二次/死实名,699.0
三角洲行动,不可二次/死实名,1320.0
三角洲行动,可二次实名,1350.0
三角洲行动,不可二次/死实名,4798.0
三角洲行动,不可二次/死实名,2800.0
三角洲行动,可二次实名,700.0
三角洲行动,不可二次/死实名,350.0
三角洲行动,不可二次/死实名,80.0
三角洲行动,可二次实名,400.0
三角洲行动,可二次实名,1288.0
三角洲行动,可二次实名,750.0
三角洲行动,可二次实名,1688.0
三角洲行动,可二次实名,1300.0
三角洲行动,不可二次/死实名,200.0
三角洲行动,可二次实名,2200.0
三角洲行动,不可二次/死实名,850.0
三角洲行动,不可二次/死实名,1266.0
三角洲行动,错误数据,688.0
三角洲行动,不可二次/死实名,110.0
三角洲行动,可二次实名,399.0
三角洲行动,不可二次/死实名,1250.0
三角洲行动,不可二次/死实名,299.0
三角洲行动,不可二次/死实名,240.0
三角洲行动,可二次实名,1598.0
三角洲行动,不可二次/死实名,700.0
三角洲行动,可二次实名,1750.0
三角洲行动,不可二次/死实名,850.0
三角洲行动,不可二次/死实名,60.0
三角洲行动,可二次实名,210.0
三角洲行动,不可二次/死实名,1400.0
三角洲行动,不可二次/死实名,230.0
三角洲行动,不可二次/死实名,5888.0
三角洲行动,可二次实名,688.0
三角洲行动,不可二次/死实名,999.0
三角洲行动,不可二次/死实名,1150.0
三角洲行动,不可二次/死实名,250.0
三角洲行动,不可二次/死实名,550.0
三角洲行动,不可二次/死实名,200.0
三角洲行动,可二次实名,1488.0
三角洲行动,不可二次/死实名,900.0
三角洲行动,可二次实名,666.0
三角洲行动,不可二次/死实名,1666.0
三角洲行动,不可二次/死实名,1788.0
三角洲行动,不可二次/死实名,750.0
三角洲行动,不可二次/死实名,900.0
三角洲行动,不可二次/死实名,230.0
三角洲行动,可二次实名,1800.0
三角洲行动,可二次实名,1400.0
三角洲行动,错误数据,599.0
三角洲行动,可二次实名,350.0
三角洲行动,可二次实名,1500.0
三角洲行动,不可二次/死实名,350.0
三角洲行动,不可二次/死实名,600.0
三角洲行动,不可二次/死实名,820.0
三角洲行动,不可二次/死实名,688.0
三角洲行动,可二次实名,280.0
三角洲行动,不可二次/死实名,320.0
三角洲行动,不可二次/死实名,130.0
三角洲行动,不可二次/死实名,820.0
三角洲行动,不可二次/死实名,50.0
三角洲行动,不可二次/死实名,900.0
三角洲行动,可二次实名,3119.0
三角洲行动,可二次实名,999.0
三角洲行动,可二次实名,488.0
三角洲行动,不可二次/死实名,400.0
三角洲行动,不可二次/死实名,150.0
三角洲行动,可二次实名,580.0
三角洲行动,不可二次/死实名,550.0
三角洲行动,不可二次/死实名,550.0
三角洲行动,不可二次/死实名,5000.0
三角洲行动,不可二次/死实名,1800.0
三角洲行动,可二次实名,500.0
三角洲行动,不可二次/死实名,420.0
三角洲行动,不可二次/死实名,1579.0
三角洲行动,不可二次/死实名,480.0
三角洲行动,可二次实名,130.0
三角洲行动,不可二次/死实名,230.0
三角洲行动,不可二次/死实名,1099.0
三角洲行动,不可二次/死实名,950.0
三角洲行动,不可二次/死实名,303.0
三角洲行动,不可二次/死实名,978.0
三角洲行动,可二次实名,1650.0
三角洲行动,不可二次/死实名,488.0
三角洲行动,不可二次/死实名,3500.0
三角洲行动,不可二次/死实名,850.0
三角洲行动,不可二次/死实名,545.0
三角洲行动,可二次实名,2052.0
三角洲行动,可二次实名,130.0
三角洲行动,可二次实名,320.0
三角洲行动,可二次实名,140.0
三角洲行动,可二次实名,3000.0
三角洲行动,不可二次/死实名,150.0
三角洲行动,可二次实名,120.0
三角洲行动,不可二次/死实名,1500.0
三角洲行动,不可二次/死实名,210.0
三角洲行动,可二次实名,1399.0
三角洲行动,不可二次/死实名,268.0
三角洲行动,可二次实名,1000.0
三角洲行动,可二次实名,1100.0
三角洲行动,可二次实名,450.0
三角洲行动,不可二次/死实名,688.0
三角洲行动,不可二次/死实名,200.0
三角洲行动,不可二次/死实名,488.0
三角洲行动,可二次实名,699.0
三角洲行动,不可二次/死实名,8000.0
三角洲行动,可二次实名,737.0
三角洲行动,可二次实名,1980.0
三角洲行动,不可二次/死实名,760.0
三角洲行动,可二次实名,590.0
三角洲行动,不可二次/死实名,750.0
三角洲行动,可二次实名,688.0
三角洲行动,可二次实名,1700.0
三角洲行动,不可二次/死实名,300.0
三角洲行动,不可二次/死实名,2599.0
三角洲行动,不可二次/死实名,999.0
三角洲行动,不可二次/死实名,199.0
三角洲行动,可二次实名,3388.0
三角洲行动,不可二次/死实名,1150.0
三角洲行动,可二次实名,1188.0
三角洲行动,不可二次/死实名,562.0
三角洲行动,不可二次/死实名,999.0
三角洲行动,可二次实名,550.0
三角洲行动,可二次实名,400.0
三角洲行动,不可二次/死实名,266.0
三角洲行动,不可二次/死实名,1088.0
三角洲行动,不可二次/死实名,285.0
三角洲行动,可二次实名,800.0
三角洲行动,可二次实名,1700.0
三角洲行动,不可二次/死实名,1300.0
三角洲行动,可二次实名,650.0
三角洲行动,可二次实名,5000.0
三角洲行动,可二次实名,410.0
三角洲行动,不可二次/死实名,209.1
三角洲行动,可二次实名,1888.0
三角洲行动,不可二次/死实名,888.0
三角洲行动,可二次实名,700.0
三角洲行动,可二次实名,310.0
三角洲行动,可二次实名,1300.0
三角洲行动,不可二次/死实名,900.0
三角洲行动,可二次实名,1688.0
三角洲行动,可二次实名,330.0
三角洲行动,错误数据,140.0
三角洲行动,不可二次/死实名,400.0
三角洲行动,不可二次/死实名,888.0
三角洲行动,不可二次/死实名,1688.0
三角洲行动,可二次实名,140.0
三角洲行动,不可二次/死实名,539.0
三角洲行动,不可二次/死实名,400.0
三角洲行动,不可二次/死实名,1500.0
三角洲行动,不可二次/死实名,2600.0
三角洲行动,可二次实名,700.0
三角洲行动,可二次实名,380.0
三角洲行动,可二次实名,9000.0
三角洲行动,可二次实名,650.0
三角洲行动,错误数据,50.0
三角洲行动,不可二次/死实名,800.0
三角洲行动,不可二次/死实名,155.0
三角洲行动,不可二次/死实名,860.0
三角洲行动,不可二次/死实名,3399.0
三角洲行动,可二次实名,6999.0
三角洲行动,不可二次/死实名,1400.0
三角洲行动,不可二次/死实名,325.0
三角洲行动,不可二次/死实名,438.0
三角洲行动,不可二次/死实名,380.0
三角洲行动,可二次实名,3158.0
三角洲行动,不可二次/死实名,600.0
三角洲行动,可二次实名,600.0
三角洲行动,不可二次/死实名,750.0
三角洲行动,可二次实名,2180.0
三角洲行动,不可二次/死实名,760.0
三角洲行动,可二次实名,850.0
三角洲行动,可二次实名,1200.0
三角洲行动,不可二次/死实名,700.0
三角洲行动,可二次实名,650.0
三角洲行动,可二次实名,876.0
三角洲行动,可二次实名,488.0
三角洲行动,不可二次/死实名,250.0
三角洲行动,不可二次/死实名,358.0
三角洲行动,不可二次/死实名,1100.0
三角洲行动,不可二次/死实名,400.0
三角洲行动,可二次实名,728.0
三角洲行动,可二次实名,620.0
三角洲行动,不可二次/死实名,850.0
三角洲行动,不可二次/死实名,330.0
三角洲行动,不可二次/死实名,799.0
三角洲行动,不可二次/死实名,4500.0
三角洲行动,不可二次/死实名,450.0
三角洲行动,不可二次/死实名,800.0
三角洲行动,可二次实名,1100.0
三角洲行动,可二次实名,750.0
三角洲行动,不可二次/死实名,350.0
三角洲行动,不可二次/死实名,1800.0
三角洲行动,不可二次/死实名,139.0
三角洲行动,不可二次/死实名,1008.0
三角洲行动,不可二次/死实名,690.0
三角洲行动,可二次实名,1350.0
三角洲行动,可二次实名,4999.0
三角洲行动,不可二次/死实名,1388.0
三角洲行动,可二次实名,500.0
三角洲行动,不可二次/死实名,650.0
三角洲行动,不可二次/死实名,820.0
三角洲行动,不可二次/死实名,850.0
三角洲行动,不可二次/死实名,367.0
三角洲行动,不可二次/死实名,450.0
三角洲行动,不可二次/死实名,180.0
三角洲行动,不可二次/死实名,200.0
三角洲行动,不可二次/死实名,420.0
三角洲行动,不可二次/死实名,4800.0
三角洲行动,不可二次/死实名,600.0
三角洲行动,不可二次/死实名,380.0
三角洲行动,可二次实名,1950.0
三角洲行动,不可二次/死实名,900.0
三角洲行动,可二次实名,650.0
三角洲行动,可二次实名,430.0
三角洲行动,不可二次/死实名,200.0
三角洲行动,不可二次/死实名,750.0
三角洲行动,不可二次/死实名,450.0
三角洲行动,可二次实名,2360.0
三角洲行动,不可二次/死实名,1400.0
三角洲行动,不可二次/死实名,850.0
三角洲行动,不可二次/死实名,1600.0
三角洲行动,不可二次/死实名,1550.0
三角洲行动,可二次实名,500.0
三角洲行动,可二次实名,260.0
三角洲行动,不可二次/死实名,550.0
三角洲行动,不可二次/死实名,5917.0
三角洲行动,可二次实名,920.0
三角洲行动,可二次实名,4999.0
三角洲行动,不可二次/死实名,888.0
三角洲行动,不可二次/死实名,4850.0
三角洲行动,可二次实名,580.0
三角洲行动,可二次实名,688.0
三角洲行动,错误数据,120.0
三角洲行动,错误数据,1300.0
三角洲行动,不可二次/死实名,1800.0
三角洲行动,不可二次/死实名,600.0
三角洲行动,可二次实名,888.0
三角洲行动,不可二次/死实名,1595.0
三角洲行动,不可二次/死实名,1800.0
三角洲行动,不可二次/死实名,720.0
三角洲行动,可二次实名,2100.0
三角洲行动,可二次实名,750.0
三角洲行动,可二次实名,3188.0
三角洲行动,不可二次/死实名,949.0
三角洲行动,不可二次/死实名,788.0
三角洲行动,不可二次/死实名,580.0
三角洲行动,可二次实名,1089.0
三角洲行动,不可二次/死实名,999.0
三角洲行动,不可二次/死实名,130.0
三角洲行动,可二次实名,1888.0
三角洲行动,可二次实名,1200.0
三角洲行动,不可二次/死实名,450.0
三角洲行动,可二次实名,1000.0
三角洲行动,可二次实名,650.0
三角洲行动,不可二次/死实名,333.0
三角洲行动,不可二次/死实名,739.0
三角洲行动,可二次实名,900.0
三角洲行动,不可二次/死实名,1050.0
三角洲行动,可二次实名,130.0
三角洲行动,可二次实名,300.0
三角洲行动,可二次实名,330.0
三角洲行动,可二次实名,1200.0
三角洲行动,不可二次/死实名,150.0
三角洲行动,不可二次/死实名,550.0
三角洲行动,错误数据,1100.0
三角洲行动,可二次实名,999.0
三角洲行动,不可二次/死实名,450.0
三角洲行动,不可二次/死实名,1100.0
三角洲行动,不可二次/死实名,1055.0
三角洲行动,不可二次/死实名,1150.0
三角洲行动,可二次实名,250.0
三角洲行动,不可二次/死实名,350.0
三角洲行动,可二次实名,1000.0
三角洲行动,不可二次/死实名,666.0
三角洲行动,不可二次/死实名,2188.0
三角洲行动,可二次实名,1688.0
三角洲行动,可二次实名,4900.0
三角洲行动,可二次实名,798.0
三角洲行动,不可二次/死实名,2300.0
三角洲行动,不可二次/死实名,828.0
三角洲行动,不可二次/死实名,680.0
三角洲行动,不可二次/死实名,1550.0
三角洲行动,错误数据,260.0
三角洲行动,不可二次/死实名,750.0
三角洲行动,可二次实名,688.0
三角洲行动,可二次实名,900.0
三角洲行动,不可二次/死实名,900.0
三角洲行动,不可二次/死实名,830.0
三角洲行动,可二次实名,1300.0
三角洲行动,可二次实名,2520.0
三角洲行动,不可二次/死实名,238.0
三角洲行动,不可二次/死实名,2850.0
三角洲行动,不可二次/死实名,330.0
三角洲行动,不可二次/死实名,999.0
三角洲行动,不可二次/死实名,600.0
三角洲行动,可二次实名,200.0
三角洲行动,可二次实名,530.0
三角洲行动,不可二次/死实名,2200.0
三角洲行动,不可二次/死实名,2000.0
三角洲行动,不可二次/死实名,180.0
三角洲行动,不可二次/死实名,230.0
三角洲行动,不可二次/死实名,7100.0
三角洲行动,可二次实名,758.0
三角洲行动,可二次实名,650.0
三角洲行动,可二次实名,400.0
三角洲行动,不可二次/死实名,430.0
三角洲行动,可二次实名,640.0
三角洲行动,可二次实名,740.0
三角洲行动,可二次实名,1750.0
三角洲行动,可二次实名,450.0
三角洲行动,不可二次/死实名,900.0
三角洲行动,可二次实名,788.0
三角洲行动,不可二次/死实名,10500.0
三角洲行动,可二次实名,947.5
三角洲行动,错误数据,200.0
三角洲行动,错误数据,1800.0
三角洲行动,不可二次/死实名,2750.0
三角洲行动,可二次实名,1474.0
三角洲行动,可二次实名,900.0
三角洲行动,不可二次/死实名,1200.0
三角洲行动,可二次实名,460.0
三角洲行动,不可二次/死实名,230.0
三角洲行动,可二次实名,488.0
三角洲行动,不可二次/死实名,1399.0
三角洲行动,可二次实名,988.0
三角洲行动,可二次实名,11999.0
三角洲行动,可二次实名,1950.0
三角洲行动,不可二次/死实名,328.0
三角洲行动,不可二次/死实名,1688.0
三角洲行动,可二次实名,1840.0
三角洲行动,不可二次/死实名,800.0
三角洲行动,不可二次/死实名,280.0
三角洲行动,不可二次/死实名,700.0
三角洲行动,不可二次/死实名,320.0
三角洲行动,不可二次/死实名,200.0
三角洲行动,可二次实名,400.0
三角洲行动,不可二次/死实名,480.0
三角洲行动,不可二次/死实名,1793.0
三角洲行动,不可二次/死实名,170.0
三角洲行动,不可二次/死实名,2400.0
三角洲行动,错误数据,70.0
三角洲行动,错误数据,600.0
三角洲行动,不可二次/死实名,2106.0
三角洲行动,不可二次/死实名,150.0
三角洲行动,可二次实名,450.0
三角洲行动,不可二次/死实名,266.0
三角洲行动,不可二次/死实名,1500.0
三角洲行动,不可二次/死实名,455.0
三角洲行动,不可二次/死实名,988.0
三角洲行动,不可二次/死实名,1299.0
三角洲行动,可二次实名,550.0
三角洲行动,可二次实名,3300.0
三角洲行动,可二次实名,3450.0
三角洲行动,可二次实名,1800.0
三角洲行动,不可二次/死实名,1688.0
三角洲行动,错误数据,50.0
三角洲行动,不可二次/死实名,1850.0
三角洲行动,不可二次/死实名,1000.0
三角洲行动,不可二次/死实名,630.0
三角洲行动,可二次实名,1499.0
三角洲行动,不可二次/死实名,210.0
三角洲行动,可二次实名,1050.0
三角洲行动,不可二次/死实名,450.0
三角洲行动,不可二次/死实名,888.0
三角洲行动,可二次实名,700.0
三角洲行动,错误数据,398.0
三角洲行动,可二次实名,690.0
三角洲行动,可二次实名,999.0
三角洲行动,可二次实名,600.0
三角洲行动,不可二次/死实名,1300.0
三角洲行动,不可二次/死实名,150.0
三角洲行动,不可二次/死实名,950.0
三角洲行动,错误数据,135.0
三角洲行动,不可二次/死实名,400.0
三角洲行动,可二次实名,250.0
三角洲行动,不可二次/死实名,900.0
三角洲行动,不可二次/死实名,550.0
三角洲行动,不可二次/死实名,600.0
三角洲行动,不可二次/死实名,1150.0
三角洲行动,可二次实名,255.0
三角洲行动,可二次实名,600.0
三角洲行动,不可二次/死实名,988.0
三角洲行动,不可二次/死实名,1588.0
三角洲行动,可二次实名,762.0
三角洲行动,可二次实名,3888.0
三角洲行动,可二次实名,599.99
三角洲行动,不可二次/死实名,350.0
三角洲行动,不可二次/死实名,180.0
三角洲行动,不可二次/死实名,388.0
三角洲行动,不可二次/死实名,1600.0
三角洲行动,不可二次/死实名,900.0
三角洲行动,不可二次/死实名,2199.0
三角洲行动,不可二次/死实名,3750.0
三角洲行动,不可二次/死实名,1880.0
三角洲行动,不可二次/死实名,966.0
三角洲行动,不可二次/死实名,2388.0
三角洲行动,不可二次/死实名,520.0
三角洲行动,不可二次/死实名,1620.0
三角洲行动,不可二次/死实名,130.0
三角洲行动,可二次实名,688.0
三角洲行动,可二次实名,366.0
三角洲行动,可二次实名,850.0
三角洲行动,不可二次/死实名,700.0
三角洲行动,可二次实名,450.0
三角洲行动,不可二次/死实名,3100.0
三角洲行动,不可二次/死实名,300.0
三角洲行动,可二次实名,888.0
三角洲行动,可二次实名,988.0
三角洲行动,可二次实名,899.0
三角洲行动,可二次实名,500.0
三角洲行动,不可二次/死实名,800.0
三角洲行动,不可二次/死实名,210.0
三角洲行动,不可二次/死实名,970.0
三角洲行动,可二次实名,2200.0
三角洲行动,不可二次/死实名,7488.0
三角洲行动,可二次实名,1478.0
三角洲行动,可二次实名,1200.0
三角洲行动,不可二次/死实名,829.0
三角洲行动,可二次实名,1700.0
三角洲行动,可二次实名,2288.0
三角洲行动,不可二次/死实名,650.0
三角洲行动,可二次实名,319.0
三角洲行动,可二次实名,5600.0
三角洲行动,可二次实名,350.0
三角洲行动,可二次实名,688.0
三角洲行动,不可二次/死实名,1800.0
三角洲行动,可二次实名,2000.0
三角洲行动,不可二次/死实名,888.0
三角洲行动,不可二次/死实名,588.0
三角洲行动,不可二次/死实名,600.0
三角洲行动,不可二次/死实名,555.0
三角洲行动,可二次实名,600.0
三角洲行动,不可二次/死实名,1250.0
三角洲行动,不可二次/死实名,1288.0
三角洲行动,可二次实名,1499.0
三角洲行动,不可二次/死实名,996.0
三角洲行动,不可二次/死实名,1300.0
三角洲行动,不可二次/死实名,500.0
三角洲行动,不可二次/死实名,4300.0
三角洲行动,可二次实名,1500.0
三角洲行动,不可二次/死实名,600.0
三角洲行动,不可二次/死实名,2000.0
三角洲行动,不可二次/死实名,600.0
三角洲行动,可二次实名,888.0
三角洲行动,不可二次/死实名,2188.0
三角洲行动,不可二次/死实名,600.0
三角洲行动,不可二次/死实名,700.0
三角洲行动,不可二次/死实名,1699.0
三角洲行动,不可二次/死实名,850.0
三角洲行动,不可二次/死实名,1500.0
三角洲行动,不可二次/死实名,3188.0
三角洲行动,可二次实名,1055.0
三角洲行动,不可二次/死实名,1000.0
三角洲行动,可二次实名,11888.0
三角洲行动,可二次实名,6000.0
三角洲行动,可二次实名,1200.0
三角洲行动,可二次实名,2500.0
三角洲行动,可二次实名,2680.0
三角洲行动,不可二次/死实名,1411.0
三角洲行动,可二次实名,1380.0
三角洲行动,可二次实名,750.0
三角洲行动,可二次实名,631.0
三角洲行动,可二次实名,1600.0
三角洲行动,不可二次/死实名,1080.0
三角洲行动,不可二次/死实名,999.0
三角洲行动,不可二次/死实名,1400.0
三角洲行动,可二次实名,1100.0
三角洲行动,不可二次/死实名,600.0
三角洲行动,可二次实名,580.0
三角洲行动,不可二次/死实名,550.0
三角洲行动,不可二次/死实名,680.0
三角洲行动,可二次实名,1350.0
三角洲行动,不可二次/死实名,700.0
三角洲行动,可二次实名,850.0
三角洲行动,可二次实名,2200.0
三角洲行动,不可二次/死实名,2000.0
三角洲行动,不可二次/死实名,1200.0
三角洲行动,可二次实名,700.0
三角洲行动,可二次实名,888.0
三角洲行动,可二次实名,2350.0
三角洲行动,不可二次/死实名,1599.0
三角洲行动,不可二次/死实名,2300.0
三角洲行动,不可二次/死实名,1050.0
三角洲行动,不可二次/死实名,2100.0
三角洲行动,不可二次/死实名,666.0
三角洲行动,可二次实名,1736.0
三角洲行动,可二次实名,760.0
三角洲行动,可二次实名,650.0
三角洲行动,不可二次/死实名,2500.0
三角洲行动,不可二次/死实名,1288.0
三角洲行动,不可二次/死实名,1766.0
三角洲行动,不可二次/死实名,888.0
三角洲行动,可二次实名,788.0
三角洲行动,不可二次/死实名,2488.0
三角洲行动,不可二次/死实名,578.0
三角洲行动,不可二次/死实名,1264.0
三角洲行动,不可二次/死实名,730.0
三角洲行动,可二次实名,1950.0
三角洲行动,可二次实名,870.0
三角洲行动,不可二次/死实名,3900.0
三角洲行动,可二次实名,950.0
三角洲行动,不可二次/死实名,666.0
三角洲行动,可二次实名,650.0
三角洲行动,不可二次/死实名,1100.0
三角洲行动,不可二次/死实名,538.0
三角洲行动,不可二次/死实名,1000.0
三角洲行动,不可二次/死实名,800.0
三角洲行动,可二次实名,2000.0
三角洲行动,可二次实名,899.0
三角洲行动,可二次实名,950.0
三角洲行动,不可二次/死实名,685.0
三角洲行动,不可二次/死实名,1369.0
三角洲行动,不可二次/死实名,800.0
三角洲行动,可二次实名,1088.0
三角洲行动,不可二次/死实名,1900.0
三角洲行动,不可二次/死实名,4900.0
三角洲行动,不可二次/死实名,1200.0
三角洲行动,不可二次/死实名,2700.0
三角洲行动,不可二次/死实名,1450.0
三角洲行动,不可二次/死实名,900.0
三角洲行动,不可二次/死实名,680.0
三角洲行动,不可二次/死实名,950.0
三角洲行动,不可二次/死实名,750.0
三角洲行动,可二次实名,770.0
三角洲行动,不可二次/死实名,886.0
三角洲行动,可二次实名,1688.0
三角洲行动,可二次实名,1199.0
三角洲行动,可二次实名,900.0
三角洲行动,不可二次/死实名,1500.0
三角洲行动,可二次实名,588.0
三角洲行动,不可二次/死实名,1200.0
三角洲行动,可二次实名,1248.0
三角洲行动,不可二次/死实名,1999.0
三角洲行动,可二次实名,7400.0
三角洲行动,不可二次/死实名,1150.0
三角洲行动,不可二次/死实名,1280.0
三角洲行动,可二次实名,1788.0
三角洲行动,不可二次/死实名,1000.0
三角洲行动,不可二次/死实名,700.0
三角洲行动,不可二次/死实名,730.0
三角洲行动,可二次实名,2688.0
三角洲行动,不可二次/死实名,750.0
三角洲行动,可二次实名,1750.0
三角洲行动,可二次实名,4998.0
三角洲行动,不可二次/死实名,1200.0
三角洲行动,可二次实名,980.0
三角洲行动,可二次实名,4300.0
三角洲行动,可二次实名,650.0
三角洲行动,不可二次/死实名,1388.0
三角洲行动,可二次实名,930.0
三角洲行动,不可二次/死实名,666.0
三角洲行动,可二次实名,999.0
三角洲行动,不可二次/死实名,850.0
三角洲行动,可二次实名,1488.0
三角洲行动,不可二次/死实名,1399.0
三角洲行动,不可二次/死实名,632.0
三角洲行动,不可二次/死实名,710.0
三角洲行动,不可二次/死实名,500.0
三角洲行动,不可二次/死实名,850.0
三角洲行动,不可二次/死实名,2299.0
三角洲行动,不可二次/死实名,935.0
三角洲行动,可二次实名,950.0
三角洲行动,可二次实名,1249.0
三角洲行动,不可二次/死实名,850.0
三角洲行动,可二次实名,600.0
三角洲行动,可二次实名,588.0
三角洲行动,不可二次/死实名,500.0
三角洲行动,不可二次/死实名,520.0
三角洲行动,可二次实名,1299.0
三角洲行动,可二次实名,2000.0
三角洲行动,不可二次/死实名,850.0
三角洲行动,不可二次/死实名,888.0
三角洲行动,不可二次/死实名,700.0
三角洲行动,不可二次/死实名,800.0
三角洲行动,可二次实名,1300.0
三角洲行动,不可二次/死实名,700.0
三角洲行动,可二次实名,1350.0
三角洲行动,不可二次/死实名,999.0
三角洲行动,不可二次/死实名,500.0
三角洲行动,不可二次/死实名,800.0
三角洲行动,可二次实名,5200.0
三角洲行动,可二次实名,788.0
三角洲行动,不可二次/死实名,788.0
三角洲行动,不可二次/死实名,2000.0
三角洲行动,可二次实名,1500.0
三角洲行动,可二次实名,1600.0
三角洲行动,可二次实名,1800.0
三角洲行动,可二次实名,2888.0
三角洲行动,不可二次/死实名,1200.0
三角洲行动,不可二次/死实名,750.0
三角洲行动,不可二次/死实名,800.0
三角洲行动,不可二次/死实名,2700.0
三角洲行动,不可二次/死实名,988.0
三角洲行动,不可二次/死实名,650.0
三角洲行动,不可二次/死实名,679.0
三角洲行动,不可二次/死实名,750.0
三角洲行动,不可二次/死实名,1150.0
三角洲行动,可二次实名,1300.0
三角洲行动,不可二次/死实名,1108.0
三角洲行动,不可二次/死实名,1200.0
三角洲行动,可二次实名,3900.0
三角洲行动,不可二次/死实名,1000.0
三角洲行动,不可二次/死实名,1300.0
三角洲行动,不可二次/死实名,680.0
三角洲行动,可二次实名,1060.0
三角洲行动,可二次实名,888.0
三角洲行动,不可二次/死实名,720.0
三角洲行动,不可二次/死实名,3999.0
三角洲行动,不可二次/死实名,780.0
三角洲行动,可二次实名,550.0
三角洲行动,不可二次/死实名,1688.0
三角洲行动,不可二次/死实名,2106.0
三角洲行动,不可二次/死实名,588.0
三角洲行动,可二次实名,850.0
三角洲行动,可二次实名,566.0
三角洲行动,不可二次/死实名,1300.0
三角洲行动,不可二次/死实名,600.0
三角洲行动,不可二次/死实名,550.0
三角洲行动,不可二次/死实名,2169.0
三角洲行动,不可二次/死实名,1000.0
三角洲行动,可二次实名,1450.0
三角洲行动,不可二次/死实名,550.0
三角洲行动,不可二次/死实名,999.0
三角洲行动,不可二次/死实名,540.0
三角洲行动,不可二次/死实名,1180.0
三角洲行动,可二次实名,600.0
三角洲行动,可二次实名,999.0
三角洲行动,可二次实名,1148.0
三角洲行动,不可二次/死实名,2199.0
三角洲行动,不可二次/死实名,1000.0
三角洲行动,不可二次/死实名,1420.0
三角洲行动,可二次实名,600.0
三角洲行动,不可二次/死实名,558.0
三角洲行动,不可二次/死实名,688.0
三角洲行动,可二次实名,669.0
三角洲行动,可二次实名,1300.0
三角洲行动,可二次实名,600.0
三角洲行动,不可二次/死实名,1188.0
三角洲行动,不可二次/死实名,1000.0
三角洲行动,可二次实名,1320.0
三角洲行动,不可二次/死实名,580.0
三角洲行动,不可二次/死实名,1200.0
三角洲行动,可二次实名,1800.0
三角洲行动,不可二次/死实名,800.0
三角洲行动,可二次实名,1088.0
三角洲行动,不可二次/死实名,800.0
三角洲行动,可二次实名,1200.0
三角洲行动,不可二次/死实名,700.0
三角洲行动,不可二次/死实名,660.0
三角洲行动,可二次实名,2500.0
三角洲行动,可二次实名,800.0
三角洲行动,不可二次/死实名,600.0
三角洲行动,可二次实名,1340.0
