productId,price,productName,showTitle,gameName,createTime
2058201340313705533,140.0,"60级，43黄，男主，24个五星角色：3命迪卢克, 2命七七, 1命提纳里, 恰斯卡, 芙宁娜, 钟离, 闲云, 流浪者, 枫原万叶, 魈, 丝柯克, 赛诺, 雷电将军, 刻晴, 基尼奇, 纳西妲, 那维莱特, 夜兰, 阿蕾奇诺, 莫娜, 荒泷一斗, 琴, 迪希雅, 梦见月瑞希，13个五星武器：精1星鹫赤羽, 精1薙草之稻光, 精1天空之翼, 精1苍耀, 精1冲浪时光, 精1波乱月白经津, 精1千夜浮梦, 精1天空之刃, 精1四风原典, 精1天空之傲, 精1天空之翼, 精1天空之卷, 精1赤月之形，四星角色：5命班尼特，7套时装：帆影游风, 极夜真梦, 岁夜欢哗, 雨化竹身, 炽绘奇旅, 叶隐芳名, 倩影游侠，原石 58，圣遗物 1471【邮箱未绑定】【邮箱未绑定】【官方截图】",等级60 黄数43 主角男主 五星角色24 五星武器13 原石58 圣遗物1471 时装数量7,原神,2026-03-12 21:51:27
2058340159488092922,180.0,"55级，16黄，女主，10个五星角色：2命那维莱特, 1命七七, 1命莫娜, 芙宁娜, 希诺宁, 玛薇卡, 阿蕾奇诺, 梦见月瑞希, 琴, 迪希雅，2个五星武器：精1万世流涌大典, 精1阿莫斯之弓，1套时装：岁夜欢哗，原石 55，圣遗物 232【邮箱不出售】【邮箱不出售】【官方截图】",等级55 黄数16 主角女主 五星角色10 五星武器2 原石55 圣遗物232 时装数量1,原神,2026-03-12 23:41:47
2058328449106799962,1088.0,"60级，154黄，女主，37个五星角色：满命甘雨, 满命纳西妲, 满命宵宫, 满命胡桃, 满命莫娜, 满命迪卢克, 满命琴, 5命七七, 5命迪希雅, 4命刻晴, 3命雷电将军, 2命芙宁娜, 2命夜兰, 1命希诺宁, 1命千织, 1命那维莱特, 可莉, 枫原万叶, 法尔伽, 提纳里, 娜维娅, 钟离, 闲云, 流浪者, 魈, 温迪, 申鹤, 优菈, 神里绫华, 克洛琳德, 八重神子, 白术, 艾尔海森, 玛拉妮, 珊瑚宫心海, 达达利亚, 埃洛伊，25个五星武器：精5和璞鸢, 精4狼的末路, 精3飞雷之弦振, 精3四风原典, 精3阿莫斯之弓, 精3护摩之杖, 精3天空之刃, 精3风鹰剑, 精3天空之脊, 精2天空之卷, 精2天空之傲, 精2天空之翼, 精2贯虹之槊, 精2千夜浮梦, 精2和璞鸢, 精1苇海信标, 精1若水, 精1冬极白星, 精1赤沙之杖, 精1薙草之稻光, 精1岩峰巡歌, 精1裁叶萃光, 精1万世流涌大典, 精1雾切之回光, 精1无工之剑，8套时装：帆影游风, 极夜真梦, 闪耀协奏, 雨化竹身, 纱中幽兰, 叶隐芳名, 殷红终夜, 霓裾翩跹，纠缠之源 2，原石 1，圣遗物 973【邮箱不出售】【邮箱不出售】【官方截图】",等级60 黄数154 主角女主 五星角色37 五星武器25 纠缠之源2 原石1 圣遗物973 时装数量8,原神,2026-03-12 23:32:28
2057692444099024513,650.0,"60级，57黄，女主，20个五星角色：满命阿蕾奇诺, 4命哥伦比娅, 4命提纳里, 3命雷电将军, 3命琴, 2命莫娜, 2命迪希雅, 1命甘雨, 1命妮露, 1命刻晴, 1命七七, 菲林斯, 希诺宁, 枫原万叶, 魈, 纳西妲, 夜兰, 温迪, 梦见月瑞希, 迪卢克，9个五星武器：精1帷间夜曲, 精1狼的末路, 精1赤月之形, 精1风鹰剑, 精1护摩之杖, 精1圣显之钥, 精1天空之刃, 精1风鹰剑, 精1阿莫斯之弓，2套时装：叶隐芳名, 雨化竹身，原石 8，圣遗物 468【邮箱未绑定】【邮箱未绑定】【官方截图】",等级60 黄数57 主角女主 五星角色20 五星武器9 原石8 圣遗物468 时装数量2,原神,2026-03-12 15:07:01
2058293303050878601,700.0,"58级，25黄，女主，10个五星角色：满命哥伦比娅, 2命迪卢克, 2命迪希雅, 1命琴, 兹白, 丝柯克, 伊涅芙, 梦见月瑞希, 刻晴, 七七，4个五星武器：精1帷间夜曲, 精1支离轮光, 精1天空之刃, 精1天空之翼，2套时装：玲雨听竹, 炽绘奇旅，原石 1104，圣遗物 503【邮箱未绑定】【邮箱未绑定】【官方截图】",等级58 黄数25 主角女主 五星角色10 五星武器4 原石1104 圣遗物503 时装数量2,原神,2026-03-12 23:04:32
2057740447744320341,280.0,58级，25黄，男主，12个五星角色:2命琴，2命玛薇卡，2命梦见月瑞希，1命刻晴，1命莫娜，1命恰斯卡，芙宁娜，迪希雅，哥伦比娅，伊涅芙，菈乌玛，菲林斯，4个五星武器:精1阿莫斯之弓，精1帷间夜曲，精1和璞鸢，精1天空之傲   纠缠之源3，原石210 圣遗物1482 【邮箱未实名】【网易邮箱出售】【官方截图】,等级58 黄数25 主角男主 五星角色12 五星武器4 纠缠之源3 原石210 圣遗物1482,原神,2026-03-12 15:45:10
2058328289607830403,1000.0,"60级，57黄，女主，16个五星角色：满命阿蕾奇诺, 满命闲云, 3命迪希雅, 2命希诺宁, 2命茜特菈莉, 2命莫娜, 2命迪卢克, 1命芙宁娜, 1命那维莱特, 1命刻晴, 枫原万叶, 丝柯克, 八重神子, 纳西妲, 提纳里, 七七，10个五星武器：精3最初的大魔术, 精3鹤鸣余音, 精2赤月之形, 精1天空之脊, 精1阿莫斯之弓, 精1万世流涌大典, 精1和璞鸢, 精1四风原典, 精1苍古自由之誓, 精1狼的末路，3套时装：雨化竹身, 倩影游侠, 岁夜欢哗，纠缠之源 5，原石 626，圣遗物 311【邮箱未实名】【网易邮箱出售】【官方截图】",等级60 黄数57 主角女主 五星角色16 五星武器10 纠缠之源5 原石626 圣遗物311 时装数量3,原神,2026-03-12 23:32:21
2058306345124763343,100.0,"55级，17黄，男主，12个五星角色：2命莫娜, 1命刻晴, 1命琴, 1命七七, 神里绫华, 哥伦比娅, 钟离, 枫原万叶, 宵宫, 荒泷一斗, 那维莱特, 提纳里，2套时装：玲雨听竹, 叶隐芳名，原石 29，圣遗物 420【邮箱未绑定】【邮箱未绑定】【官方截图】",等级55 黄数17 主角男主 五星角色12 原石29 圣遗物420 时装数量2,原神,2026-03-12 23:14:54
2057933075005980167,1440.0,"60级，112黄，男主，35个五星角色：满命千织, 满命阿蕾奇诺, 满命迪卢克, 满命七七, 4命莫娜, 4命琴, 2命希诺宁, 2命哥伦比娅, 2命夜兰, 2命迪希雅, 1命荒泷一斗, 1命闲云, 1命流浪者, 1命优菈, 1命神里绫华, 1命提纳里, 1命胡桃, 伊涅芙, 兹白, 杜林, 钟离, 恰斯卡, 枫原万叶, 莱欧斯利, 甘雨, 克洛琳德, 雷电将军, 艾尔海森, 纳西妲, 玛拉妮, 芙宁娜, 神里绫人, 宵宫, 珊瑚宫心海, 刻晴，24个五星武器：精3阿莫斯之弓, 精3天空之卷, 精2有乐御簾切, 精2不灭月华, 精1飞雷之弦振, 精1图莱杜拉的回忆, 精1若水, 精1千夜浮梦, 精1裁叶萃光, 精1冬极白星, 精1支离轮光, 精1波乱月白经津, 精1赤月之形, 精1雾切之回光, 精1天空之翼, 精1护摩之杖, 精1风鹰剑, 精1帷间夜曲, 精1赤角石溃杵, 精1冲浪时光, 精1岩峰巡歌, 精1尘世之锁, 精1和璞鸢, 精1天空之翼，7套时装：岁夜欢哗, 帆影游风, 极夜真梦, 玲雨听竹, 叶隐芳名, 雨化竹身, 炽绘奇旅，原石 182，圣遗物 996【邮箱不出售】【邮箱不出售】【官方截图】",等级60 黄数112 主角男主 五星角色35 五星武器24 原石182 圣遗物996 时装数量7,原神,2026-03-12 18:18:15
2058308485284392513,1111.0,"60级，106黄，女主，28个五星角色：满命芙宁娜, 满命夜兰, 满命七七, 4命希诺宁, 4命胡桃, 4命迪希雅, 4命提纳里, 3命雷电将军, 3命迪卢克, 2命丝柯克, 2命钟离, 2命莫娜, 2命优菈, 1命刻晴, 爱可菲, 闲云, 枫原万叶, 茜特菈莉, 瓦雷莎, 菈乌玛, 哥伦比娅, 那维莱特, 玛薇卡, 甘雨, 珊瑚宫心海, 梦见月瑞希, 琴, 埃洛伊，17个五星武器：精5若水, 精5狼的末路, 精5护摩之杖, 精2和璞鸢, 精1松籁响起之时, 精1苍古自由之誓, 精1终末嗟叹之诗, 精1天空之刃, 精1帷间夜曲, 精1天空之傲, 精1天空之脊, 精1天空之卷, 精1苍耀, 精1薙草之稻光, 精1岩峰巡歌, 精1静水流涌之辉, 精1雾切之回光，8套时装：极夜真梦, 闪耀协奏, 炽绘奇旅, 玲雨听竹, 叶隐芳名, 纱中幽兰, 莘露的赠礼, 倩影游侠，纠缠之源 5，原石 9086，圣遗物 1676【邮箱未实名】【网易邮箱出售】【官方截图】",等级60 黄数106 主角女主 五星角色28 五星武器17 纠缠之源5 原石9086 圣遗物1676 时装数量8,原神,2026-03-12 23:16:36
2058285444792796230,2600.0,"60级，114黄，男主，35个五星角色：满命恰斯卡, 满命丝柯克, 满命七七, 满命刻晴, 满命那维莱特, 满命莫娜, 5命提纳里, 5命迪卢克, 2命神里绫华, 2命雷电将军, 2命夜兰, 1命甘雨, 1命胡桃, 1命琴, 1命迪希雅, 茜特菈莉, 玛薇卡, 钟离, 申鹤, 希诺宁, 阿贝多, 闲云, 枫原万叶, 温迪, 优菈, 八重神子, 纳西妲, 玛拉妮, 芙宁娜, 珊瑚宫心海, 宵宫, 可莉, 埃洛伊, 菲林斯, 兹白，22个五星武器：精3星鹫赤羽, 精1薙草之稻光, 精1天空之傲, 精1若水, 精1息灾, 精1苍耀, 精1阿莫斯之弓, 精1护摩之杖, 精1雾切之回光, 精1天空之翼, 精1焚曜千阳, 精1苍古自由之誓, 精1万世流涌大典, 精1赤角石溃杵, 精1天空之刃, 精1四风原典, 精1无工之剑, 精1风鹰剑, 精1四风原典, 精1狼的末路, 精1和璞鸢, 精1阿莫斯之弓，18套时装：海风之梦, 帆影游风, 极夜真梦, 玄玉瑶芳, 岁夜欢哗, 闪耀协奏, 雨化竹身, 炽绘奇旅, 花时来信, 纱中幽兰, 叶隐芳名, 殷红终夜, 宿雪桃红, 冷花幽露, 静暇雅宴, 霓裾翩跹, 琪花星烛, 倩影游侠，纠缠之源 60，原石 1161，圣遗物 1233【邮箱不出售】【邮箱不出售】【官方截图】",等级60 黄数114 主角男主 五星角色35 五星武器22 纠缠之源60 原石1161 圣遗物1233 时装数量18,原神,2026-03-12 22:58:18
2057306214400520874,460.0,"60级，56黄，女主，26个五星角色：4命迪卢克, 3命琴, 2命芙宁娜, 2命刻晴, 1命提纳里, 1命那维莱特, 1命迪希雅, 哥伦比娅, 菈乌玛, 奈芙尔, 钟离, 希诺宁, 娜维娅, 梦见月瑞希, 闲云, 枫原万叶, 丝柯克, 茜特菈莉, 雷电将军, 纳西妲, 夜兰, 玛薇卡, 阿蕾奇诺, 宵宫, 七七, 莫娜，16个五星武器：精1若水, 精1薙草之稻光, 精1波乱月白经津, 精1阿莫斯之弓, 精1和璞鸢, 精1天空之脊, 精1天空之翼, 精1天空之脊, 精1天空之翼, 精1焚曜千阳, 精1祭星者之望, 精1天空之傲, 精1万世流涌大典, 精1圣显之钥, 精1天空之卷, 精1波乱月白经津，7套时装：雨化竹身, 炽绘奇旅, 岁夜欢哗, 帆影游风, 叶隐芳名, 玲雨听竹, 倩影游侠，纠缠之源 24，原石 87，圣遗物 1891【邮箱不出售】【邮箱不出售】【官方截图】",等级60 黄数56 主角女主 五星角色26 五星武器16 纠缠之源24 原石87 圣遗物1891 时装数量7,原神,2026-03-12 10:00:04
2057693430579210095,315.0,"59级，54黄，女主，21个五星角色：满命神里绫华, 4命琴, 3命迪卢克, 2命钟离, 2命七七, 1命那维莱特, 1命流浪者, 枫原万叶, 雷电将军, 夜兰, 达达利亚, 胡桃, 爱可菲, 申鹤, 优菈, 可莉, 珊瑚宫心海, 莫娜, 刻晴, 埃洛伊, 迪希雅，15个五星武器：精1冬极白星, 精1阿莫斯之弓, 精1山王长牙, 精1万世流涌大典, 精1护摩之杖, 精1四风原典, 精1狼的末路, 精1息灾, 精1风鹰剑, 精1松籁响起之时, 精1四风原典, 精1雾切之回光, 精1裁叶萃光, 精1天空之刃, 精1天空之翼，5套时装：极夜真梦, 叶隐芳名, 纱中幽兰, 花时来信, 帆影游风，原石 78，圣遗物 1955【邮箱不出售】【邮箱不出售】【官方截图】",等级59 黄数54 主角女主 五星角色21 五星武器15 原石78 圣遗物1955 时装数量5,原神,2026-03-12 15:07:48
2056562124309184587,400.0,"60级，75黄，女主，32个五星角色：满命七七, 满命迪卢克, 1命琴, 1命甘雨, 1命夜兰, 1命阿蕾奇诺, 1命胡桃, 1命梦见月瑞希, 瓦雷莎, 玛薇卡, 可莉, 希诺宁, 钟离, 流浪者, 枫原万叶, 温迪, 茜特菈莉, 申鹤, 神里绫华, 八重神子, 雷电将军, 奈芙尔, 菈乌玛, 纳西妲, 哥伦比娅, 芙宁娜, 妮露, 神里绫人, 珊瑚宫心海, 迪希雅, 宵宫, 提纳里，23个五星武器：精2天空之卷, 精2阿莫斯之弓, 精1飞雷之弦振, 精1四风原典, 精1焚曜千阳, 精1若水, 精1狼的末路, 精1终末嗟叹之诗, 精1赤月之形, 精1天空之傲, 精1赤沙之杖, 精1静水流涌之辉, 精1天空之翼, 精1和璞鸢, 精1雾切之回光, 精1千夜浮梦, 精1天空之脊, 精1天空之刃, 精1尘世之锁, 精1护摩之杖, 精1风鹰剑, 精1天空之翼, 精1天空之刃，7套时装：帆影游风, 炽绘奇旅, 极夜真梦, 叶隐芳名, 玲雨听竹, 纱中幽兰, 雨化竹身，原石 194，圣遗物 1199【QQ邮箱不出售】【QQ邮箱】【官方截图】",等级60 黄数75 主角女主 五星角色32 五星武器23 原石194 圣遗物1199 时装数量7,原神,2026-03-12 00:08:43
1979797167883131881,3100.0,"60级，97黄，女主，26个五星角色：满命阿蕾奇诺, 5命迪卢克, 3命七七, 2命枫原万叶, 2命魈, 2命刻晴, 2命钟离, 2命琴, 2命雷电将军, 2命纳西妲, 2命妮露, 1命甘雨, 1命达达利亚, 夜兰, 温迪, 芙宁娜, 申鹤, 提纳里, 神里绫人, 珊瑚宫心海, 宵宫, 可莉, 梦见月瑞希, 埃洛伊, 莫娜, 迪希雅，21个五星武器：精5天空之翼, 精4风鹰剑, 精4四风原典, 精3天空之刃, 精3无工之剑, 精3赤月之形, 精2和璞鸢, 精2狼的末路, 精2天空之傲, 精1飞雷之弦振, 精1薙草之稻光, 精1冬极白星, 精1息灾, 精1阿莫斯之弓, 精1最初的大魔术, 精1尘世之锁, 精1千夜浮梦, 精1天空之卷, 精1圣显之钥, 精1磐岩结绿, 精1斫峰之刃，17套时装：纱中幽兰, 岁夜欢哗, 叶隐芳名, 静暇雅宴, 闪耀协奏, 琪花星烛, 玄玉瑶芳, 极夜真梦, 海风之梦, 倩影游侠, 殷红终夜, 莎邦之息, 霓裾蹁跹, 冷花幽露, 雨化竹身, 帆影游风, 炽绘奇旅，纠缠之源 158，原石 172396，圣遗物 1651【邮箱不出售】【邮箱不出售】【官方截图】",等级60 黄数97 主角女主 五星角色26 五星武器21 纠缠之源158 原石172396 圣遗物1651 时装数量17,原神,2026-01-28 15:21:25
2058304185058168734,900.0,"60级，67黄，女主，43个五星角色：4命莫娜, 3命七七, 3命迪卢克, 3命琴, 1命胡桃, 1命刻晴, 1命提纳里, 1命迪希雅, 1命梦见月瑞希, 芙宁娜, 瓦雷莎, 希诺宁, 纳西妲, 钟离, 流浪者, 枫原万叶, 温迪, 茜特菈莉, 甘雨, 雷电将军, 那维莱特, 玛薇卡, 魈, 达达利亚, 娜维娅, 恰斯卡, 闲云, 丝柯克, 申鹤, 优菈, 神里绫华, 八重神子, 基尼奇, 玛拉妮, 妮露, 神里绫人, 夜兰, 阿蕾奇诺, 宵宫, 珊瑚宫心海, 菲林斯, 奈芙尔, 兹白，6个五星武器：精1阿莫斯之弓, 精1四风原典, 精1狼的末路, 精1风鹰剑, 精1狼的末路, 精1风鹰剑，8套时装：极夜真梦, 叶隐芳名, 纱中幽兰, 雨化竹身, 炽绘奇旅, 岁夜欢哗, 倩影游侠, 帆影游风，原石 215，圣遗物 2403【邮箱已注销】【邮箱未绑定】【官方截图】",等级60 黄数67 主角女主 五星角色43 五星武器6 原石215 圣遗物2403 时装数量8,原神,2026-03-12 23:13:11
2057238725591312653,280.0,"56级，14黄，女主，9个五星角色：2命莫娜, 1命奈芙尔, 1命提纳里, 菈乌玛, 哥伦比娅, 伊涅芙, 菲林斯, 琴, 七七，1个五星武器：精1天空之刃，四星角色：5命班尼特，1套时装：玲雨听竹，原石 28，圣遗物 1903【邮箱未绑定】【邮箱未绑定】【官方截图】",等级56 黄数14 主角女主 五星角色9 五星武器1 原石28 圣遗物1903 时装数量1,原神,2026-03-12 09:06:26
2058170856407748157,6999.0,"60级，172黄，男主，34个五星角色：满命恰斯卡, 满命克洛琳德, 满命菈乌玛, 满命阿蕾奇诺, 满命纳西妲, 满命林尼, 满命琴, 满命刻晴, 满命提纳里, 满命莫娜, 满命七七, 3命奈芙尔, 3命迪希雅, 2命芙宁娜, 2命哥伦比娅, 2命妮露, 2命雷电将军, 2命夜兰, 2命迪卢克, 1命梦见月瑞希, 1命胡桃, 茜特菈莉, 希诺宁, 钟离, 闲云, 枫原万叶, 温迪, 甘雨, 白术, 玛薇卡, 可莉, 艾尔海森, 流浪者, 埃洛伊，24个五星武器：精5最初的大魔术, 精5四风原典, 精5赦罪, 精5赤月之形, 精5纺夜天镜, 精4天空之傲, 精3天空之脊, 精3裁叶萃光, 精2阿莫斯之弓, 精2静水流涌之辉, 精1星鹫赤羽, 精1千夜浮梦, 精1岩峰巡歌, 精1终末嗟叹之诗, 精1有乐御簾切, 精1薙草之稻光, 精1天空之翼, 精1真语秘匣, 精1护摩之杖, 精1圣显之钥, 精1天空之刃, 精1苇海信标, 精1天空之卷, 精1天空之翼，8套时装：帆影游风, 雨化竹身, 闪耀协奏, 叶隐芳名, 炽绘奇旅, 琪花星烛, 极夜真梦, 纱中幽兰，纠缠之源 137，原石 140，圣遗物 1120【邮箱实名】【网易邮箱出售】【官方截图】",等级60 黄数172 主角男主 五星角色34 五星武器24 纠缠之源137 原石140 圣遗物1120 时装数量8,原神,2026-03-12 21:27:14
2054630438092870823,150.0,"57级，20黄，男主，12个五星角色：3命提纳里, 茜特菈莉, 丝柯克, 钟离, 阿蕾奇诺, 希诺宁, 芙宁娜, 那维莱特, 胡桃, 迪希雅, 七七, 莫娜，5个五星武器：精1和璞鸢, 精1岩峰巡歌, 精1狼的末路, 精1阿莫斯之弓, 精1阿莫斯之弓，2套时装：岁夜欢哗, 炽绘奇旅，原石 325，圣遗物 129【邮箱不出售】【邮箱不出售】【官方截图】",等级57 黄数20 主角男主 五星角色12 五星武器5 原石325 圣遗物129 时装数量2,原神,2026-03-10 22:33:33
2058094342308674298,599.0,"59级，32黄，男主，16个五星角色：3命莫娜, 2命玛薇卡, 1命神里绫华, 1命那维莱特, 1命迪卢克, 希诺宁, 瓦雷莎, 茜特菈莉, 娜维娅, 枫原万叶, 菲林斯, 伊涅芙, 哥伦比娅, 芙宁娜, 梦见月瑞希, 刻晴，7个五星武器：精2风鹰剑, 精1溢彩心念, 精1万世流涌大典, 精1血染荒城, 精1柔灯挽歌, 精1息灾, 精1焚曜千阳，2套时装：炽绘奇旅, 玲雨听竹，原石 9，圣遗物 247【邮箱未绑定】【邮箱未绑定】【官方截图】",等级59 黄数32 主角男主 五星角色16 五星武器7 原石9 圣遗物247 时装数量2,原神,2026-03-12 20:26:25
2050544511058298532,4766.0,"60级，178黄，女主，48个五星角色：满命那维莱特, 满命丝柯克, 满命芙宁娜, 满命流浪者, 满命夜兰, 满命阿蕾奇诺, 满命雷电将军, 满命提纳里, 满命迪希雅, 满命迪卢克, 5命琴, 5命刻晴, 5命七七, 3命莫娜, 2命枫原万叶, 2命闲云, 2命玛薇卡, 2命申鹤, 2命神里绫华, 1命胡桃, 1命梦见月瑞希, 钟离, 恰斯卡, 茜特菈莉, 瓦雷莎, 哥伦比娅, 希诺宁, 千织, 娜维娅, 魈, 温迪, 菲林斯, 伊涅芙, 八重神子, 菈乌玛, 基尼奇, 艾梅莉埃, 白术, 纳西妲, 玛拉妮, 妮露, 珊瑚宫心海, 林尼, 希格雯, 莱欧斯利, 克洛琳德, 优菈, 宵宫，36个五星武器：精5万世流涌大典, 精1猎人之径, 精1鹤鸣余音, 精1和璞鸢, 精1若水, 精1护摩之杖, 精1若水, 精1图莱杜拉的回忆, 精1护摩之杖, 精1天空之翼, 精1血染荒城, 精1护摩之杖, 精1纺夜天镜, 精1赤月之形, 精1护摩之杖, 精1溢彩心念, 精1薙草之稻光, 精1焚曜千阳, 精1祭星者之望, 精1息灾, 精1狼的末路, 精1苍耀, 精1天空之翼, 精1天空之傲, 精1岩峰巡歌, 精1天空之脊, 精1静水流涌之辉, 精1天空之傲, 精1雾切之回光, 精1阿莫斯之弓, 精1苍古自由之誓, 精1阿莫斯之弓, 精1风鹰剑, 精1阿莫斯之弓, 精1阿莫斯之弓, 精1溢彩心念，10套时装：岁夜欢哗, 雨化竹身, 静暇雅宴, 帆影游风, 叶隐芳名, 莘露的赠礼, 炽绘奇旅, 玲雨听竹, 冷花幽露, 倩影游侠，纠缠之源 17，原石 17189，圣遗物 1217【邮箱不出售】【邮箱不出售】【官方截图】",等级60 黄数178 主角女主 五星角色48 五星武器36 纠缠之源17 原石17189 圣遗物1217 时装数量10,原神,2026-03-08 16:26:21
2052271540551810479,200.0,"59级，28黄，女主，18个五星角色：2命刻晴, 1命纳西妲, 1命神里绫华, 1命梦见月瑞希, 1命提纳里, 玛薇卡, 雷电将军, 芙宁娜, 哥伦比娅, 枫原万叶, 夜兰, 阿蕾奇诺, 茜特菈莉, 艾尔海森, 迪卢克, 莫娜, 七七, 迪希雅，4个五星武器：精1静水流涌之辉, 精1天空之刃, 精1四风原典, 精1四风原典，四星角色：5命班尼特，4套时装：倩影游侠, 玲雨听竹, 岁夜欢哗, 炽绘奇旅，原石 893，圣遗物 524【邮箱未绑定】【邮箱未绑定】【官方截图】",等级59 黄数28 主角女主 五星角色18 五星武器4 原石893 圣遗物524 时装数量4,原神,2026-03-09 15:18:52
2054065926554019558,1887.0,"57级，60黄，女主，21个五星角色：满命玛薇卡, 2命茜特菈莉, 2命枫原万叶, 2命丝柯克, 2命菲林斯, 2命雷电将军, 2命提纳里, 1命莫娜, 1命七七, 1命荒泷一斗, 1命梦见月瑞希, 希诺宁, 伊涅芙, 钟离, 温迪, 菈乌玛, 纳西妲, 刻晴, 迪希雅, 迪卢克, 琴，17个五星武器：精1飞雷之弦振, 精1赤沙之杖, 精1柔灯挽歌, 精1纺夜天镜, 精1山王长牙, 精1天空之傲, 精1血染荒城, 精1千夜浮梦, 精1天空之傲, 精1薙草之稻光, 精1猎人之径, 精1焚曜千阳, 精1和璞鸢, 精1苍耀, 精1天空之卷, 精1苍古自由之誓, 精1天空之卷，四星角色：5命班尼特，2套时装：玲雨听竹, 炽绘奇旅，纠缠之源 59，原石 184，圣遗物 217【QQ邮箱不出售】【QQ邮箱】【官方截图】",等级57 黄数60 主角女主 五星角色21 五星武器17 纠缠之源59 原石184 圣遗物217 时装数量2,原神,2026-03-10 15:04:55
2058290310185732773,3299.0,"60级，68黄，男主，28个五星角色：4命刻晴, 3命琴, 2命纳西妲, 2命夜兰, 2命玛薇卡, 1命那维莱特, 1命申鹤, 1命迪卢克, 芙宁娜, 枫原万叶, 伊涅芙, 希诺宁, 荒泷一斗, 钟离, 恰斯卡, 温迪, 茜特菈莉, 甘雨, 神里绫华, 雷电将军, 提纳里, 神里绫人, 珊瑚宫心海, 宵宫, 可莉, 梦见月瑞希, 七七, 迪希雅，20个五星武器：精3天空之脊, 精3四风原典, 精1白雨心弦, 精1息灾, 精1雾切之回光, 精1飞雷之弦振, 精1贯虹之槊, 精1苍古自由之誓, 精1若水, 精1终末嗟叹之诗, 精1护摩之杖, 精1狼的末路, 精1阿莫斯之弓, 精1焚曜千阳, 精1四风原典, 精1万世流涌大典, 精1岩峰巡歌, 精1天空之卷, 精1千夜浮梦, 精1波乱月白经津，10套时装：玲雨听竹, 帆影游风, 雨化竹身, 纱中幽兰, 叶隐芳名, 炽绘奇旅, 闪耀协奏, 极夜真梦, 岁夜欢哗, 倩影游侠，纠缠之源 1319，原石 1037，圣遗物 1306【邮箱未绑定】【邮箱未绑定】【官方截图】",等级60 黄数68 主角男主 五星角色28 五星武器20 纠缠之源1319 原石1037 圣遗物1306 时装数量10,原神,2026-03-12 23:02:10
2057201818173707294,3700.0,"60级，97黄，男主，29个五星角色：满命奈芙尔, 满命夜兰, 满命琴, 满命七七, 4命刻晴, 3命雷电将军, 3命芙宁娜, 3命提纳里, 2命哥伦比娅, 2命菈乌玛, 2命纳西妲, 1命迪希雅, 1命迪卢克, 1命莫娜, 法尔伽, 玛薇卡, 兹白, 希诺宁, 钟离, 茜特菈莉, 伊涅芙, 荒泷一斗, 阿贝多, 枫原万叶, 优菈, 甘雨, 神里绫华, 梦见月瑞希, 埃洛伊，22个五星武器：精2狼的末路, 精1若水, 精1千夜浮梦, 精1朏魄含光, 精1天空之翼, 精1四风原典, 精1静水流涌之辉, 精1帷间夜曲, 精1天空之卷, 精1圣显之钥, 精1真语秘匣, 精1薙草之稻光, 精1天空之刃, 精1纺夜天镜, 精1天空之脊, 精1风鹰剑, 精1万世流涌大典, 精1赤角石溃杵, 精1阿莫斯之弓, 精1千夜浮梦, 精1天空之刃, 精1风鹰剑，11套时装：帆影游风, 炽绘奇旅, 极夜真梦, 莘露的赠礼, 叶隐芳名, 玲雨听竹, 闪耀协奏, 倩影游侠, 岁夜欢哗, 纱中幽兰, 雨化竹身，原石 29，圣遗物 948【邮箱未绑定】【邮箱未绑定】【官方截图】",等级60 黄数97 主角男主 五星角色29 五星武器22 原石29 圣遗物948 时装数量11,原神,2026-03-12 08:37:06
2057940771553407440,8888.0,"60级，122黄，女主，23个五星角色：满命菲林斯, 满命奈芙尔, 满命纳西妲, 满命那维莱特, 满命阿蕾奇诺, 满命琴, 4命迪卢克, 3命莫娜, 3命提纳里, 2命哥伦比娅, 2命希诺宁, 2命菈乌玛, 2命基尼奇, 2命芙宁娜, 2命梦见月瑞希, 1命伊涅芙, 1命兹白, 1命七七, 1命刻晴, 钟离, 枫原万叶, 茜特菈莉, 迪希雅，21个五星武器：精5赤月之形, 精5万世流涌大典, 精5血染荒城, 精2和璞鸢, 精2贯虹之槊, 精2四风原典, 精2天空之刃, 精1波乱月白经津, 精1若水, 精1猎人之径, 精1帷间夜曲, 精1山王长牙, 精1真语秘匣, 精1静水流涌之辉, 精1圣显之钥, 精1千夜浮梦, 精1苍古自由之誓, 精1天空之卷, 精1支离轮光, 精1阿莫斯之弓, 精1天空之脊，2套时装：玲雨听竹, 岁夜欢哗，纠缠之源 5，原石 4715，圣遗物 753【邮箱未绑定】【邮箱未绑定】【官方截图】",等级60 黄数122 主角女主 五星角色23 五星武器21 纠缠之源5 原石4715 圣遗物753 时装数量2,原神,2026-03-12 18:24:22
2006986069196962006,1500.0,"60级，114黄，女主，36个五星角色：满命纳西妲, 满命提纳里, 5命迪卢克, 4命雷电将军, 4命那维莱特, 3命夜兰, 3命琴, 2命芙宁娜, 2命申鹤, 2命钟离, 2命恰斯卡, 2命玛薇卡, 2命枫原万叶, 2命七七, 2命莫娜, 1命胡桃, 1命甘雨, 1命刻晴, 丝柯克, 爱可菲, 希诺宁, 茜特菈莉, 伊涅芙, 哥伦比娅, 魈, 神里绫华, 八重神子, 白术, 妮露, 珊瑚宫心海, 阿蕾奇诺, 林尼, 宵宫, 温迪, 流浪者, 迪希雅，26个五星武器：精2狼的末路, 精2天空之脊, 精1星鹫赤羽, 精1千夜浮梦, 精1护摩之杖, 精1飞雷之弦振, 精1神乐之真意, 精1焚曜千阳, 精1若水, 精1支离轮光, 精1天空之翼, 精1赤月之形, 精1岩峰巡歌, 精1帷间夜曲, 精1薙草之稻光, 精1雾切之回光, 精1祭星者之望, 精1和璞鸢, 精1苍古自由之誓, 精1万世流涌大典, 精1风鹰剑, 精1天空之卷, 精1贯虹之槊, 精1天空之傲, 精1天空之卷, 精1和璞鸢，8套时装：静暇雅宴, 炽绘奇旅, 霓裾翩跹, 莘露的赠礼, 极夜真梦, 岁夜欢哗, 叶隐芳名, 宿雪桃红，原石 12，圣遗物 455【邮箱未绑定】【邮箱未绑定】【官方截图】",等级60 黄数114 主角女主 五星角色36 五星武器26 原石12 圣遗物455 时装数量8,原神,2026-02-12 15:29:13
2052622243595179962,1000.0,"60级，154黄，女主，37个五星角色：满命纳西妲, 满命甘雨, 满命宵宫, 满命胡桃, 满命莫娜, 满命迪卢克, 满命琴, 5命七七, 5命迪希雅, 4命刻晴, 3命雷电将军, 2命芙宁娜, 2命夜兰, 1命希诺宁, 1命千织, 1命那维莱特, 白术, 法尔伽, 提纳里, 娜维娅, 钟离, 闲云, 流浪者, 枫原万叶, 魈, 温迪, 申鹤, 优菈, 神里绫华, 克洛琳德, 八重神子, 艾尔海森, 玛拉妮, 珊瑚宫心海, 达达利亚, 可莉, 埃洛伊，25个五星武器：精5和璞鸢, 精4狼的末路, 精3飞雷之弦振, 精3四风原典, 精3阿莫斯之弓, 精3护摩之杖, 精3天空之刃, 精3风鹰剑, 精3天空之脊, 精2天空之卷, 精2天空之傲, 精2天空之翼, 精2贯虹之槊, 精2千夜浮梦, 精2和璞鸢, 精1苇海信标, 精1若水, 精1冬极白星, 精1赤沙之杖, 精1薙草之稻光, 精1岩峰巡歌, 精1裁叶萃光, 精1万世流涌大典, 精1雾切之回光, 精1无工之剑，8套时装：霓裾翩跹, 雨化竹身, 极夜真梦, 纱中幽兰, 帆影游风, 叶隐芳名, 殷红终夜, 闪耀协奏，纠缠之源 21，原石 59，圣遗物 770【邮箱实名】【网易邮箱出售】【官方截图】",等级60 黄数154 主角女主 五星角色37 五星武器25 纠缠之源21 原石59 圣遗物770 时装数量8,原神,2026-03-09 19:57:35
2057518152581696193,300.0,"58级，28黄，女主，11个五星角色：2命菲林斯, 2命雷电将军, 2命杜林, 2命提纳里, 1命梦见月瑞希, 1命莫娜, 哥伦比娅, 伊涅芙, 琴, 七七, 迪卢克，7个五星武器：精1帷间夜曲, 精1血染荒城, 精1支离轮光, 精1薙草之稻光, 精1黑蚀, 精1天空之刃, 精1支离轮光，1套时装：炽绘奇旅，原石 24，圣遗物 544【邮箱未实名】【网易邮箱出售】【官方截图】",等级58 黄数28 主角女主 五星角色11 五星武器7 原石24 圣遗物544 时装数量1,原神,2026-03-12 12:48:30
2057816997642436612,2500.0,"60级，129黄，女主，34个五星角色：满命莫娜, 满命阿蕾奇诺, 满命迪卢克, 4命希诺宁, 4命琴, 4命刻晴, 3命雷电将军, 3命七七, 2命丝柯克, 2命芙宁娜, 2命恰斯卡, 2命玛薇卡, 2命荒泷一斗, 2命茜特菈莉, 2命纳西妲, 1命梦见月瑞希, 1命奈芙尔, 1命提纳里, 1命那维莱特, 1命夜兰, 1命胡桃, 爱可菲, 可莉, 伊涅芙, 钟离, 枫原万叶, 温迪, 甘雨, 瓦雷莎, 菈乌玛, 哥伦比娅, 玛拉妮, 达达利亚, 埃洛伊，33个五星武器：精4和璞鸢, 精3狼的末路, 精2贯虹之槊, 精2四风原典, 精1星鹫赤羽, 精1真语秘匣, 精1息灾, 精1最初的大魔术, 精1万世流涌大典, 精1飞雷之弦振, 精1千夜浮梦, 精1若水, 精1护摩之杖, 精1阿莫斯之弓, 精1支离轮光, 精1焚曜千阳, 精1天空之翼, 精1赤月之形, 精1裁断, 精1帷间夜曲, 精1薙草之稻光, 精1赤角石溃杵, 精1天空之脊, 精1风鹰剑, 精1苍耀, 精1岩峰巡歌, 精1阿莫斯之弓, 精1静水流涌之辉, 精1碧落之珑, 精1圣显之钥, 精1天空之脊, 精1天空之刃, 精1风鹰剑，11套时装：玲雨听竹, 帆影游风, 雨化竹身, 纱中幽兰, 叶隐芳名, 炽绘奇旅, 静暇雅宴, 极夜真梦, 宿雪桃红, 岁夜欢哗, 倩影游侠，原石 13268，圣遗物 1990【邮箱实名】【网易邮箱出售】【官方截图】",等级60 黄数129 主角女主 五星角色34 五星武器33 原石13268 圣遗物1990 时装数量11,原神,2026-03-12 16:46:00
2058150378209622262,420.0,"60级，79黄，女主，31个五星角色：满命刻晴, 5命迪卢克, 3命莫娜, 1命奈芙尔, 1命丝柯克, 1命甘雨, 1命那维莱特, 1命提纳里, 哥伦比娅, 芙宁娜, 纳西妲, 希诺宁, 娜维娅, 钟离, 梦见月瑞希, 闲云, 流浪者, 枫原万叶, 茜特菈莉, 申鹤, 优菈, 七七, 神里绫华, 克洛琳德, 雷电将军, 白术, 夜兰, 玛薇卡, 可莉, 琴, 埃洛伊，29个五星武器：精2雾切之回光, 精1天空之翼, 精1息灾, 精1狼的末路, 精1帷间夜曲, 精1天空之脊, 精1天空之傲, 精1真语秘匣, 精1护摩之杖, 精1苍耀, 精1万世流涌大典, 精1焚曜千阳, 精1赦罪, 精1千夜浮梦, 精1裁断, 精1静水流涌之辉, 精1碧落之珑, 精1赤角石溃杵, 精1裁叶萃光, 精1四风原典, 精1无工之剑, 精1波乱月白经津, 精1天空之脊, 精1天空之刃, 精1风鹰剑, 精1阿莫斯之弓, 精1天空之卷, 精1和璞鸢, 精1四风原典，9套时装：冷花幽露, 帆影游风, 纱中幽兰, 琪花星烛, 叶隐芳名, 霓裾翩跹, 极夜真梦, 雨化竹身, 闪耀协奏，纠缠之源 31，原石 114，圣遗物 333【邮箱未绑定】【邮箱未绑定】【官方截图】",等级60 黄数79 主角女主 五星角色31 五星武器29 纠缠之源31 原石114 圣遗物333 时装数量9,原神,2026-03-12 21:10:57
2056108989317544459,230.0,"58级，27黄，女主，18个五星角色：1命刻晴, 1命提纳里, 1命琴, 1命七七, 奈芙尔, 芙宁娜, 哥伦比娅, 钟离, 希诺宁, 玛薇卡, 阿蕾奇诺, 胡桃, 茜特菈莉, 雷电将军, 希格雯, 梦见月瑞希, 迪卢克, 迪希雅，5个五星武器：精1焚曜千阳, 精1和璞鸢, 精1黎明破晓之史, 精1祭星者之望, 精1和璞鸢，2套时装：炽绘奇旅, 岁夜欢哗，原石 141，圣遗物 245【邮箱未绑定】【邮箱未绑定】【官方截图】",等级58 黄数27 主角女主 五星角色18 五星武器5 原石141 圣遗物245 时装数量2,原神,2026-03-11 18:08:36
2058100927693562116,1488.0,"60级，82黄，男主，33个五星角色：满命刻晴, 5命提纳里, 4命菲林斯, 4命迪卢克, 2命雷电将军, 2命玛薇卡, 2命芙宁娜, 2命莫娜, 1命钟离, 1命闲云, 1命那维莱特, 1命妮露, 1命胡桃, 枫原万叶, 希诺宁, 温迪, 琴, 丝柯克, 爱可菲, 茜特菈莉, 优菈, 甘雨, 神里绫华, 八重神子, 纳西妲, 哥伦比娅, 夜兰, 珊瑚宫心海, 宵宫, 七七, 迪希雅, 埃洛伊, 梦见月瑞希，18个五星武器：精1最初的大魔术, 精1焚曜千阳, 精1和璞鸢, 精1若水, 精1圣显之钥, 精1风鹰剑, 精1终末嗟叹之诗, 精1波乱月白经津, 精1四风原典, 精1四风原典, 精1天空之刃, 精1和璞鸢, 精1天空之卷, 精1天空之傲, 精1薙草之稻光, 精1血染荒城, 精1尘世之锁, 精1护摩之杖，9套时装：极夜真梦, 玲雨听竹, 叶隐芳名, 纱中幽兰, 雨化竹身, 炽绘奇旅, 岁夜欢哗, 倩影游侠, 帆影游风，原石 967，圣遗物 1177【邮箱未实名】【网易邮箱出售】【官方截图】",等级60 黄数82 主角男主 五星角色33 五星武器18 原石967 圣遗物1177 时装数量9,原神,2026-03-12 20:31:39
2056405654323887129,899.0,"60级，98黄，女主，47个五星角色：满命刻晴, 满命迪卢克, 3命流浪者, 3命莫娜, 2命琴, 2命提纳里, 1命钟离, 1命梦见月瑞希, 1命闲云, 1命七七, 1命迪希雅, 1命胡桃, 阿蕾奇诺, 枫原万叶, 菲林斯, 奈芙尔, 兹白, 希诺宁, 千织, 娜维娅, 恰斯卡, 魈, 温迪, 丝柯克, 爱可菲, 茜特菈莉, 莱欧斯利, 申鹤, 神里绫华, 瓦雷莎, 克洛琳德, 八重神子, 雷电将军, 菈乌玛, 艾梅莉埃, 纳西妲, 玛拉妮, 希格雯, 芙宁娜, 那维莱特, 妮露, 夜兰, 珊瑚宫心海, 达达利亚, 杜林, 玛薇卡, 宵宫，21个五星武器：精2四风原典, 精2万世流涌大典, 精1最初的大魔术, 精1图莱杜拉的回忆, 精1焚曜千阳, 精1若水, 精1不灭月华, 精1苇海信标, 精1若水, 精1天空之傲, 精1阿莫斯之弓, 精1赤月之形, 精1静水流涌之辉, 精1天空之翼, 精1和璞鸢, 精1雾切之回光, 精1冲浪时光, 精1和璞鸢, 精1苍古自由之誓, 精1护摩之杖, 精1天空之刃，17套时装：帆影游风, 海风之梦, 炽绘奇旅, 极夜真梦, 宿雪桃红, 叶隐芳名, 玲雨听竹, 莎邦之息, 霓裾翩跹, 闪耀协奏, 花时来信, 冷花幽露, 殷红终夜, 倩影游侠, 岁夜欢哗, 纱中幽兰, 雨化竹身，原石 113，圣遗物 1036【邮箱不出售】【邮箱不出售】【官方截图】",等级60 黄数98 主角女主 五星角色47 五星武器21 原石113 圣遗物1036 时装数量17,原神,2026-03-11 22:04:22
2058248738325497000,210.0,"60级，55黄，女主，24个五星角色：满命提纳里, 2命刻晴, 2命芙宁娜, 2命迪希雅, 1命那维莱特, 1命莫娜, 1命胡桃, 希格雯, 纳西妲, 哥伦比娅, 菈乌玛, 希诺宁, 钟离, 枫原万叶, 温迪, 甘雨, 七七, 神里绫华, 八重神子, 艾梅莉埃, 神里绫人, 迪卢克, 琴, 埃洛伊，14个五星武器：精3天空之卷, 精2天空之脊, 精1星鹫赤羽, 精1静水流涌之辉, 精1白雨心弦, 精1波乱月白经津, 精1万世流涌大典, 精1雾切之回光, 精1磐岩结绿, 精1和璞鸢, 精1天空之刃, 精1天空之傲, 精1护摩之杖, 精1天空之傲，5套时装：帆影游风, 岁夜欢哗, 花时来信, 纱中幽兰, 倩影游侠，纠缠之源 5，原石 1813，圣遗物 651【邮箱不出售】【邮箱不出售】【官方截图】",等级60 黄数55 主角女主 五星角色24 五星武器14 纠缠之源5 原石1813 圣遗物651 时装数量5,原神,2026-03-12 22:29:07
2058182883901987745,600.0,"60级，84黄，女主，36个五星角色：满命琴, 4命莫娜, 4命迪卢克, 3命七七, 1命哥伦比娅, 1命希诺宁, 1命丝柯克, 1命甘雨, 1命刻晴, 1命提纳里, 1命夜兰, 1命胡桃, 1命迪希雅, 伊涅芙, 菲林斯, 钟离, 梦见月瑞希, 闲云, 枫原万叶, 魈, 温迪, 爱可菲, 茜特菈莉, 优菈, 神里绫华, 八重神子, 雷电将军, 纳西妲, 玛拉妮, 芙宁娜, 那维莱特, 达达利亚, 玛薇卡, 可莉, 奈芙尔, 埃洛伊，20个五星武器：精3天空之脊, 精2阿莫斯之弓, 精1冬极白星, 精1息灾, 精1静水流涌之辉, 精1和璞鸢, 精1雾切之回光, 精1天空之翼, 精1天空之刃, 精1帷间夜曲, 精1护摩之杖, 精1天空之翼, 精1祭星者之望, 精1焚曜千阳, 精1天空之脊, 精1千夜浮梦, 精1天空之傲, 精1风鹰剑, 精1天空之卷, 精1苍耀，11套时装：帆影游风, 极夜真梦, 岁夜欢哗, 闪耀协奏, 雨化竹身, 炽绘奇旅, 花时来信, 玲雨听竹, 叶隐芳名, 琪花星烛, 倩影游侠，纠缠之源 6，原石 5399，圣遗物 2386【邮箱不出售】【邮箱不出售】【官方截图】",等级60 黄数84 主角女主 五星角色36 五星武器20 纠缠之源6 原石5399 圣遗物2386 时装数量11,原神,2026-03-12 21:36:47
2041872452157699241,488.0,"60级，46黄，女主，19个五星角色：4命胡桃, 3命莫娜, 3命迪希雅, 2命兹白, 2命七七, 1命甘雨, 1命娜维娅, 1命刻晴, 1命梦见月瑞希, 1命迪卢克, 哥伦比娅, 芙宁娜, 钟离, 茜特菈莉, 夜兰, 纳西妲, 玛拉妮, 琴, 提纳里，7个五星武器：精2天空之傲, 精1天空之脊, 精1护摩之杖, 精1朏魄含光, 精1阿莫斯之弓, 精1四风原典, 精1和璞鸢，四星角色：5命班尼特，8套时装：叶隐芳名, 帆影游风, 倩影游侠, 雨化竹身, 宿雪桃红, 玲雨听竹, 炽绘奇旅, 玄玉瑶芳，原石 122，圣遗物 348【邮箱未绑定】【邮箱未绑定】【官方截图】",等级60 黄数46 主角女主 五星角色19 五星武器7 原石122 圣遗物348 时装数量8,原神,2026-03-03 21:34:25
2057922921431920604,300.0,"60级，66黄，女主，27个五星角色：4命雷电将军, 4命迪卢克, 4命七七, 3命莫娜, 2命琴, 1命刻晴, 1命荒泷一斗, 1命枫原万叶, 1命胡桃, 1命可莉, 兹白, 钟离, 优菈, 八重神子, 珊瑚宫心海, 阿贝多, 流浪者, 魈, 温迪, 申鹤, 甘雨, 神里绫华, 神里绫人, 达达利亚, 基尼奇, 埃洛伊, 迪希雅，14个五星武器：精3狼的末路, 精2天空之脊, 精2天空之卷, 精1终末嗟叹之诗, 精1和璞鸢, 精1阿莫斯之弓, 精1四风原典, 精1四风原典, 精1磐岩结绿, 精1天空之刃, 精1无工之剑, 精1薙草之稻光, 精1息灾, 精1天空之傲，8套时装：玲雨听竹, 闪耀协奏, 叶隐芳名, 花时来信, 海风之梦, 极夜真梦, 霓裾翩跹, 纱中幽兰，原石 202，圣遗物 223【邮箱未绑定】【邮箱未绑定】【官方截图】",等级60 黄数66 主角女主 五星角色27 五星武器14 原石202 圣遗物223 时装数量8,原神,2026-03-12 18:10:11
2052825940787840254,248.88,"55级，8黄，男主，3个五星角色：2命法尔伽, 迪希雅, 七七，3个五星武器：精1狼的武功歌, 精1天空之刃, 精1天空之翼，1套时装：玲雨听竹，原石 86，圣遗物 102【邮箱未实名】【网易邮箱出售】【官方截图】",等级55 黄数8 主角男主 五星角色3 五星武器3 原石86 圣遗物102 时装数量1,原神,2026-03-09 22:39:28
2021676795740886030,700.0,"60级，73黄，男主，35个五星角色：4命七七, 3命琴, 3命提纳里, 3命莫娜, 3命刻晴, 2命基尼奇, 2命迪卢克, 1命钟离, 1命魈, 1命那维莱特, 1命赛诺, 菲林斯, 哥伦比娅, 伊涅芙, 莱欧斯利, 芙宁娜, 夜兰, 宵宫, 艾梅莉埃, 希诺宁, 荒泷一斗, 枫原万叶, 温迪, 茜特菈莉, 雷电将军, 纳西妲, 杜林, 玛薇卡, 可莉, 闲云, 神里绫华, 珊瑚宫心海, 迪希雅, 梦见月瑞希, 埃洛伊，15个五星武器：精1帷间夜曲, 精1若水, 精1风鹰剑, 精1血染荒城, 精1若水, 精1薙草之稻光, 精1天空之翼, 精1和璞鸢, 精1斫峰之刃, 精1天空之傲, 精1和璞鸢, 精1狼的末路, 精1裁断, 精1狼的末路, 精1阿莫斯之弓，10套时装：帆影游风, 纱中幽兰, 雨化竹身, 琪花星烛, 叶隐芳名, 岁夜欢哗, 倩影游侠, 静暇雅宴, 炽绘奇旅, 极夜真梦，原石 67，圣遗物 691【邮箱未绑定】【邮箱未绑定】【官方截图】",等级60 黄数73 主角男主 五星角色35 五星武器15 原石67 圣遗物691 时装数量10,原神,2026-02-20 18:04:21
2058228434207070773,230.0,"56级，14黄，女主，7个五星角色：2命瓦雷莎, 1命刻晴, 1命莫娜, 兹白, 哥伦比娅, 迪希雅, 梦见月瑞希，3个五星武器：精1溢彩心念, 精1狼的末路, 精1天空之傲，1套时装：玲雨听竹，纠缠之源 6，原石 4248，圣遗物 141【邮箱不出售】【邮箱不出售】【官方截图】",等级56 黄数14 主角女主 五星角色7 五星武器3 纠缠之源6 原石4248 圣遗物141 时装数量1,原神,2026-03-12 22:12:59
2057913739264194316,1400.0,"59级，58黄，女主，20个五星角色：满命那维莱特, 3命玛薇卡, 3命莫娜, 3命刻晴, 2命菲林斯, 2命希诺宁, 2命芙宁娜, 2命迪卢克, 1命申鹤, 1命提纳里, 1命迪希雅, 1命琴, 哥伦比娅, 茜特菈莉, 阿蕾奇诺, 枫原万叶, 钟离, 神里绫人, 梦见月瑞希, 七七，7个五星武器：精3万世流涌大典, 精2焚曜千阳, 精2贯虹之槊, 精1血染荒城, 精1天空之刃, 精1风鹰剑, 精1天空之脊，4套时装：玲雨听竹, 炽绘奇旅, 岁夜欢哗, 莘露的赠礼，纠缠之源 1，原石 3600，圣遗物 515【邮箱实名】【网易邮箱出售】【官方截图】",等级59 黄数58 主角女主 五星角色20 五星武器7 纠缠之源1 原石3600 圣遗物515 时装数量4,原神,2026-03-12 18:02:53
2058242946499026063,1030.0,"60级，87黄，男主，37个五星角色：4命七七, 4命莫娜, 3命玛薇卡, 2命胡桃, 1命哥伦比娅, 1命阿贝多, 1命纳西妲, 1命夜兰, 1命阿蕾奇诺, 1命迪卢克, 1命琴, 1命刻晴, 1命提纳里, 兹白, 钟离, 希诺宁, 娜维娅, 恰斯卡, 流浪者, 枫原万叶, 丝柯克, 爱可菲, 茜特菈莉, 申鹤, 神里绫华, 瓦雷莎, 克洛琳德, 奈芙尔, 菈乌玛, 玛拉妮, 芙宁娜, 妮露, 珊瑚宫心海, 宵宫, 八重神子, 迪希雅, 梦见月瑞希，23个五星武器：精3风鹰剑, 精2四风原典, 精2圣显之钥, 精2赦罪, 精1白雨心弦, 精1千夜浮梦, 精1有乐御簾切, 精1帷间夜曲, 精1静水流涌之辉, 精1真语秘匣, 精1香韵奏者, 精1纺夜天镜, 精1和璞鸢, 精1波乱月白经津, 精1溢彩心念, 精1护摩之杖, 精1天空之刃, 精1图莱杜拉的回忆, 精1焚曜千阳, 精1阿莫斯之弓, 精1千夜浮梦, 精1天空之脊, 精1天空之傲，9套时装：极夜真梦, 岁夜欢哗, 雨化竹身, 炽绘奇旅, 玲雨听竹, 叶隐芳名, 宿雪桃红, 莎邦之息, 倩影游侠，原石 35，圣遗物 1082【邮箱未绑定】【邮箱未绑定】【官方截图】",等级60 黄数87 主角男主 五星角色37 五星武器23 原石35 圣遗物1082 时装数量9,原神,2026-03-12 22:24:31
2058196935803350889,2099.0,"60级，222黄，女主，32个五星角色：满命钟离, 满命八重神子, 满命纳西妲, 满命荒泷一斗, 满命闲云, 满命甘雨, 满命神里绫华, 满命雷电将军, 满命刻晴, 满命夜兰, 满命莫娜, 满命宵宫, 满命胡桃, 满命琴, 满命七七, 4命提纳里, 4命迪卢克, 3命流浪者, 2命枫原万叶, 2命温迪, 2命艾尔海森, 2命芙宁娜, 2命妮露, 2命神里绫人, 2命珊瑚宫心海, 1命魈, 希诺宁, 基尼奇, 白术, 玛拉妮, 可莉, 迪希雅，38个五星武器：精5若水, 精5无工之剑, 精5雾切之回光, 精4和璞鸢, 精3飞雷之弦振, 精3千夜浮梦, 精3神乐之真意, 精3护摩之杖, 精3阿莫斯之弓, 精3赤角石溃杵, 精3天空之翼, 精3波乱月白经津, 精2天空之脊, 精2薙草之稻光, 精2天空之傲, 精2圣显之钥, 精2无工之剑, 精1猎人之径, 精1鹤鸣余音, 精1薙草之稻光, 精1图莱杜拉的回忆, 精1冬极白星, 精1终末嗟叹之诗, 精1不灭月华, 精1护摩之杖, 精1碧落之珑, 精1狼的末路, 精1磐岩结绿, 精1斫峰之刃, 精1静水流涌之辉, 精1苍古自由之誓, 精1风鹰剑, 精1裁叶萃光, 精1苍古自由之誓, 精1风鹰剑, 精1天空之卷, 精1四风原典, 精1雾切之回光，四星角色：5命班尼特，7套时装：帆影游风, 极夜真梦, 玄玉瑶芳, 雨化竹身, 花时来信, 叶隐芳名, 倩影游侠，原石 24，圣遗物 1737【邮箱不出售】【邮箱不出售】【官方截图】",等级60 黄数222 主角女主 五星角色32 五星武器38 原石24 圣遗物1737 时装数量7,原神,2026-03-12 21:47:57
2054524636283237983,70.0,"38级，3黄，男主，3个五星角色：魈, 八重神子, 提纳里，原石 71，圣遗物 135【邮箱未绑定】【邮箱未绑定】【官方截图】",等级38 黄数3 主角男主 五星角色3 原石71 圣遗物135,原神,2026-03-10 21:09:28
2058249428418656424,1100.0,"60级，85黄，女主，33个五星角色：满命莫娜, 5命迪希雅, 4命刻晴, 3命迪卢克, 2命玛薇卡, 2命恰斯卡, 2命纳西妲, 2命芙宁娜, 2命琴, 2命雷电将军, 2命七七, 1命奈芙尔, 1命那维莱特, 1命妮露, 1命夜兰, 1命胡桃, 1命提纳里, 希诺宁, 钟离, 枫原万叶, 神里绫华, 瓦雷莎, 闲云, 温迪, 爱可菲, 茜特菈莉, 伊涅芙, 艾尔海森, 哥伦比娅, 杜林, 流浪者, 甘雨, 梦见月瑞希，14个五星武器：精1若水, 精1天空之脊, 精1阿莫斯之弓, 精1狼的末路, 精1真语秘匣, 精1天空之刃, 精1天空之卷, 精1天空之刃, 精1支离轮光, 精1风鹰剑, 精1息灾, 精1息灾, 精1和璞鸢, 精1和璞鸢，8套时装：岁夜欢哗, 帆影游风, 极夜真梦, 玲雨听竹, 叶隐芳名, 雨化竹身, 炽绘奇旅, 倩影游侠，纠缠之源 81，原石 927，圣遗物 1691【邮箱未绑定】【邮箱未绑定】【官方截图】",等级60 黄数85 主角女主 五星角色33 五星武器14 纠缠之源81 原石927 圣遗物1691 时装数量8,原神,2026-03-12 22:29:40
2056499040092541303,1150.0,"60级，71黄，女主，25个五星角色：4命迪卢克, 3命雷电将军, 3命胡桃, 3命提纳里, 2命丝柯克, 2命甘雨, 2命迪希雅, 2命梦见月瑞希, 1命哥伦比娅, 1命七七, 1命刻晴, 钟离, 恰斯卡, 神里绫华, 伊涅芙, 神里绫人, 宵宫, 希诺宁, 枫原万叶, 茜特菈莉, 菲林斯, 珊瑚宫心海, 莫娜, 荒泷一斗, 琴，17个五星武器：精4星鹫赤羽, 精2终末嗟叹之诗, 精2终末嗟叹之诗, 精1护摩之杖, 精1息灾, 精1阿莫斯之弓, 精1飞雷之弦振, 精1狼的末路, 精1天空之脊, 精1帷间夜曲, 精1磐岩结绿, 精1不灭月华, 精1天空之刃, 精1支离轮光, 精1最初的大魔术, 精1薙草之稻光, 精1天空之卷，6套时装：叶隐芳名, 炽绘奇旅, 岁夜欢哗, 极夜真梦, 帆影游风, 玲雨听竹，纠缠之源 83，原石 322，圣遗物 1327【邮箱实名】【网易邮箱出售】【官方截图】",等级60 黄数71 主角女主 五星角色25 五星武器17 纠缠之源83 原石322 圣遗物1327 时装数量6,原神,2026-03-11 23:18:35
1760965177590606757,600.0,"60级，65黄，女主，26个五星角色：满命夜兰, 4命莫娜, 4命迪卢克, 3命七七, 2命雷电将军, 2命刻晴, 1命琴, 1命提纳里, 1命胡桃, 恰斯卡, 钟离, 流浪者, 枫原万叶, 魈, 温迪, 申鹤, 神里绫华, 八重神子, 纳西妲, 芙宁娜, 那维莱特, 珊瑚宫心海, 达达利亚, 迪希雅, 可莉, 埃洛伊，16个五星武器：精1星鹫赤羽, 精1薙草之稻光, 精1波乱月白经津, 精1飞雷之弦振, 精1息灾, 精1和璞鸢, 精1若水, 精1和璞鸢, 精1天空之翼, 精1贯虹之槊, 精1天空之翼, 精1护摩之杖, 精1四风原典, 精1无工之剑, 精1天空之卷, 精1天空之傲，时装：冷花幽露, 雨化竹身, 叶隐芳名, 琪花星烛, 纱中幽兰, 倩影游侠, 宿雪桃红, 帆影游风, 极夜真梦，纠缠之源 22，原石 16958，圣遗物 1402【邮箱未绑定】【邮箱未绑定】【官方截图】",等级60 黄数65 主角女主 五星角色26 五星武器16 纠缠之源22 原石16958 圣遗物1402,原神,2025-09-29 20:49:23
2045621659402597597,50.0,"60级，63黄，男主，29个五星角色：4命提纳里, 3命白术, 3命莫娜, 2命纳西妲, 1命夜兰, 1命琴, 1命迪希雅, 1命刻晴, 1命迪卢克, 流浪者, 神里绫华, 梦见月瑞希, 八重神子, 闲云, 阿蕾奇诺, 枫原万叶, 魈, 莱欧斯利, 赛诺, 雷电将军, 芙宁娜, 林尼, 甘雨, 可莉, 温迪, 达达利亚, 七七, 妮露, 基尼奇，15个五星武器：精2终末嗟叹之诗, 精2天空之卷, 精1猎人之径, 精1和璞鸢, 精1四风原典, 精1裁叶萃光, 精1阿莫斯之弓, 精1雾切之回光, 精1图莱杜拉的回忆, 精1天空之脊, 精1四风原典, 精1风鹰剑, 精1息灾, 精1天空之刃, 精1赤沙之杖，9套时装：岁夜欢哗, 海风之梦, 琪花星烛, 雨化竹身, 花时来信, 极夜真梦, 玄玉瑶芳, 帆影游风, 叶隐芳名，原石 38，圣遗物 558【邮箱未绑定】【邮箱未绑定】【官方截图】",等级60 黄数63 主角男主 五星角色29 五星武器15 原石38 圣遗物558 时装数量9,原神,2026-03-05 23:14:01
2056296038400711188,1499.0,"60级，124黄，女主，34个五星角色：满命夜兰, 满命那维莱特, 满命八重神子, 满命纳西妲, 满命莫娜, 5命刻晴, 5命提纳里, 4命迪希雅, 4命七七, 3命琴, 3命迪卢克, 2命芙宁娜, 1命玛薇卡, 1命阿蕾奇诺, 1命梦见月瑞希, 茜特菈莉, 希诺宁, 菲林斯, 娜维娅, 钟离, 闲云, 流浪者, 枫原万叶, 申鹤, 甘雨, 神里绫华, 雷电将军, 基尼奇, 艾尔海森, 神里绫人, 达达利亚, 胡桃, 林尼, 丝柯克，25个五星武器：精4若水, 精2裁断, 精2万世流涌大典, 精2护摩之杖, 精1天空之卷, 精1山王长牙, 精1阿莫斯之弓, 精1薙草之稻光, 精1祭星者之望, 精1息灾, 精1苇海信标, 精1和璞鸢, 精1雾切之回光, 精1千夜浮梦, 精1天空之脊, 精1天空之刃, 精1神乐之真意, 精1贯虹之槊, 精1四风原典, 精1焚曜千阳, 精1狼的末路, 精1血染荒城, 精1天空之卷, 精1天空之傲, 精1天空之刃，9套时装：帆影游风, 极夜真梦, 炽绘奇旅, 倩影游侠, 冷花幽露, 岁夜欢哗, 叶隐芳名, 静暇雅宴, 雨化竹身，纠缠之源 19，原石 6616，圣遗物 884【邮箱未绑定】【邮箱未绑定】【官方截图】",等级60 黄数124 主角女主 五星角色34 五星武器25 纠缠之源19 原石6616 圣遗物884 时装数量9,原神,2026-03-11 20:37:15
2044140337398014269,220.0,"60级，52黄，女主，24个五星角色：5命琴, 3命雷电将军, 2命钟离, 2命七七, 2命刻晴, 1命胡桃, 1命莫娜, 1命迪卢克, 1命提纳里, 纳西妲, 千织, 恰斯卡, 流浪者, 枫原万叶, 甘雨, 玛薇卡, 可莉, 荒泷一斗, 魈, 神里绫华, 八重神子, 夜兰, 迪希雅, 埃洛伊，8个五星武器：精2天空之刃, 精2风鹰剑, 精2天空之卷, 精1天空之翼, 精1四风原典, 精1薙草之稻光, 精1天空之脊, 精1护摩之杖，5套时装：极夜真梦, 纱中幽兰, 帆影游风, 闪耀协奏, 叶隐芳名，原石 157，圣遗物 1514【邮箱未绑定】【邮箱未绑定】【官方截图】",等级60 黄数52 主角女主 五星角色24 五星武器8 原石157 圣遗物1514 时装数量5,原神,2026-03-05 03:36:46
2056407018946589554,700.0,"60级，82黄，女主，26个五星角色：满命神里绫华, 满命胡桃, 4命玛拉妮, 4命提纳里, 4命七七, 3命琴, 2命夜兰, 2命刻晴, 2命迪希雅, 1命申鹤, 1命纳西妲, 1命那维莱特, 1命莫娜, 1命宵宫, 1命迪卢克, 枫原万叶, 芙宁娜, 珊瑚宫心海, 希诺宁, 钟离, 温迪, 八重神子, 雷电将军, 妮露, 恰斯卡, 梦见月瑞希，14个五星武器：精2天空之翼, 精2苍古自由之誓, 精2天空之脊, 精1若水, 精1护摩之杖, 精1圣显之钥, 精1冲浪时光, 精1雾切之回光, 精1万世流涌大典, 精1薙草之稻光, 精1风鹰剑, 精1贯虹之槊, 精1息灾, 精1四风原典，5套时装：叶隐芳名, 霓裾翩跹, 花时来信, 宿雪桃红, 极夜真梦，纠缠之源 5，原石 2588，圣遗物 1946【邮箱未绑定】【邮箱未绑定】【官方截图】",等级60 黄数82 主角女主 五星角色26 五星武器14 纠缠之源5 原石2588 圣遗物1946 时装数量5,原神,2026-03-11 22:05:27
2034738616893644882,160.0,"57级，33黄，女主，16个五星角色：3命迪卢克, 1命魈, 1命胡桃, 1命莫娜, 1命梦见月瑞希, 伊涅芙, 夜兰, 哥伦比娅, 钟离, 枫原万叶, 神里绫华, 赛诺, 雷电将军, 妮露, 刻晴, 提纳里，10个五星武器：精1最初的大魔术, 精1万世流涌大典, 精1柔灯挽歌, 精1天空之卷, 精1天空之脊, 精1万世流涌大典, 精1雾切之回光, 精1天空之刃, 精1雾切之回光, 精1无工之剑，7套时装：叶隐芳名, 玲雨听竹, 倩影游侠, 极夜真梦, 帆影游风, 炽绘奇旅, 雨化竹身，原石 111，圣遗物 1939【邮箱未绑定】【邮箱未绑定】【官方截图】",等级57 黄数33 主角女主 五星角色16 五星武器10 原石111 圣遗物1939 时装数量7,原神,2026-02-27 23:04:57
2051799342121373219,380.0,"60级，68黄，男主，29个五星角色：3命刻晴, 3命迪卢克, 3命迪希雅, 3命琴, 3命七七, 2命瓦雷莎, 2命阿蕾奇诺, 2命莫娜, 1命申鹤, 1命提纳里, 1命芙宁娜, 1命胡桃, 爱可菲, 希诺宁, 荒泷一斗, 阿贝多, 钟离, 闲云, 枫原万叶, 魈, 甘雨, 神里绫华, 八重神子, 雷电将军, 纳西妲, 玛拉妮, 夜兰, 宵宫, 温迪，14个五星武器：精1飞雷之弦振, 精1赤角石溃杵, 精1天空之翼, 精1雾切之回光, 精1溢彩心念, 精1天空之刃, 精1赤月之形, 精1四风原典, 精1赤沙之杖, 精1风鹰剑, 精1和璞鸢, 精1风鹰剑, 精1贯虹之槊, 精1风鹰剑，5套时装：叶隐芳名, 花时来信, 雨化竹身, 殷红终夜, 岁夜欢哗，原石 2760，圣遗物 304【邮箱未绑定】【邮箱未绑定】【官方截图】",等级60 黄数68 主角男主 五星角色29 五星武器14 原石2760 圣遗物304 时装数量5,原神,2026-03-09 09:03:36
2057065042002596280,950.0,"60级，32黄，女主，12个五星角色：满命丝柯克, 2命哥伦比娅, 2命提纳里, 1命琴, 1命刻晴, 1命梦见月瑞希, 1命迪希雅, 莫娜, 恰斯卡, 菲林斯, 迪卢克, 七七，6个五星武器：精1和璞鸢, 精1苍耀, 精1支离轮光, 精1息灾, 精1天空之刃, 精1风鹰剑，1套时装：岁夜欢哗，原石 4512，圣遗物 498【邮箱未实名】【网易邮箱出售】【官方截图】",等级60 黄数32 主角女主 五星角色12 五星武器6 原石4512 圣遗物498 时装数量1,原神,2026-03-12 06:48:24
2058182486426473318,520.0,"60级，76黄，女主，30个五星角色：满命芙宁娜, 满命刻晴, 3命莫娜, 3命迪卢克, 2命甘雨, 2命夜兰, 2命七七, 1命钟离, 1命雷电将军, 1命玛拉妮, 1命达达利亚, 1命迪希雅, 1命宵宫, 1命胡桃, 1命提纳里, 兹白, 哥伦比娅, 希诺宁, 阿蕾奇诺, 流浪者, 枫原万叶, 神里绫华, 纳西妲, 妮露, 珊瑚宫心海, 可莉, 恰斯卡, 琴, 莱欧斯利, 埃洛伊，14个五星武器：精2狼的末路, 精1猎人之径, 精1静水流涌之辉, 精1终末嗟叹之诗, 精1圣显之钥, 精1阿莫斯之弓, 精1苍古自由之誓, 精1冲浪时光, 精1天空之刃, 精1赤月之形, 精1风鹰剑, 精1护摩之杖, 精1金流监督, 精1狼的末路，14套时装：帆影游风, 极夜真梦, 玄玉瑶芳, 岁夜欢哗, 闪耀协奏, 雨化竹身, 玲雨听竹, 叶隐芳名, 纱中幽兰, 宿雪桃红, 霓裾翩跹, 琪花星烛, 莎邦之息, 倩影游侠，原石 15，圣遗物 1619【邮箱未绑定】【邮箱未绑定】【官方截图】",等级60 黄数76 主角女主 五星角色30 五星武器14 原石15 圣遗物1619 时装数量14,原神,2026-03-12 21:36:28
2050770713231544469,50.0,"20级，4黄，男主，3个五星角色：基尼奇, 刻晴, 莫娜，1个五星武器：精1天空之傲，原石 20，圣遗物 405【邮箱未绑定】【邮箱未绑定】【官方截图】",等级20 黄数4 主角男主 五星角色3 五星武器1 原石20 圣遗物405,原神,2026-03-08 19:26:07
2054550263808830707,2488.0,"60级，74黄，女主，18个五星角色：满命阿蕾奇诺, 满命恰斯卡, 5命莫娜, 3命七七, 2命哥伦比娅, 2命瓦雷莎, 2命提纳里, 2命芙宁娜, 2命玛薇卡, 2命琴, 2命迪卢克, 1命白术, 茜特菈莉, 希诺宁, 枫原万叶, 伊涅芙, 迪希雅, 刻晴，13个五星武器：精5星鹫赤羽, 精2最初的大魔术, 精2天空之翼, 精2赤月之形, 精2四风原典, 精1静水流涌之辉, 精1天空之刃, 精1溢彩心念, 精1柔灯挽歌, 精1阿莫斯之弓, 精1焚曜千阳, 精1和璞鸢, 精1岩峰巡歌，4套时装：倩影游侠, 玲雨听竹, 岁夜欢哗, 炽绘奇旅，纠缠之源 5，原石 5364，圣遗物 505【邮箱不出售】【邮箱不出售】【官方截图】",等级60 黄数74 主角女主 五星角色18 五星武器13 纠缠之源5 原石5364 圣遗物505 时装数量4,原神,2026-03-10 21:29:50
2055127924491203101,2699.0,"60级，108黄，女主，29个五星角色：满命千织, 满命娜维娅, 满命阿蕾奇诺, 满命芙宁娜, 满命迪希雅, 4命莫娜, 3命琴, 3命提纳里, 2命希诺宁, 2命玛薇卡, 2命玛拉妮, 2命茜特菈莉, 2命雷电将军, 1命哥伦比娅, 1命那维莱特, 1命刻晴, 1命七七, 1命迪卢克, 丝柯克, 克洛琳德, 伊涅芙, 枫原万叶, 钟离, 闲云, 菲林斯, 神里绫华, 优菈, 纳西妲, 白术，20个五星武器：精3赤月之形, 精2飞雷之弦振, 精2和璞鸢, 精1焚曜千阳, 精1狼的末路, 精1帷间夜曲, 精1裁断, 精1柔灯挽歌, 精1四风原典, 精1苍耀, 精1贯虹之槊, 精1有乐御簾切, 精1阿莫斯之弓, 精1薙草之稻光, 精1静水流涌之辉, 精1天空之傲, 精1天空之刃, 精1狼的末路, 精1天空之脊, 精1天空之翼，5套时装：雨化竹身, 玲雨听竹, 炽绘奇旅, 岁夜欢哗, 闪耀协奏，原石 380，圣遗物 555【邮箱不出售】【邮箱不出售】【官方截图】",等级60 黄数108 主角女主 五星角色29 五星武器20 原石380 圣遗物555 时装数量5,原神,2026-03-11 05:08:55
2057999029617497603,1888.0,"59级，42黄，男主，13个五星角色：满命恰斯卡, 满命七七, 5命迪卢克, 2命奈芙尔, 1命那维莱特, 茜特菈莉, 希诺宁, 纳西妲, 提纳里, 哥伦比娅, 芙宁娜, 梦见月瑞希, 刻晴，9个五星武器：精1星鹫赤羽, 精1天空之翼, 精1最初的大魔术, 精1风鹰剑, 精1真语秘匣, 精1万世流涌大典, 精1和璞鸢, 精1风鹰剑, 精1天空之刃，4套时装：玲雨听竹, 炽绘奇旅, 莘露的赠礼, 岁夜欢哗，纠缠之源 418，原石 141，圣遗物 2174【邮箱未实名】【网易邮箱出售】【官方截图】",等级59 黄数42 主角男主 五星角色13 五星武器9 纠缠之源418 原石141 圣遗物2174 时装数量4,原神,2026-03-12 19:10:40
1946809990267827432,60.0,"32级，3黄，女主，3个五星角色：雷电将军, 胡桃, 刻晴，原石 135，圣遗物 592【邮箱不出售】【邮箱不出售】【官方截图】",等级32 黄数3 主角女主 五星角色3 原石135 圣遗物592,原神,2026-01-10 10:25:34
2033028073964472413,250.0,"60级，54黄，女主，28个五星角色：2命夜兰, 2命琴, 1命克洛琳德, 1命胡桃, 1命梦见月瑞希, 1命莫娜, 1命迪卢克, 1命七七, 1命刻晴, 1命提纳里, 兹白, 玛薇卡, 茜特菈莉, 钟离, 枫原万叶, 温迪, 申鹤, 神里绫华, 雷电将军, 芙宁娜, 那维莱特, 神里绫人, 甘雨, 闲云, 纳西妲, 八重神子, 宵宫, 迪希雅，14个五星武器：精1若水, 精1雾切之回光, 精1阿莫斯之弓, 精1狼的末路, 精1四风原典, 精1不灭月华, 精1薙草之稻光, 精1天空之卷, 精1息灾, 精1碧落之珑, 精1护摩之杖, 精1天空之卷, 精1焚曜千阳, 精1狼的末路，7套时装：极夜真梦, 雨化竹身, 叶隐芳名, 花时来信, 岁夜欢哗, 冷花幽露, 帆影游风，原石 80，圣遗物 475【邮箱未绑定】【邮箱未绑定】【官方截图】",等级60 黄数54 主角女主 五星角色28 五星武器14 原石80 圣遗物475 时装数量7,原神,2026-02-27 00:25:32
2050477384171924735,70.0,"49级，5黄，男主，4个五星角色：1命提纳里, 哥伦比娅, 七七, 莫娜，纠缠之源 4，原石 95，圣遗物 101【邮箱未绑定】【邮箱未绑定】【官方截图】",等级49 黄数5 主角男主 五星角色4 纠缠之源4 原石95 圣遗物101,原神,2026-03-08 15:33:00
2057971470172858396,450.0,"58级，28黄，女主，14个五星角色：2命梦见月瑞希, 1命丝柯克, 1命莫娜, 1命七七, 1命迪希雅, 爱可菲, 希诺宁, 茜特菈莉, 奈芙尔, 菈乌玛, 玛薇卡, 哥伦比娅, 闲云, 琴，8个五星武器：精1真语秘匣, 精1静水流涌之辉, 精1焚曜千阳, 精1苍耀, 精1阿莫斯之弓, 精1天空之翼, 精1四风原典, 精1四风原典，1套时装：炽绘奇旅，原石 2099，圣遗物 1044【邮箱未实名】【网易邮箱出售】【官方截图】",等级58 黄数28 主角女主 五星角色14 五星武器8 原石2099 圣遗物1044 时装数量1,原神,2026-03-12 18:48:46
2057958722683379584,7350.0,"60级，186黄，女主，44个五星角色：满命基尼奇, 满命丝柯克, 满命哥伦比娅, 满命阿蕾奇诺, 满命奈芙尔, 满命迪卢克, 满命琴, 满命刻晴, 满命提纳里, 满命七七, 5命莫娜, 4命希诺宁, 4命神里绫华, 4命芙宁娜, 3命雷电将军, 2命茜特菈莉, 2命温迪, 2命杜林, 2命梦见月瑞希, 2命迪希雅, 2命申鹤, 2命优菈, 2命纳西妲, 1命林尼, 1命胡桃, 1命甘雨, 1命那维莱特, 1命妮露, 玛薇卡, 兹白, 娜维娅, 爱可菲, 菈乌玛, 玛拉妮, 荒泷一斗, 钟离, 枫原万叶, 八重神子, 白术, 夜兰, 珊瑚宫心海, 达达利亚, 宵宫, 埃洛伊，35个五星武器：精3阿莫斯之弓, 精3四风原典, 精2黎明破晓之史, 精2薙草之稻光, 精2和璞鸢, 精1溢彩心念, 精1最初的大魔术, 精1祭星者之望, 精1息灾, 精1猎人之径, 精1万世流涌大典, 精1千夜浮梦, 精1天空之脊, 精1天空之翼, 精1护摩之杖, 精1帷间夜曲, 精1香韵奏者, 精1护摩之杖, 精1真语秘匣, 精1赤月之形, 精1山王长牙, 精1裁断, 精1雾切之回光, 精1无工之剑, 精1天空之刃, 精1狼的末路, 精1天空之卷, 精1黑蚀, 精1支离轮光, 精1苍耀, 精1天空之脊, 精1岩峰巡歌, 精1天空之傲, 精1静水流涌之辉, 精1天空之傲，11套时装：玲雨听竹, 帆影游风, 雨化竹身, 纱中幽兰, 叶隐芳名, 炽绘奇旅, 花时来信, 极夜真梦, 宿雪桃红, 岁夜欢哗, 倩影游侠，纠缠之源 37，原石 139，圣遗物 1888【邮箱未绑定】【邮箱未绑定】【官方截图】",等级60 黄数186 主角女主 五星角色44 五星武器35 纠缠之源37 原石139 圣遗物1888 时装数量11,原神,2026-03-12 18:38:38
2032896267961147554,110.0,"56级，17黄，女主，9个五星角色：2命芙宁娜, 1命那维莱特, 琴, 提纳里, 刻晴, 菲林斯, 莫娜, 迪希雅, 迪卢克，5个五星武器：精1万世流涌大典, 精1风鹰剑, 精1阿莫斯之弓, 精1和璞鸢, 精1护摩之杖，1套时装：玲雨听竹，原石 14，圣遗物 396【邮箱不出售】【邮箱不出售】【官方截图】",等级56 黄数17 主角女主 五星角色9 五星武器5 原石14 圣遗物396 时装数量1,原神,2026-02-26 22:40:47
1998347567023015704,200.0,"60级，46黄，女主，26个五星角色：2命提纳里, 2命迪卢克, 2命刻晴, 1命优菈, 1命莫娜, 1命琴, 恰斯卡, 兹白, 克洛琳德, 娜维娅, 荒泷一斗, 闲云, 枫原万叶, 甘雨, 赛诺, 八重神子, 雷电将军, 纳西妲, 妮露, 夜兰, 迪希雅, 神里绫人, 梦见月瑞希, 埃洛伊, 七七, 菲林斯，12个五星武器：精1阿莫斯之弓, 精1狼的末路, 精1金流监督, 精1苍古自由之誓, 精1天空之卷, 精1风鹰剑, 精1天空之卷, 精1赤沙之杖, 精1裁断, 精1四风原典, 精1赤角石溃杵, 精1松籁响起之时，四星角色：5命班尼特，7套时装：玄玉瑶芳, 帆影游风, 雨化竹身, 极夜真梦, 冷花幽露, 叶隐芳名, 纱中幽兰，原石 85，圣遗物 188【邮箱未绑定】【邮箱未绑定】【官方截图】",等级60 黄数46 主角女主 五星角色26 五星武器12 原石85 圣遗物188 时装数量7,原神,2026-02-07 21:03:57
1880652773950207724,350.0,"60级，61黄，女主，22个五星角色：5命七七, 3命琴, 2命雷电将军, 2命芙宁娜, 2命那维莱特, 2命莫娜, 2命迪卢克, 1命申鹤, 1命提纳里, 1命梦见月瑞希, 阿蕾奇诺, 希诺宁, 夜兰, 枫原万叶, 神里绫华, 丝柯克, 赛诺, 菈乌玛, 艾尔海森, 纳西妲, 玛拉妮, 珊瑚宫心海，18个五星武器：精1冲浪时光, 精1苍耀, 精1天空之傲, 精1图莱杜拉的回忆, 精1苍古自由之誓, 精1天空之傲, 精1天空之卷, 精1天空之刃, 精1风鹰剑, 精1风鹰剑, 精1赤沙之杖, 精1风鹰剑, 精1息灾, 精1天空之卷, 精1天空之脊, 精1天空之刃, 精1护摩之杖, 精1天空之傲，7套时装：倩影游侠, 岁夜欢哗, 炽绘奇旅, 雨化竹身, 叶隐芳名, 帆影游风, 极夜真梦，原石 210，圣遗物 473【邮箱实名】【网易邮箱出售】【官方截图】",等级60 黄数61 主角女主 五星角色22 五星武器18 原石210 圣遗物473,原神,2025-12-04 22:08:32
2058088767570658084,1300.0,"60级，61黄，女主，21个五星角色：满命那维莱特, 4命莫娜, 3命迪希雅, 2命丝柯克, 2命哥伦比娅, 2命玛薇卡, 2命琴, 2命七七, 1命迪卢克, 1命刻晴, 爱可菲, 希诺宁, 枫原万叶, 赛诺, 艾尔海森, 纳西妲, 芙宁娜, 达达利亚, 阿蕾奇诺, 申鹤, 提纳里，15个五星武器：精1冬极白星, 精1裁叶萃光, 精1天空之傲, 精1帷间夜曲, 精1圣显之钥, 精1万世流涌大典, 精1苍古自由之誓, 精1天空之脊, 精1天空之翼, 精1焚曜千阳, 精1阿莫斯之弓, 精1苍耀, 精1天空之翼, 精1岩峰巡歌, 精1天空之卷，6套时装：玲雨听竹, 帆影游风, 雨化竹身, 殷红终夜, 岁夜欢哗, 倩影游侠，纠缠之源 10，原石 15604，圣遗物 865【邮箱未绑定】【邮箱未绑定】【官方截图】",等级60 黄数61 主角女主 五星角色21 五星武器15 纠缠之源10 原石15604 圣遗物865 时装数量6,原神,2026-03-12 20:21:59
2032840584233976814,150.0,"57级，19黄，女主，13个五星角色：1命玛拉妮, 1命迪卢克, 1命刻晴, 1命迪希雅, 1命提纳里, 阿蕾奇诺, 枫原万叶, 希诺宁, 钟离, 丝柯克, 克洛琳德, 芙宁娜, 琴，1个五星武器：精1阿莫斯之弓，1套时装：倩影游侠，原石 20，圣遗物 271【QQ邮箱出售】【QQ邮箱】【官方截图】",等级57 黄数19 主角女主 五星角色13 五星武器1 原石20 圣遗物271 时装数量1,原神,2026-02-26 21:56:32
2057793612431737347,188.0,"56级，15黄，女主，7个五星角色：2命哥伦比娅, 2命莫娜, 2命提纳里, 丝柯克, 迪卢克, 七七, 刻晴，2个五星武器：精1帷间夜曲, 精1天空之翼，1套时装：玲雨听竹，原石 82，圣遗物 1993【邮箱未实名】【网易邮箱出售】【官方截图】",等级56 黄数15 主角女主 五星角色7 五星武器2 原石82 圣遗物1993 时装数量1,原神,2026-03-12 16:27:25
2039986316083354517,420.0,"60级，70黄，女主，31个五星角色：满命雷电将军, 4命琴, 4命莫娜, 3命温迪, 3命提纳里, 1命那维莱特, 1命可莉, 1命七七, 1命迪卢克, 玛薇卡, 茜特菈莉, 希诺宁, 钟离, 枫原万叶, 魈, 丝柯克, 甘雨, 克洛琳德, 八重神子, 纳西妲, 妮露, 赛诺, 刻晴, 白术, 达达利亚, 胡桃, 梦见月瑞希, 千织, 埃洛伊, 杜林, 迪希雅，14个五星武器：精3和璞鸢, 精1终末嗟叹之诗, 精1焚曜千阳, 精1终末嗟叹之诗, 精1苍耀, 精1神乐之真意, 精1圣显之钥, 精1四风原典, 精1天空之刃, 精1薙草之稻光, 精1天空之脊, 精1天空之傲, 精1天空之脊, 精1风鹰剑，7套时装：叶隐芳名, 帆影游风, 极夜真梦, 纱中幽兰, 岁夜欢哗, 闪耀协奏, 玄玉瑶芳，原石 37，圣遗物 619【邮箱不出售】【邮箱不出售】【官方截图】",等级60 黄数70 主角女主 五星角色31 五星武器14 原石37 圣遗物619 时装数量7,原神,2026-03-02 20:35:27
2047347214582193331,3222.0,"60级，106黄，女主，32个五星角色：满命菲林斯, 满命丝柯克, 满命八重神子, 满命提纳里, 5命琴, 4命刻晴, 4命迪希雅, 3命莫娜, 2命哥伦比娅, 2命芙宁娜, 2命阿蕾奇诺, 2命迪卢克, 1命夜兰, 1命胡桃, 1命七七, 伊涅芙, 希诺宁, 钟离, 枫原万叶, 温迪, 爱可菲, 甘雨, 神里绫华, 雷电将军, 白术, 纳西妲, 神里绫人, 杜林, 可莉, 梦见月瑞希, 埃洛伊, 法尔伽，22个五星武器：精2阿莫斯之弓, 精2天空之脊, 精1最初的大魔术, 精1赤月之形, 精1磐岩结绿, 精1若水, 精1息灾, 精1天空之刃, 精1终末嗟叹之诗, 精1和璞鸢, 精1风鹰剑, 精1四风原典, 精1帷间夜曲, 精1苍耀, 精1天空之卷, 精1神乐之真意, 精1静水流涌之辉, 精1天空之刃, 精1血染荒城, 精1雾切之回光, 精1四风原典, 精1天空之刃，13套时装：炽绘奇旅, 倩影游侠, 岁夜欢哗, 雨化竹身, 静暇雅宴, 花时来信, 极夜真梦, 纱中幽兰, 霓裾翩跹, 帆影游风, 玲雨听竹, 闪耀协奏, 叶隐芳名，原石 120，圣遗物 1023【邮箱不出售】【邮箱不出售】【官方截图】",等级60 黄数106 主角女主 五星角色32 五星武器22 原石120 圣遗物1023 时装数量13,原神,2026-03-06 22:05:22
2054427473347254615,1519.0,"60级，59黄，女主，21个五星角色：满命雷电将军, 满命提纳里, 4命刻晴, 2命玛薇卡, 2命丝柯克, 2命芙宁娜, 1命奈芙尔, 1命那维莱特, 1命七七, 希诺宁, 千织, 钟离, 枫原万叶, 茜特菈莉, 菈乌玛, 哥伦比娅, 夜兰, 琴, 梦见月瑞希, 迪希雅, 迪卢克，13个五星武器：精1真语秘匣, 精1苍古自由之誓, 精1万世流涌大典, 精1天空之刃, 精1薙草之稻光, 精1阿莫斯之弓, 精1息灾, 精1四风原典, 精1焚曜千阳, 精1苍古自由之誓, 精1苍耀, 精1风鹰剑, 精1静水流涌之辉，6套时装：帆影游风, 炽绘奇旅, 岁夜欢哗, 雨化竹身, 玲雨听竹, 倩影游侠，纠缠之源 86，原石 443，圣遗物 775【邮箱未绑定】【邮箱未绑定】【官方截图】",等级60 黄数59 主角女主 五星角色21 五星武器13 纠缠之源86 原石443 圣遗物775 时装数量6,原神,2026-03-10 19:52:15
2058193498849517033,498.0,"60级，36黄，女主，20个五星角色：3命莫娜, 2命阿蕾奇诺, 1命基尼奇, 1命流浪者, 1命达达利亚, 1命七七, 1命迪卢克, 钟离, 芙宁娜, 枫原万叶, 雷电将军, 那维莱特, 闲云, 刻晴, 艾梅莉埃, 提纳里, 玛拉妮, 迪希雅, 琴, 梦见月瑞希，6个五星武器：精1四风原典, 精1赤月之形, 精1天空之翼, 精1狼的末路, 精1天空之刃, 精1贯虹之槊，5套时装：岁夜欢哗, 玲雨听竹, 雨化竹身, 炽绘奇旅, 倩影游侠，纠缠之源 326，原石 58，圣遗物 1166【邮箱未绑定】【邮箱未绑定】【官方截图】",等级60 黄数36 主角女主 五星角色20 五星武器6 纠缠之源326 原石58 圣遗物1166 时装数量5,原神,2026-03-12 21:45:13
2057622485893998825,140.0,"55级，10黄，女主，4个五星角色：2命恰斯卡, 1命刻晴, 伊涅芙, 莫娜，3个五星武器：精1星鹫赤羽, 精1风鹰剑, 精1阿莫斯之弓，原石 10，圣遗物 506【邮箱未绑定】【邮箱未绑定】【官方截图】",等级55 黄数10 主角女主 五星角色4 五星武器3 原石10 圣遗物506,原神,2026-03-12 14:11:25
2057856758825123072,1000.0,"60级，100黄，女主，27个五星角色：满命芙宁娜, 满命迪希雅, 满命迪卢克, 4命七七, 2命玛薇卡, 2命茜特菈莉, 2命闲云, 2命雷电将军, 2命纳西妲, 2命哥伦比娅, 2命刻晴, 2命琴, 1命枫原万叶, 1命夜兰, 1命胡桃, 1命莫娜, 1命提纳里, 希诺宁, 兹白, 钟离, 魈, 温迪, 神里绫华, 神里绫人, 杜林, 梦见月瑞希, 那维莱特，25个五星武器：精3和璞鸢, 精2护摩之杖, 精2千夜浮梦, 精2雾切之回光, 精1黎明破晓之史, 精1飞雷之弦振, 精1若水, 精1朏魄含光, 精1若水, 精1焚曜千阳, 精1黑蚀, 精1祭星者之望, 精1静水流涌之辉, 精1帷间夜曲, 精1圣显之钥, 精1狼的末路, 精1天空之卷, 精1天空之翼, 精1薙草之稻光, 精1风鹰剑, 精1万世流涌大典, 精1天空之脊, 精1狼的末路, 精1天空之傲, 精1风鹰剑，7套时装：帆影游风, 极夜真梦, 岁夜欢哗, 雨化竹身, 炽绘奇旅, 叶隐芳名, 倩影游侠，原石 1750，圣遗物 669【邮箱未实名】【网易邮箱出售】【官方截图】",等级60 黄数100 主角女主 五星角色27 五星武器25 原石1750 圣遗物669 时装数量7,原神,2026-03-12 17:17:36
2057944417239090167,699.0,"60级，95黄，女主，35个五星角色：满命纳西妲, 满命迪卢克, 5命芙宁娜, 4命八重神子, 4命琴, 3命雷电将军, 3命提纳里, 3命莫娜, 2命钟离, 2命七七, 2命迪希雅, 1命申鹤, 1命刻晴, 千织, 梦见月瑞希, 流浪者, 枫原万叶, 魈, 温迪, 丝柯克, 埃洛伊, 优菈, 甘雨, 神里绫华, 克洛琳德, 那维莱特, 妮露, 神里绫人, 夜兰, 珊瑚宫心海, 达达利亚, 宵宫, 胡桃, 可莉, 哥伦比娅，19个五星武器：精1飞雷之弦振, 精1四风原典, 精1天空之傲, 精1天空之翼, 精1天空之卷, 精1苍耀, 精1帷间夜曲, 精1薙草之稻光, 精1静水流涌之辉, 精1万世流涌大典, 精1天空之脊, 精1圣显之钥, 精1千夜浮梦, 精1天空之脊, 精1天空之刃, 精1神乐之真意, 精1护摩之杖, 精1四风原典, 精1狼的末路，15套时装：海风之梦, 闪耀协奏, 极夜真梦, 玲雨听竹, 叶隐芳名, 纱中幽兰, 雨化竹身, 炽绘奇旅, 岁夜欢哗, 花时来信, 霓裾翩跹, 倩影游侠, 殷红终夜, 帆影游风, 琪花星烛，纠缠之源 128，原石 58，圣遗物 1360【邮箱不出售】【邮箱不出售】【官方截图】",等级60 黄数95 主角女主 五星角色35 五星武器19 纠缠之源128 原石58 圣遗物1360 时装数量15,原神,2026-03-12 18:27:16
2034332331376950226,2716.0,"60级，247黄，女主，29个五星角色：满命妮露, 满命纳西妲, 满命雷电将军, 满命那维莱特, 满命琴, 满命申鹤, 满命七七, 满命神里绫华, 满命八重神子, 满命刻晴, 满命提纳里, 满命夜兰, 满命莫娜, 满命胡桃, 满命迪卢克, 2命钟离, 2命枫原万叶, 2命温迪, 2命宵宫, 1命流浪者, 1命魈, 1命可莉, 珊瑚宫心海, 甘雨, 芙宁娜, 达达利亚, 法尔伽, 闲云, 迪希雅，47个五星武器：精5千夜浮梦, 精5若水, 精5神乐之真意, 精5护摩之杖, 精5无工之剑, 精5薙草之稻光, 精5息灾, 精5天空之傲, 精5圣显之钥, 精5圣显之钥, 精5雾切之回光, 精5雾切之回光, 精5磐岩结绿, 精4狼的末路, 精4风鹰剑, 精3冬极白星, 精3护摩之杖, 精3阿莫斯之弓, 精2天空之脊, 精2天空之翼, 精2波乱月白经津, 精2裁叶萃光, 精2天空之傲, 精2天空之刃, 精1飞雷之弦振, 精1和璞鸢, 精1不灭月华, 精1终末嗟叹之诗, 精1四风原典, 精1天空之卷, 精1万世流涌大典, 精1千夜浮梦, 精1万世流涌大典, 精1千夜浮梦, 精1静水流涌之辉, 精1千夜浮梦, 精1碧落之珑, 精1和璞鸢, 精1鹤鸣余音, 精1苇海信标, 精1苍古自由之誓, 精1千夜浮梦, 精1无工之剑, 精1无工之剑, 精1雾切之回光, 精1雾切之回光, 精1雾切之回光，10套时装：殷红终夜, 海风之梦, 帆影游风, 纱中幽兰, 极夜真梦, 闪耀协奏, 霓裾翩跹, 叶隐芳名, 花时来信, 琪花星烛，原石 281，圣遗物 312【邮箱不出售】【邮箱不出售】【官方截图】",等级60 黄数247 主角女主 五星角色29 五星武器47 原石281 圣遗物312 时装数量10,原神,2026-02-27 17:42:04
2055994423378577722,1066.0,"60级，71黄，女主，18个五星角色：满命菲林斯, 满命夜兰, 满命优菈, 4命琴, 3命提纳里, 3命刻晴, 2命菈乌玛, 2命迪卢克, 1命可莉, 1命胡桃, 1命七七, 1命莫娜, 1命迪希雅, 1命梦见月瑞希, 雷电将军, 钟离, 流浪者, 玛薇卡，12个五星武器：精3血染荒城, 精2天空之翼, 精1若水, 精1护摩之杖, 精1阿莫斯之弓, 精1松籁响起之时, 精1天空之刃, 精1千夜浮梦, 精1和璞鸢, 精1四风原典, 精1天空之卷, 精1天空之脊，6套时装：叶隐芳名, 静暇雅宴, 帆影游风, 雨化竹身, 宿雪桃红, 极夜真梦，原石 752，圣遗物 715【邮箱不出售】【邮箱不出售】【官方截图】",等级60 黄数71 主角女主 五星角色18 五星武器12 原石752 圣遗物715 时装数量6,原神,2026-03-11 16:37:33
2057491412828593628,685.0,"60级，45黄，女主，20个五星角色：4命莫娜, 3命兹白, 2命提纳里, 2命玛薇卡, 2命七七, 1命白术, 1命那维莱特, 哥伦比娅, 瓦雷莎, 希诺宁, 闲云, 枫原万叶, 茜特菈莉, 雷电将军, 纳西妲, 芙宁娜, 梦见月瑞希, 刻晴, 迪卢克, 琴，10个五星武器：精1万世流涌大典, 精1天空之刃, 精1金流监督, 精1天空之刃, 精1四风原典, 精1风鹰剑, 精1和璞鸢, 精1焚曜千阳, 精1朏魄含光, 精1天空之刃，四星角色：5命班尼特，3套时装：炽绘奇旅, 雨化竹身, 岁夜欢哗，原石 75，圣遗物 793【邮箱未实名】【网易邮箱出售】【官方截图】",等级60 黄数45 主角女主 五星角色20 五星武器10 原石75 圣遗物793 时装数量3,原神,2026-03-12 12:27:15
2044726930883167490,1700.0,"60级，189黄，男主，42个五星角色：满命夜兰, 满命魈, 满命琴, 满命甘雨, 满命神里绫华, 满命提纳里, 满命莫娜, 满命迪卢克, 5命七七, 5命刻晴, 4命八重神子, 3命恰斯卡, 3命雷电将军, 3命基尼奇, 2命枫原万叶, 2命芙宁娜, 2命闲云, 2命玛薇卡, 2命瓦雷莎, 2命温迪, 2命优菈, 2命纳西妲, 2命神里绫人, 1命妮露, 1命荒泷一斗, 1命克洛琳德, 1命达达利亚, 1命迪希雅, 伊涅芙, 哥伦比娅, 希诺宁, 茜特菈莉, 奈芙尔, 娜维娅, 钟离, 爱可菲, 白术, 珊瑚宫心海, 宵宫, 可莉, 梦见月瑞希, 埃洛伊，36个五星武器：精5四风原典, 精5狼的末路, 精3和璞鸢, 精3天空之翼, 精3风鹰剑, 精2阿莫斯之弓, 精2天空之卷, 精2薙草之稻光, 精2天空之刃, 精1星鹫赤羽, 精1溢彩心念, 精1白雨心弦, 精1鹤鸣余音, 精1天空之脊, 精1若水, 精1千夜浮梦, 精1护摩之杖, 精1若水, 精1神乐之真意, 精1焚曜千阳, 精1山王长牙, 精1裁断, 精1真语秘匣, 精1苇海信标, 精1四风原典, 精1赤角石溃杵, 精1波乱月白经津, 精1松籁响起之时, 精1雾切之回光, 精1苍古自由之誓, 精1天空之傲, 精1苍古自由之誓, 精1赦罪, 精1静水流涌之辉, 精1圣显之钥, 精1静水流涌之辉，13套时装：叶隐芳名, 极夜真梦, 闪耀协奏, 帆影游风, 炽绘奇旅, 岁夜欢哗, 花时来信, 玄玉瑶芳, 殷红终夜, 静暇雅宴, 纱中幽兰, 雨化竹身, 玲雨听竹，原石 2959，圣遗物 1344【邮箱不出售】【邮箱不出售】【官方截图】",等级60 黄数189 主角男主 五星角色42 五星武器36 原石2959 圣遗物1344 时装数量13,原神,2026-03-05 11:22:57
2058002005524509790,85.0,"55级，14黄，女主，11个五星角色：1命七七, 甘雨, 钟离, 雷电将军, 魈, 艾尔海森, 妮露, 提纳里, 迪卢克, 丝柯克, 刻晴，2个五星武器：精1若水, 精1天空之刃，3套时装：极夜真梦, 叶隐芳名, 纱中幽兰，原石 44，圣遗物 1468【QQ邮箱不出售】【QQ邮箱】【官方截图】",等级55 黄数14 主角女主 五星角色11 五星武器2 原石44 圣遗物1468 时装数量3,原神,2026-03-12 19:13:02
2031336360510363478,58.0,"50级，8黄，男主，6个五星角色：钟离, 基尼奇, 赛诺, 七七, 提纳里, 莫娜，1个五星武器：精2狼的末路，原石 160，圣遗物 46【邮箱不出售】【邮箱不出售】【官方截图】",等级50 黄数8 主角男主 五星角色6 五星武器1 原石160 圣遗物46,原神,2026-02-26 02:01:05
2024622765179759291,2400.0,"60级，126黄，男主，39个五星角色：满命迪卢克, 5命提纳里, 4命七七, 3命刻晴, 3命宵宫, 2命丝柯克, 2命芙宁娜, 2命夜兰, 2命希诺宁, 2命恰斯卡, 2命闲云, 2命茜特菈莉, 2命申鹤, 2命八重神子, 2命雷电将军, 2命纳西妲, 2命玛薇卡, 2命阿蕾奇诺, 2命迪希雅, 1命爱可菲, 1命那维莱特, 1命梦见月瑞希, 1命白术, 1命妮露, 1命神里绫人, 1命莫娜, 瓦雷莎, 哥伦比娅, 钟离, 枫原万叶, 温迪, 琴, 神里绫华, 克洛琳德, 奈芙尔, 菈乌玛, 艾尔海森, 珊瑚宫心海, 林尼，28个五星武器：精2最初的大魔术, 精2和璞鸢, 精2阿莫斯之弓, 精1星鹫赤羽, 精1鹤鸣余音, 精1薙草之稻光, 精1万世流涌大典, 精1息灾, 精1最初的大魔术, 精1千夜浮梦, 精1飞雷之弦振, 精1神乐之真意, 精1护摩之杖, 精1若水, 精1天空之卷, 精1焚曜千阳, 精1天空之翼, 精1赤月之形, 精1天空之傲, 精1溢彩心念, 精1赤沙之杖, 精1苍耀, 精1岩峰巡歌, 精1圣显之钥, 精1磐岩结绿, 精1磐岩结绿, 精1苍古自由之誓, 精1天空之刃，13套时装：帆影游风, 花时来信, 莘露的赠礼, 莎邦之息, 雨化竹身, 叶隐芳名, 岁夜欢哗, 冷花幽露, 倩影游侠, 静暇雅宴, 炽绘奇旅, 极夜真梦, 霓裾翩跹，纠缠之源 91，原石 230，圣遗物 1162【邮箱不出售】【邮箱不出售】【官方截图】",等级60 黄数126 主角男主 五星角色39 五星武器28 纠缠之源91 原石230 圣遗物1162 时装数量13,原神,2026-02-22 09:05:36
2041882353910186369,1499.0,"60级，123黄，女主，36个五星角色：满命菈乌玛, 满命芙宁娜, 满命迪卢克, 满命七七, 4命刻晴, 3命夜兰, 3命琴, 3命莫娜, 3命宵宫, 2命纳西妲, 2命提纳里, 2命胡桃, 2命梦见月瑞希, 1命哥伦比娅, 1命申鹤, 1命那维莱特, 1命妮露, 1命阿蕾奇诺, 1命林尼, 希诺宁, 钟离, 闲云, 枫原万叶, 魈, 温迪, 优菈, 神里绫华, 赛诺, 八重神子, 白术, 艾尔海森, 珊瑚宫心海, 达达利亚, 雷电将军, 埃洛伊, 迪希雅，23个五星武器：精5天空之翼, 精3和璞鸢, 精3四风原典, 精3风鹰剑, 精2飞雷之弦振, 精1最初的大魔术, 精1千夜浮梦, 精1猎人之径, 精1神乐之真意, 精1天空之脊, 精1护摩之杖, 精1若水, 精1天空之卷, 精1静水流涌之辉, 精1终末嗟叹之诗, 精1赤月之形, 精1圣显之钥, 精1薙草之稻光, 精1雾切之回光, 精1纺夜天镜, 精1息灾, 精1磐岩结绿, 精1天空之刃，12套时装：冷花幽露, 岁夜欢哗, 雨化竹身, 极夜真梦, 花时来信, 纱中幽兰, 帆影游风, 叶隐芳名, 炽绘奇旅, 玲雨听竹, 闪耀协奏, 宿雪桃红，纠缠之源 6，原石 3900，圣遗物 1178【邮箱不出售】【邮箱不出售】【官方截图】",等级60 黄数123 主角女主 五星角色36 五星武器23 纠缠之源6 原石3900 圣遗物1178 时装数量12,原神,2026-03-03 21:42:17
2057371688632534953,2300.0,"60级，125黄，女主，38个五星角色：满命芙宁娜, 满命夜兰, 满命提纳里, 5命迪卢克, 5命七七, 3命纳西妲, 2命玛薇卡, 2命瓦雷莎, 2命阿蕾奇诺, 2命雷电将军, 2命刻晴, 2命迪希雅, 1命梦见月瑞希, 1命申鹤, 1命那维莱特, 1命妮露, 1命神里绫人, 1命胡桃, 1命莫娜, 1命琴, 茜特菈莉, 希诺宁, 闲云, 丝柯克, 伊涅芙, 奈芙尔, 菈乌玛, 哥伦比娅, 兹白, 钟离, 恰斯卡, 枫原万叶, 甘雨, 神里绫华, 八重神子, 宵宫, 温迪, 莱欧斯利，30个五星武器：精4最初的大魔术, 精2天空之脊, 精2四风原典, 精2圣显之钥, 精1鹤鸣余音, 精1息灾, 精1猎人之径, 精1万世流涌大典, 精1和璞鸢, 精1飞雷之弦振, 精1千夜浮梦, 精1若水, 精1护摩之杖, 精1阿莫斯之弓, 精1天空之卷, 精1焚曜千阳, 精1真语秘匣, 精1赤月之形, 精1岩峰巡歌, 精1溢彩心念, 精1薙草之稻光, 精1静水流涌之辉, 精1四风原典, 精1雾切之回光, 精1静水流涌之辉, 精1天空之刃, 精1白雨心弦, 精1狼的末路, 精1天空之翼, 精1碧落之珑，9套时装：雨化竹身, 炽绘奇旅, 花时来信, 岁夜欢哗, 莘露的赠礼, 帆影游风, 叶隐芳名, 玲雨听竹, 倩影游侠，纠缠之源 13，原石 5053，圣遗物 1044【邮箱未实名】【网易邮箱出售】【官方截图】",等级60 黄数125 主角女主 五星角色38 五星武器30 纠缠之源13 原石5053 圣遗物1044 时装数量9,原神,2026-03-12 10:52:06
1999636016251538070,8888.0,"60级，422黄，男主，42个五星角色：满命钟离, 满命夜兰, 满命胡桃, 满命神里绫华, 满命八重神子, 满命雷电将军, 满命刻晴, 满命纳西妲, 满命妮露, 满命宵宫, 满命荒泷一斗, 满命流浪者, 满命魈, 满命琴, 满命申鹤, 满命甘雨, 满命七七, 满命赛诺, 满命白术, 满命艾尔海森, 满命提纳里, 满命神里绫人, 满命珊瑚宫心海, 满命达达利亚, 满命迪卢克, 满命迪希雅, 满命莫娜, 4命那维莱特, 2命芙宁娜, 2命希诺宁, 2命枫原万叶, 2命阿蕾奇诺, 2命哥伦比娅, 1命玛拉妮, 1命优菈, 1命梦见月瑞希, 娜维娅, 恰斯卡, 玛薇卡, 闲云, 丝柯克, 伊涅芙，66个五星武器：精5天空之翼, 精5千夜浮梦, 精5神乐之真意, 精5飞雷之弦振, 精5神乐之真意, 精5若水, 精5不灭月华, 精5碧落之珑, 精5冬极白星, 精5图莱杜拉的回忆, 精5阿莫斯之弓, 精5千夜浮梦, 精5赤沙之杖, 精5苇海信标, 精5圣显之钥, 精5薙草之稻光, 精5赤角石溃杵, 精5波乱月白经津, 精5薙草之稻光, 精5雾切之回光, 精5息灾, 精5和璞鸢, 精5护摩之杖, 精5苍古自由之誓, 精5裁叶萃光, 精5圣显之钥, 精5阿莫斯之弓, 精5裁叶萃光, 精5天空之脊, 精5千夜浮梦, 精4磐岩结绿, 精4和璞鸢, 精3狼的末路, 精3雾切之回光, 精2阿莫斯之弓, 精2天空之傲, 精2贯虹之槊, 精2风鹰剑, 精2四风原典, 精1星鹫赤羽, 精1猎人之径, 精1帷间夜曲, 精1冲浪时光, 精1鹤鸣余音, 精1若水, 精1万世流涌大典, 精1支离轮光, 精1赤月之形, 精1苍耀, 精1岩峰巡歌, 精1静水流涌之辉, 精1焚曜千阳, 精1天空之刃, 精1千夜浮梦, 精1圣显之钥, 精1天空之刃, 精1天空之卷, 精1天空之刃, 精1天空之翼, 精1风鹰剑, 精1天空之翼, 精1苇海信标, 精1和璞鸢, 精1狼的末路, 精1狼的末路, 精1天空之刃，16套时装：玄玉瑶芳, 花时来信, 帆影游风, 雨化竹身, 霓裾翩跹, 纱中幽兰, 倩影游侠, 叶隐芳名, 静暇雅宴, 海风之梦, 宿雪桃红, 冷花幽露, 莎邦之息, 莘露的赠礼, 炽绘奇旅, 岁夜欢哗，纠缠之源 62，原石 698，圣遗物 1137【邮箱不出售】【邮箱不出售】【官方截图】",等级60 黄数422 主角男主 五星角色42 五星武器66 纠缠之源62 原石698 圣遗物1137 时装数量16,原神,2026-02-08 14:07:55
2025469997220820700,130.0,"58级，28黄，女主，18个五星角色：1命莫娜, 1命琴, 1命迪卢克, 哥伦比娅, 雷电将军, 夜兰, 纳西妲, 魈, 玛拉妮, 枫原万叶, 玛薇卡, 流浪者, 芙宁娜, 刻晴, 七七, 提纳里, 赛诺, 梦见月瑞希，7个五星武器：精1终末嗟叹之诗, 精1四风原典, 精1天空之脊, 精1裁叶萃光, 精1帷间夜曲, 精1碧落之珑, 精1天空之傲，2套时装：帆影游风, 叶隐芳名，原石 100，圣遗物 908【邮箱未绑定】【邮箱未绑定】【官方截图】",等级58 黄数28 主角女主 五星角色18 五星武器7 原石100 圣遗物908 时装数量2,原神,2026-02-22 20:18:55
2049213808148939212,680.0,,"（号主备注：65林尼4个月没玩能肝大量原石）60级，86黄，女主，28个五星角色：满命七七, 满命林尼, 3命莫娜, 2命钟离, 2命阿蕾奇诺, 2命迪希雅, 1命芙宁娜, 1命雷电将军, 1命玛薇卡, 1命魈, 1命神里绫人, 1命基尼奇, 1命提纳里, 1命那维莱特, 1命刻晴, 1命琴, 神里绫华, 宵宫, 流浪者, 枫原万叶, 甘雨, 克洛琳德, 赛诺, 艾尔海森, 夜兰, 达达利亚, 珊瑚宫心海, 迪卢克，22个五星武器：精5最初的大魔术, 精2若水, 精1静水流涌之辉, 精1阿莫斯之弓, 精1猎人之径, 精1裁叶萃光, 精1天空之傲, 精1飞雷之弦振, 精1波乱月白经津, 精1风鹰剑, 精1天空之刃, 精1若水, 精1赤月之形, 精1和璞鸢, 精1护摩之杖, 精1护摩之杖, 精1天空之脊, 精1裁叶萃光, 精1赦罪, 精1若水, 精1风鹰剑, 精1风鹰剑，5套时装：叶隐芳名, 倩影游侠, 极夜真梦, 雨化竹身, 纱中幽兰，原石 0，圣遗物 294【邮箱未绑定】【邮箱未绑定】【官方截图】",原神,2026-03-07 22:48:48
2058186228531919313,1999.0,"60级，48黄，女主，18个五星角色：满命丝柯克, 满命兹白, 4命莫娜, 3命提纳里, 2命琴, 1命那维莱特, 1命七七, 1命迪希雅, 1命梦见月瑞希, 1命刻晴, 芙宁娜, 爱可菲, 雷电将军, 艾尔海森, 纳西妲, 阿蕾奇诺, 林尼, 迪卢克，4个五星武器：精1天空之卷, 精1天空之脊, 精1狼的末路, 精1天空之翼，4套时装：炽绘奇旅, 倩影游侠, 雨化竹身, 岁夜欢哗，原石 1204，圣遗物 1863【邮箱未绑定】【邮箱未绑定】【官方截图】",等级60 黄数48 主角女主 五星角色18 五星武器4 原石1204 圣遗物1863 时装数量4,原神,2026-03-12 21:39:27
2057409580564922072,330.0,"58级，58黄，女主，23个五星角色：3命芙宁娜, 3命迪卢克, 3命提纳里, 2命娜维娅, 2命雷电将军, 2命七七, 2命莫娜, 1命千织, 哥伦比娅, 恰斯卡, 菲林斯, 玛拉妮, 白术, 希诺宁, 八重神子, 纳西妲, 宵宫, 梦见月瑞希, 琴, 优菈, 赛诺, 刻晴, 迪希雅，17个五星武器：精1风鹰剑, 精1星鹫赤羽, 精1裁断, 精1飞雷之弦振, 精1有乐御簾切, 精1飞雷之弦振, 精1天空之翼, 精1静水流涌之辉, 精1碧落之珑, 精1帷间夜曲, 精1雾切之回光, 精1碧落之珑, 精1苍古自由之誓, 精1支离轮光, 精1天空之刃, 精1薙草之稻光, 精1天空之卷，3套时装：玲雨听竹, 岁夜欢哗, 雨化竹身，原石 105，圣遗物 1288【邮箱未绑定】【邮箱未绑定】【官方截图】",等级58 黄数58 主角女主 五星角色23 五星武器17 原石105 圣遗物1288 时装数量3,原神,2026-03-12 11:22:13
2057386557194483036,2588.0,"60级，179黄，女主，35个五星角色：满命那维莱特, 满命娜维娅, 满命优菈, 满命克洛琳德, 满命八重神子, 满命刻晴, 满命提纳里, 满命芙宁娜, 满命夜兰, 满命迪卢克, 5命七七, 4命莫娜, 4命迪希雅, 4命琴, 2命可莉, 2命希诺宁, 2命枫原万叶, 2命神里绫华, 2命妮露, 2命玛薇卡, 1命瓦雷莎, 1命白术, 1命珊瑚宫心海, 1命胡桃, 1命梦见月瑞希, 杜林, 温迪, 兹白, 钟离, 闲云, 茜特菈莉, 甘雨, 雷电将军, 纳西妲, 埃洛伊，39个五星武器：精5松籁响起之时, 精5四风原典, 精2天空之翼, 精2不灭月华, 精2万世流涌大典, 精2磐岩结绿, 精1若水, 精1神乐之真意, 精1岩峰巡歌, 精1溢彩心念, 精1赦罪, 精1祭星者之望, 精1薙草之稻光, 精1静水流涌之辉, 精1护摩之杖, 精1静水流涌之辉, 精1图莱杜拉的回忆, 精1焚曜千阳, 精1裁叶萃光, 精1千夜浮梦, 精1裁断, 精1圣显之钥, 精1雾切之回光, 精1贯虹之槊, 精1岩峰巡歌, 精1天空之脊, 精1风鹰剑, 精1苍古自由之誓, 精1天空之翼, 精1风鹰剑, 精1天空之刃, 精1四风原典, 精1风鹰剑, 精1风鹰剑, 精1天空之脊, 精1天空之翼, 精1狼的末路, 精1息灾, 精1天空之脊，12套时装：花时来信, 宿雪桃红, 莘露的赠礼, 莎邦之息, 雨化竹身, 霓裾翩跹, 纱中幽兰, 琪花星烛, 玲雨听竹, 帆影游风, 玄玉瑶芳, 冷花幽露，原石 130，圣遗物 669【邮箱未绑定】【邮箱未绑定】【官方截图】",等级60 黄数179 主角女主 五星角色35 五星武器39 原石130 圣遗物669 时装数量12,原神,2026-03-12 11:03:55
2040304310599941159,5500.0,"58级，108黄，男主，28个五星角色：满命恰斯卡, 满命奈芙尔, 满命阿蕾奇诺, 4命七七, 3命兹白, 3命希诺宁, 3命琴, 3命迪希雅, 3命迪卢克, 2命哥伦比娅, 2命茜特菈莉, 2命杜林, 2命莫娜, 2命梦见月瑞希, 1命提纳里, 1命妮露, 1命刻晴, 瓦雷莎, 玛薇卡, 丝柯克, 芙宁娜, 菲林斯, 菈乌玛, 玛拉妮, 流浪者, 伊涅芙, 纳西妲, 那维莱特，23个五星武器：精5星鹫赤羽, 精3冲浪时光, 精2赤月之形, 精1黑蚀, 精1帷间夜曲, 精1焚曜千阳, 精1阿莫斯之弓, 精1天空之翼, 精1真语秘匣, 精1朏魄含光, 精1息灾, 精1纺夜天镜, 精1苍耀, 精1贯虹之槊, 精1溢彩心念, 精1岩峰巡歌, 精1天空之脊, 精1圣显之钥, 精1狼的末路, 精1血染荒城, 精1风鹰剑, 精1天空之脊, 精1天空之傲，4套时装：莎邦之息, 雨化竹身, 炽绘奇旅, 玲雨听竹，原石 1727，圣遗物 398【邮箱未绑定】【邮箱未绑定】【官方截图】",等级58 黄数108 主角男主 五星角色28 五星武器23 原石1727 圣遗物398 时装数量4,原神,2026-03-03 00:48:10
2057361871340479003,766.0,"60级，65黄，女主，26个五星角色：满命阿蕾奇诺, 3命刻晴, 3命迪希雅, 2命希诺宁, 1命神里绫华, 1命胡桃, 1命七七, 1命提纳里, 1命莫娜, 1命琴, 夜兰, 菲林斯, 哥伦比娅, 钟离, 枫原万叶, 丝柯克, 爱可菲, 芙宁娜, 那维莱特, 妮露, 达达利亚, 菈乌玛, 艾尔海森, 梦见月瑞希, 可莉, 迪卢克，15个五星武器：精3天空之刃, 精2最初的大魔术, 精2赤月之形, 精1天空之傲, 精1天空之翼, 精1息灾, 精1神乐之真意, 精1四风原典, 精1天空之卷, 精1裁断, 精1护摩之杖, 精1松籁响起之时, 精1苍耀, 精1天空之傲, 精1岩峰巡歌，7套时装：莎邦之息, 雨化竹身, 炽绘奇旅, 玲雨听竹, 岁夜欢哗, 叶隐芳名, 倩影游侠，原石 27，圣遗物 1636【邮箱不出售】【邮箱不出售】【官方截图】",等级60 黄数65 主角女主 五星角色26 五星武器15 原石27 圣遗物1636 时装数量7,原神,2026-03-12 10:44:18
2012677412454479060,900.0,"60级，76黄，女主，35个五星角色：满命七七, 3命刻晴, 2命丝柯克, 2命夜兰, 2命雷电将军, 2命纳西妲, 2命琴, 2命迪卢克, 1命那维莱特, 1命莫娜, 1命迪希雅, 芙宁娜, 阿蕾奇诺, 钟离, 枫原万叶, 优菈, 神里绫华, 菲林斯, 八重神子, 菈乌玛, 白术, 提纳里, 哥伦比娅, 妮露, 珊瑚宫心海, 玛薇卡, 宵宫, 温迪, 希诺宁, 闲云, 伊涅芙, 千织, 玛拉妮, 梦见月瑞希, 埃洛伊，18个五星武器：精1若水, 精1护摩之杖, 精1风鹰剑, 精1阿莫斯之弓, 精1焚曜千阳, 精1四风原典, 精1万世流涌大典, 精1狼的末路, 精1四风原典, 精1天空之卷, 精1苍耀, 精1天空之卷, 精1天空之卷, 精1圣显之钥, 精1和璞鸢, 精1雾切之回光, 精1天空之脊, 精1磐岩结绿，9套时装：倩影游侠, 花时来信, 静暇雅宴, 极夜真梦, 纱中幽兰, 雨化竹身, 闪耀协奏, 叶隐芳名, 帆影游风，原石 847，圣遗物 1325【邮箱未绑定】【邮箱未绑定】【官方截图】",等级60 黄数76 主角女主 五星角色35 五星武器18 原石847 圣遗物1325 时装数量9,原神,2026-02-15 18:52:17
2058169947833313965,450.0,"60级，86黄，女主，33个五星角色：4命莫娜, 3命琴, 3命雷电将军, 2命梦见月瑞希, 2命枫原万叶, 2命刻晴, 2命阿蕾奇诺, 2命迪卢克, 2命迪希雅, 1命达达利亚, 1命胡桃, 1命提纳里, 菲林斯, 伊涅芙, 哥伦比娅, 希诺宁, 娜维娅, 钟离, 恰斯卡, 闲云, 魈, 丝柯克, 爱可菲, 茜特菈莉, 神里绫华, 八重神子, 艾尔海森, 纳西妲, 芙宁娜, 神里绫人, 夜兰, 七七, 埃洛伊，27个五星武器：精2最初的大魔术, 精2天空之翼, 精1支离轮光, 精1护摩之杖, 精1若水, 精1香韵奏者, 精1裁断, 精1赤月之形, 精1岩峰巡歌, 精1帷间夜曲, 精1薙草之稻光, 精1有乐御簾切, 精1四风原典, 精1薙草之稻光, 精1静水流涌之辉, 精1天空之卷, 精1和璞鸢, 精1波乱月白经津, 精1天空之卷, 精1和璞鸢, 精1波乱月白经津, 精1苍古自由之誓, 精1碧落之珑, 精1山王长牙, 精1风鹰剑, 精1阿莫斯之弓, 精1天空之傲，8套时装：帆影游风, 极夜真梦, 岁夜欢哗, 雨化竹身, 炽绘奇旅, 玲雨听竹, 叶隐芳名, 倩影游侠，原石 162，圣遗物 2182【邮箱不出售】【邮箱不出售】【官方截图】",等级60 黄数86 主角女主 五星角色33 五星武器27 原石162 圣遗物2182 时装数量8,原神,2026-03-12 21:26:30
2006862696202367983,268.0,"60级，41黄，女主，19个五星角色：2命钟离, 2命迪卢克, 2命七七, 1命夜兰, 1命芙宁娜, 1命刻晴, 1命阿蕾奇诺, 1命提纳里, 丝柯克, 莱欧斯利, 八重神子, 雷电将军, 宵宫, 胡桃, 玛薇卡, 纳西妲, 莫娜, 琴, 迪希雅，11个五星武器：精1飞雷之弦振, 精1风鹰剑, 精1若水, 精1天空之翼, 精1金流监督, 精1磐岩结绿, 精1和璞鸢, 精1阿莫斯之弓, 精1天空之脊, 精1狼的末路, 精1磐岩结绿，6套时装：岁夜欢哗, 雨化竹身, 倩影游侠, 帆影游风, 叶隐芳名, 静暇雅宴，纠缠之源 21，原石 7197，圣遗物 378【邮箱未实名】【网易邮箱出售】【官方截图】",等级60 黄数41 主角女主 五星角色19 五星武器11 纠缠之源21 原石7197 圣遗物378 时装数量6,原神,2026-02-12 13:51:10
2057982672896486052,2299.0,"60级，197黄，女主，44个五星角色：满命菲林斯, 满命七七, 满命刻晴, 满命莫娜, 满命迪卢克, 5命琴, 3命那维莱特, 3命申鹤, 3命雷电将军, 3命提纳里, 3命妮露, 2命丝柯克, 2命希诺宁, 2命钟离, 2命枫原万叶, 2命纳西妲, 2命夜兰, 2命宵宫, 2命荒泷一斗, 2命流浪者, 2命神里绫华, 2命赛诺, 2命八重神子, 2命白术, 2命可莉, 1命爱可菲, 1命温迪, 1命优菈, 1命甘雨, 1命达达利亚, 1命林尼, 1命胡桃, 伊涅芙, 哥伦比娅, 菈乌玛, 芙宁娜, 阿贝多, 魈, 莱欧斯利, 艾尔海森, 神里绫人, 珊瑚宫心海, 迪希雅, 梦见月瑞希，48个五星武器：精5四风原典, 精4飞雷之弦振, 精4和璞鸢, 精3若水, 精3赤角石溃杵, 精3天空之刃, 精2赤沙之杖, 精2狼的末路, 精2磐岩结绿, 精2斫峰之刃, 精1最初的大魔术, 精1阿莫斯之弓, 精1碧落之珑, 精1猎人之径, 精1帷间夜曲, 精1万世流涌大典, 精1天空之卷, 精1图莱杜拉的回忆, 精1血染荒城, 精1冬极白星, 精1千夜浮梦, 精1支离轮光, 精1终末嗟叹之诗, 精1神乐之真意, 精1香韵奏者, 精1终末嗟叹之诗, 精1不灭月华, 精1薙草之稻光, 精1圣显之钥, 精1息灾, 精1松籁响起之时, 精1波乱月白经津, 精1雾切之回光, 精1贯虹之槊, 精1天空之傲, 精1雾切之回光, 精1护摩之杖, 精1岩峰巡歌, 精1裁断, 精1静水流涌之辉, 精1苇海信标, 精1裁叶萃光, 精1苍古自由之誓, 精1天空之刃, 精1天空之翼, 精1天空之翼, 精1息灾, 精1风鹰剑，8套时装：玲雨听竹, 莘露的赠礼, 帆影游风, 雨化竹身, 闪耀协奏, 叶隐芳名, 炽绘奇旅, 极夜真梦，纠缠之源 6，原石 1454，圣遗物 959【邮箱已注销】【邮箱未绑定】【官方截图】",等级60 黄数197 主角女主 五星角色44 五星武器48 纠缠之源6 原石1454 圣遗物959 时装数量8,原神,2026-03-12 18:57:40
2046811625800635494,555.0,"60级，71黄，女主，24个五星角色：满命刻晴, 4命那维莱特, 4命七七, 2命芙宁娜, 2命瓦雷莎, 2命流浪者, 2命迪卢克, 1命梦见月瑞希, 1命琴, 1命纳西妲, 1命提纳里, 1命夜兰, 1命莫娜, 希诺宁, 枫原万叶, 哥伦比娅, 兹白, 钟离, 温迪, 爱可菲, 雷电将军, 玛薇卡, 阿蕾奇诺, 迪希雅，15个五星武器：精3天空之卷, 精3天空之刃, 精1溢彩心念, 精1和璞鸢, 精1天空之卷, 精1万世流涌大典, 精1苇海信标, 精1千夜浮梦, 精1天空之傲, 精1四风原典, 精1雾切之回光, 精1天空之卷, 精1风鹰剑, 精1息灾, 精1狼的末路，8套时装：叶隐芳名, 聆雨听竹, 帆影游风, 炽绘奇旅, 岁夜欢哗, 静暇雅宴, 雨化竹身, 倩影游侠，原石 1947，圣遗物 543【邮箱未绑定】【邮箱未绑定】【官方截图】",等级60 黄数71 主角女主 五星角色24 五星武器15 原石1947 圣遗物543 时装数量8,原神,2026-03-06 14:59:43
