productId,price,productName,showTitle,createTime
2083344207954202127,550.0,None,"总资产：44.4M，哈夫币：353W，传说武器22，史诗武器19，烽火60级：铂金，战场29级：军士长，通行证64级：烽火地带限定版
【安全箱】高级安全箱；【特勤处等级】仓库LV.8，训练中心LV.6，靶场LV.6，制药台LV.3，工作台LV.3，技术中心LV.3，指挥中心LV.5，防具台LV.3，潜水中心LV.1；
【干员皮肤3】骇爪维什戴尔，红狼电锯惊魂，蛊不羁人生；
【已有捆绑包5】维什戴尔捆绑包，电锯惊魂干员捆绑包，暗星捆绑包，悠然茶歇捆绑包；
【近战皮肤2】近战武器-暗星，近战武器-黑鹰；
【步枪皮肤】K416突击步枪-冬日风情，KC17突击步枪-电锯惊魂，SCAR-H战斗步枪-囚徒，M4A1突击步枪-阿米娅，SCAR-H战斗步枪-启航，G3战斗步枪-哈夫克警备，AUG突击步枪-紧急戒备，MK47突击步枪-暗星，K416突击步枪-腊梅，腾龙突击步枪-马年祥瑞，AKM突击步枪-锦绣，K437突击步枪-锦绣，腾龙突击步枪-万金泪冠，AUG突击步枪-悠然茶歇，MK47突击步枪-悠然茶歇；
【冲锋枪皮肤】SR-3M紧凑突击步枪-暗星，Vector冲锋枪-阿萨拉文明，P90冲锋枪-紧急戒备，MP5冲锋枪-战术竞备，MP5冲锋枪-竞技风，MP7冲锋枪-六套之力，SMG-45冲锋枪-锦绣，勇士冲锋枪-万金泪冠，UZI冲锋枪-悠然茶歇；
【射手步枪皮肤】SKS射手步枪-骑士，M14射手步枪-蛮荒，VSS射手步枪-丛影谍踪，M14射手步枪-航天庆典，M14射手步枪-缄花，SR-25射手步枪-缄花；
【狙击步枪皮肤】M700狙击步枪-竞技风，R93狙击步枪-维什戴尔，SV-98狙击步枪-猎鳄行动，AWM狙击步枪-万金泪冠；
【轻机枪皮肤】M250通用机枪-寒冬猎手，M249轻机枪-丛影谍踪，QJB201轻机枪-炽焰，PKM通用机枪-阿萨拉特攻；
【手枪皮肤】G18-马年祥瑞，.357左轮-缄花；
【挂饰30】挂饰-暗星，窃风密探，挂饰-维什戴尔，聚宝盆，福禄，暗行哨兵，诡影喷火兵，阿萨拉狙击兵，挂饰-年年有鱼，挂饰-万金泪冠，挂饰-万金泪冠，挂饰-缄花，挂饰-马到成功，挂饰-卡皮巴拉，挂饰-饺子，挂饰-北非蛋，挂饰-汤圆，挂饰-悠然茶歇，挂饰-雪松，挂饰-锦绣，挂饰-启程，挂饰-关山难越，挂饰-牛角，挂饰-仪典匕首，挂饰-枪匠，麻将，紧急撤离，紧急会议，阿萨拉徽章，挂饰-起舞的女郎；
【载具2】M1A4坦克-驯鹿，轮式突击炮-荣耀；
【烽火地带战损比】3/0.7/1.2
【货币】6三角币，11曼德尔币，380三角卷
【皮肤、道具、货币、安全箱等实际信息请以游戏内数据为准】【QQ登录】【不可二次实名】【官方截图】",2026-03-26 18:53:13
2083677843620771450,2600.0,None,总资产：303.21M，哈夫币：16408W，传说武器57，史诗武器57，武器皮肤352；烽火60级：黄金Ⅰ，战场：尉官Ⅱ，【安全箱】S8顶级安全箱；【特勤处等级】仓库LV.8，靶场LV.6，训练中心LV.6，收藏室LV.0，潜水中心LV.2；【捆绑包15】北极星捆绑包，维什戴尔捆绑包，鹅鸭杀捆绑包，黑天际线捆绑包，电锯惊魂干员捆绑包，锦绣捆绑包，StoryBoard捆绑包，悠然茶歇捆绑包，特斯拉线圈捆绑包，捞点薯条捆绑包，夜莺捆绑包，缄花捆绑包，能天使午夜邮差捆绑包，曙光捆绑包，蝮蛇捆绑包；【干员皮肤11】骇爪维什戴尔，蛊能天使午夜邮差，露娜黑天际线，威龙凌霄戍卫，蜂医送葬人无题密令，无名夜鹰，红狼电锯惊魂，深蓝不破誓约，乌鲁鲁荒原猎手，露娜金牌射手，蛊不羁人生；【近战皮肤4】近战武器-北极星，近战武器-处刑者，近战武器-暗星，近战武器-黑鹰；【步枪皮肤137】M4A1突击步枪-阿米娅，M4A1突击步枪-蚀金玫瑰，AKM突击步枪-锦绣，QBZ95-1突击步枪-凌霄戍卫，ASh-12战斗步枪-鹅鸭杀，K416突击步枪-StoryBoard，K416突击步枪-行动记录，AUG突击步枪-悠然茶歇，SG552突击步枪-运动员，AK-12突击步枪-夜鹰，AK-12突击步枪-特斯拉线圈，SCAR-H战斗步枪-启航，SCAR-H战斗步枪-荼蘼，G3战斗步枪-骑士，CAR-15突击步枪-阿米娅，CAR-15突击步枪-黑鹰坠落，腾龙突击步枪-捞点薯条，腾龙突击步枪-马年祥瑞，K437突击步枪-北极星，K437突击步枪-锦绣，KC17突击步枪-电锯惊魂，MK47突击步枪-悠然茶歇，MK47突击步枪-暗星，AKM突击步枪-林中猎手，QBZ95-1突击步枪-曙光，QBZ95-1突击步枪-竞技风，ASh-12战斗步枪-守夜人，ASh-12战斗步枪-无极限，K416突击步枪-阿萨拉特攻，K416突击步枪-冬日风情，K416突击步枪-腊梅，M16A4突击步枪-竞赛选手，AUG突击步枪-蝮蛇，M7战斗步枪-百步穿杨，SG552突击步枪-尖端治疗，SG552突击步枪-深海恐惧，SCAR-H战斗步枪-囚徒，G3战斗步枪-哈夫克警备，G3战斗步枪-流沙送葬，PTR-32突击步枪-OldHabits，ASVal突击步枪-尖端治疗，ASVal突击步枪-典狱官，ASVal突击步枪-百步穿杨，腾龙突击步枪-无垢，腾龙突击步枪-猎鳄行动，K437突击步枪-守护者，K437突击步枪-丛影谍踪；【冲锋枪皮肤83】Vector冲锋枪-能天使-午夜邮差，Vector冲锋枪-夜莺，UZI冲锋枪-特斯拉线圈，UZI冲锋枪-悠然茶歇，SMG-45冲锋枪-锦绣，SR-3M紧凑突击步枪-特斯拉线圈，SR-3M紧凑突击步枪-荼蘼，SR-3M紧凑突击步枪-暗星，勇士冲锋枪-StoryBoard，勇士冲锋枪-能天使-午夜邮差，MP7冲锋枪-StoryBoard，QCQ171冲锋枪-北极星，QCQ171冲锋枪-鹅鸭杀，QCQ171冲锋枪-不羁人生，MK4冲锋枪-夜莺，勇士冲锋枪-檀劫铳影，MP5冲锋枪-深海恐惧，MP5冲锋枪-青枳，MP5冲锋枪-战术竞备，MP5冲锋枪-竞技风，P90冲锋枪-紧急戒备，P90冲锋枪-莫斯提马，Vector冲锋枪-异域战争，Vector冲锋枪-百步穿杨，SMG-45冲锋枪-阿萨拉特攻，SR-3M紧凑突击步枪-荒野求生，SR-3M紧凑突击步枪-战术竞备，SR-3M紧凑突击步枪-开工大吉，勇士冲锋枪-深海恐惧，勇士冲锋枪-工业狂潮，勇士冲锋枪-丛影谍踪，MP7冲锋枪-无垢，MP7冲锋枪-守护者，MP7冲锋枪-六套之力；【射手步枪皮肤42】Mini-14射手步枪-夜莺，M14射手步枪-蛮荒，M14射手步枪-缄花，SKS射手步枪-骑士，SR-25射手步枪-缄花，PSG-1射手步枪-黑-天际线，Mini-14射手步枪-守护者，VSS射手步枪-丛影谍踪，SVD狙击步枪-阿萨拉工艺，SVD狙击步枪-暗夜猎手，SVD狙击步枪-荒野求生，M14射手步枪-黑鹰坠落，M14射手步枪-工业狂潮，M14射手步枪-航天庆典，SR-25射手步枪-尖端治疗，PSG-1射手步枪-无垢；【狙击步枪皮肤25】R93狙击步枪-维什戴尔，AWM狙击步枪-捞点薯条，SV-98狙击步枪-林中猎手，SV-98狙击步枪-囚徒，SV-98狙击步枪-猎鳄行动，M700狙击步枪-竞技风，M700狙击步枪-蝮蛇，M700狙击步枪-守夜人，M700狙击步枪-哈夫克警备，M700狙击步枪-百步穿杨，AWM狙击步枪-无极限，AWM狙击步枪-流沙送葬；【霰弹枪皮肤12】725双管霰弹枪-送葬人-无题密令，M1014霰弹枪-林中猎手，S12K霰弹枪-曙光；【轻机枪皮肤29】PKM通用机枪-荼蘼，M250通用机枪-骑士之心，QJB201轻机枪-鹅鸭杀，PKM通用机枪-蝮蛇，PKM通用机枪-守夜人，PKM通用机枪-荒野求生，PKM通用机枪-阿萨拉特攻，M249轻机枪-丛影谍踪，M250通用机枪-囚徒，QJB201轻机枪-OldHabits；【手枪皮肤18】.357左轮-缄花，G18-马年祥瑞，93R-捞点薯条，.357左轮-幸运时刻，沙漠之鹰-曙光；【复合弓皮肤2】复合弓-黑-天际线，复合弓-守护者；【挂饰49】摇钱树，阿萨拉机枪兵，三足蟾，摇钱树，祥龙，狻猊，牛角威龙，阿萨拉盾兵，麦小鼠，窃风密探，阿萨拉机枪兵，窃风密探，挂饰-蚀金玫瑰，挂饰-黑，挂饰-维什戴尔，挂饰-黑·天际线，挂饰-北极星，挂饰-能天使，挂饰-凌霄戍卫，挂饰-暗星，挂饰-复合弓，挂饰-枪匠，挂饰-彩蛋，挂饰-小羊，挂饰-龙门币，挂饰-特斯拉线圈，挂饰-阿米娅，挂饰-来点薯条，挂饰-StoryBoard，挂饰-晶石幻想，仪典匕首，挂饰-大白鹅，挂饰-启程，挂饰-雪人，挂饰-锦绣，雪松，挂饰-悠然茶歇，汤圆，北非蛋，饺子，挂饰-卡皮巴拉，挂饰-荼蘼，马到成功，挂饰-缄花，挂饰-夜莺，挂饰-不羁人生，福禄，聚宝盆；【载具26】M1A4坦克-烈焰，轮式突击炮-荣耀，M1A4坦克-驯鹿，突击直升机-英雄，突击直升机-火焰，步战车-破碎，步战车-生命线，防空车-生命线，M1A4坦克-哈夫克重工，轮式突击炮-巅峰竞赛，M1A4坦克-巅峰竞赛，侦察直升机-酒红，突击直升机-原始伪装，全地形车-森林迷彩，M1A4坦克-夜间迷彩，防空车-赤色军团，M1A4坦克-护林人，轮式突击炮-护林人，M1A4坦克-烟火2026，GTQ35坦克-烟火2026，突击车-寒梅，轮式突击炮-烟火2026，M1A4坦克-战痕，F45A战斗机-夜间迷彩，侦察直升机-烟火2026，F-45A战斗机-建造；【AW子弹】72;【烽火地带战损比】2.4/1.4/1.4；【货币】106三角币，【 皮肤、道具、货币、安全箱、特勤处等实际信息请以游戏内数据为准】【QQ登录】【可二次实名】【官方截图】,2026-03-26 23:18:22
2083727966290674060,550.0,None,总资产：23.03M，哈夫币：92W，传说武器20，史诗武器20，武器皮肤125；烽火60级：钻石Ⅲ，战场：暂无段位，【安全箱】高级安全箱；【特勤处等级】仓库LV.7，靶场LV.6，训练中心LV.6，潜水中心LV.0；【捆绑包3】锦绣捆绑包，悠然茶歇捆绑包，缄花捆绑包；【干员皮肤1】露娜金牌射手；【近战皮肤3】近战武器-赤枭，近战武器-处刑者，近战武器-黑鹰；【步枪皮肤52】AKM突击步枪-锦绣，AUG突击步枪-悠然茶歇，SG552突击步枪-运动员，SCAR-H战斗步枪-启航，SCAR-H战斗步枪-荼蘼，腾龙突击步枪-马年祥瑞，K437突击步枪-锦绣，MK47突击步枪-悠然茶歇，KC17突击步枪-碎冰行动，ASh-12战斗步枪-碎冰行动，K416突击步枪-阿萨拉特攻，M7战斗步枪-百步穿杨，SG552突击步枪-哈夫克警备，G3战斗步枪-流沙送葬，ASVal突击步枪-百步穿杨；【冲锋枪皮肤25】UZI冲锋枪-悠然茶歇，SMG-45冲锋枪-锦绣，SR-3M紧凑突击步枪-荼蘼，MP5冲锋枪-深海恐惧，MP5冲锋枪-战术竞备，Vector冲锋枪-异域战争，Vector冲锋枪-百步穿杨，MP7冲锋枪-六套之力；【射手步枪皮肤13】M14射手步枪-电锯惊魂，M14射手步枪-缄花，SR-25射手步枪-缄花，M14射手步枪-工业狂潮；【狙击步枪皮肤10】R93狙击步枪-维什戴尔，SV-98狙击步枪-囚徒，M700狙击步枪-哈夫克警备，M700狙击步枪-百步穿杨，AWM狙击步枪-流沙送葬；【轻机枪皮肤8】PKM通用机枪-荼蘼，QJB201轻机枪-炽焰；【手枪皮肤9】.357左轮-缄花，G18-马年祥瑞，沙漠之鹰-曙光；【挂饰15】仪典匕首，挂饰-启程，挂饰-雪人，挂饰-锦绣，挂饰-悠然茶歇，汤圆，北非蛋，饺子，挂饰-荼蘼，马到成功，挂饰-缄花，暗行哨兵，崩岩重炮；【载具13】轮式突击炮-荣耀，轮式突击炮-巅峰竞赛，M1A4坦克-巅峰竞赛，侦察直升机-酒红，突击直升机-原始伪装，M1A4坦克-护林人，M1A4坦克-烟火2026，GTQ35坦克-烟火2026，突击车-寒梅，轮式突击炮-烟火2026，F45A战斗机-夜间迷彩，侦察直升机-烟火2026，F-45A战斗机-建造；【烽火地带战损比】1.0/0.9/1.1；【货币】20三角币，90三角卷，【 皮肤、道具、货币、安全箱、特勤处等实际信息请以游戏内数据为准】【QQ登录】【可二次实名】【官方截图】,2026-03-26 23:58:12
2083717207408786687,500.0,None,总资产：153.45M，哈夫币：324W，传说武器28，史诗武器28，武器皮肤185；烽火60级：黄金Ⅱ，战场：校官Ⅰ，【安全箱】高级安全箱；【特勤处等级】仓库LV.8，靶场LV.6，训练中心LV.7，收藏室LV.1，潜水中心LV.1；【捆绑包8】鹅鸭杀捆绑包，电锯惊魂干员捆绑包，悠然茶歇捆绑包，特斯拉线圈捆绑包，捞点薯条捆绑包，万金泪冠捆绑包，能天使午夜邮差捆绑包，曙光捆绑包；【干员皮肤3】蛊能天使午夜邮差，红狼电锯惊魂，露娜金牌射手；【近战皮肤1】近战武器-黑鹰；【步枪皮肤72】M4A1突击步枪-阿米娅，M4A1突击步枪-蚀金玫瑰，ASh-12战斗步枪-鹅鸭杀，K416突击步枪-行动记录，AUG突击步枪-悠然茶歇，SG552突击步枪-运动员，AK-12突击步枪-特斯拉线圈，SCAR-H战斗步枪-启航，G3战斗步枪-骑士，CAR-15突击步枪-阿米娅，腾龙突击步枪-捞点薯条，腾龙突击步枪-万金泪冠，KC17突击步枪-电锯惊魂，MK47突击步枪-悠然茶歇，QBZ95-1突击步枪-曙光，QBZ95-1突击步枪-竞技风，K416突击步枪-冬日风情，AUG突击步枪-蝮蛇，M7战斗步枪-百步穿杨，SG552突击步枪-深海恐惧，SCAR-H战斗步枪-囚徒，G3战斗步枪-流沙送葬，ASVal突击步枪-百步穿杨；【冲锋枪皮肤46】Vector冲锋枪-能天使-午夜邮差，UZI冲锋枪-特斯拉线圈，UZI冲锋枪-悠然茶歇，SR-3M紧凑突击步枪-特斯拉线圈，勇士冲锋枪-能天使-午夜邮差，勇士冲锋枪-万金泪冠，QCQ171冲锋枪-鹅鸭杀，MP5冲锋枪-战术竞备，P90冲锋枪-紧急戒备，P90冲锋枪-莫斯提马，Vector冲锋枪-百步穿杨，SR-3M紧凑突击步枪-战术竞备，勇士冲锋枪-深海恐惧，MP7冲锋枪-六套之力；【射手步枪皮肤21】M14射手步枪-蛮荒，SKS射手步枪-骑士，VSS射手步枪-丛影谍踪，M14射手步枪-工业狂潮，M14射手步枪-航天庆典，SR-25射手步枪-聚光灯；【狙击步枪皮肤14】R93狙击步枪-维什戴尔，AWM狙击步枪-捞点薯条，AWM狙击步枪-万金泪冠，SV-98狙击步枪-林中猎手，SV-98狙击步枪-猎鳄行动，M700狙击步枪-竞技风，M700狙击步枪-蝮蛇，M700狙击步枪-百步穿杨，AWM狙击步枪-流沙送葬；【霰弹枪皮肤6】S12K霰弹枪-曙光；【轻机枪皮肤14】QJB201轻机枪-鹅鸭杀，PKM通用机枪-阿萨拉特攻，M249轻机枪-丛影谍踪，M250通用机枪-囚徒；【手枪皮肤11】93R-捞点薯条，沙漠之鹰-曙光；【挂饰30】窃风密探，火箭玫瑰，赤霄游龙，挂饰-黑，挂饰-维什戴尔，挂饰-能天使，挂饰-枪匠，挂饰-龙门币，挂饰-特斯拉线圈，挂饰-阿米娅，挂饰-来点薯条，仪典匕首，挂饰-大白鹅，挂饰-启程，挂饰-雪人，挂饰-悠然茶歇，挂饰-卡皮巴拉，挂饰-万金泪冠，阿萨拉狙击兵，阿萨拉霰弹兵，诡影狙击兵，诡影喷火兵，暗行哨兵，崩岩重炮，福禄，聚宝盆；【载具37】防空车-原木，M1A4坦克-凝视，M1A4坦克-烈焰，步战车-警戒线，轮式突击炮-荣耀，步战车-鳄鳄出击，步战车-钢铁洪流，防空车-钢铁洪流，轮式突击炮-钢铁洪流，M1A4坦克-驯鹿，GTQ35坦克-钢铁洪流，F45A战斗机-钢铁洪流，突击直升机-英雄，M1A4坦克-哈夫克重工，防空车-斑马，轮式突击炮-巅峰竞赛，GTQ35坦克-巅峰竞赛，M1A4坦克-巅峰竞赛，侦察直升机-酒红，突击直升机-原始伪装，侦察直升机-斑马，侦察直升机-巅峰竞赛，突击直升机-巅峰竞赛，全地形车-森林迷彩，M1A4坦克-护林人，轮式突击炮-护林人，M1A4坦克-烟火2026，GTQ35坦克-烟火2026，突击车-寒梅，轮式突击炮-烟火2026，轮式突击炮-寒梅，GTQ35坦克-寒梅，M1A4坦克-战痕，突击直升机-寒梅，F45A战斗机-夜间迷彩，侦察直升机-烟火2026，F-45A战斗机-建造；【AW子弹】10;【烽火地带战损比】4.0/0.5/1.5；【货币】60三角币，262三角卷，【 皮肤、道具、货币、安全箱、特勤处等实际信息请以游戏内数据为准】【QQ登录】【不可二次实名】【官方截图】,2026-03-26 23:49:39
2083588002284512480,1999.0,None,总资产：176.46M，哈夫币：1097W，传说武器26，史诗武器26，武器皮肤132；烽火60级：青铜Ⅲ，战场：暂无段位，【安全箱】S8顶级安全箱；【特勤处等级】仓库LV.10，靶场LV.7，训练中心LV.7，收藏室LV.0，潜水中心LV.0；【捆绑包6】蚀金玫瑰捆绑包，锦绣捆绑包，悠然茶歇捆绑包，点翠捆绑包，缄花捆绑包，缄默情歌捆绑包；【干员皮肤6】骇爪水墨云图，红狼蚀金玫瑰，威龙凌霄戍卫，乌鲁鲁荒原猎手，露娜金牌射手，蛊不羁人生；【传说典藏皮肤1】腾龙突击步枪-气象感应（优品A）；【近战皮肤4】近战武器-龙牙，近战武器-处刑者，近战武器-暗星，近战武器-黑鹰；【步枪皮肤59】腾龙突击步枪-气象感应，M4A1突击步枪-蚀金玫瑰，AKM突击步枪-锦绣，QBZ95-1突击步枪-凌霄戍卫，AUG突击步枪-悠然茶歇，SG552突击步枪-运动员，SG552突击步枪-点翠，SCAR-H战斗步枪-水墨云图，SCAR-H战斗步枪-荼蘼，K437突击步枪-锦绣，KC17突击步枪-点翠，MK47突击步枪-悠然茶歇，MK47突击步枪-暗星，K416突击步枪-冬日风情，K416突击步枪-腊梅，K416突击步枪-缄默情歌，M7战斗步枪-百步穿杨，SG552突击步枪-哈夫克警备，G3战斗步枪-流沙送葬，ASVal突击步枪-百步穿杨，K437突击步枪-丛影谍踪，KC17突击步枪-缄默情歌；【冲锋枪皮肤26】UZI冲锋枪-悠然茶歇，SMG-45冲锋枪-锦绣，SR-3M紧凑突击步枪-暗星，QCQ171冲锋枪-不羁人生，MP5冲锋枪-深海恐惧，Vector冲锋枪-百步穿杨，SR-3M紧凑突击步枪-开工大吉，勇士冲锋枪-丛影谍踪，MP7冲锋枪-六套之力；【射手步枪皮肤16】M14射手步枪-蛮荒，M14射手步枪-缄花，SKS射手步枪-骑士，SR-25射手步枪-缄花，PSG-1射手步枪-点翠，VSS射手步枪-丛影谍踪，M14射手步枪-工业狂潮；【狙击步枪皮肤9】M700狙击步枪-哈夫克警备，M700狙击步枪-百步穿杨，AWM狙击步枪-流沙送葬；【霰弹枪皮肤6】S12K霰弹枪-缄默情歌；【轻机枪皮肤7】M249轻机枪-丛影谍踪；【手枪皮肤5】.357左轮-缄花；【挂饰24】黑夜猎手，黑夜猎手，摇钱树，麦小鼠，赤霄游龙，挂饰-蚀金玫瑰，挂饰-凌霄戍卫，挂饰-暗星，牛角，关山难越，挂饰-雪人，挂饰-锦绣，挂饰-悠然茶歇，北非蛋，挂饰-卡皮巴拉，挂饰-点翠，挂饰-缄花，暗行哨兵，崩岩重炮，福禄，聚宝盆；【载具9】轮式突击炮-巅峰竞赛，M1A4坦克-巅峰竞赛，侦察直升机-酒红，M1A4坦克-烟火2026，GTQ35坦克-烟火2026，突击车-寒梅，轮式突击炮-烟火2026，侦察直升机-烟火2026，F-45A战斗机-建造；【AW子弹】37;【烽火地带战损比】2.1/1.4/1.6；【货币】128三角币，8766三角卷，【 皮肤、道具、货币、安全箱、特勤处等实际信息请以游戏内数据为准】【QQ登录】【不可二次实名】【官方截图】,2026-03-26 22:06:58
2068766513070466994,1000.0,None,"总资产：115M，哈夫币：588，传说武器36，史诗武器62，烽火60级：黑鹰_，战场19级：列兵，通行证110级：三角洲豪华版
【安全箱】S8顶级安全箱；【特勤处等级】仓库LV.8，训练中心LV.7，靶场LV.7，制药台LV.3，工作台LV.3，技术中心LV.3，指挥中心LV.6，防具台LV.3，收藏室LV.1，潜水中心LV.2；
【干员皮肤5】露娜黑天际线，深蓝不破誓约，蜂医送葬人无题密令，露娜金牌射手，乌鲁鲁荒原猎手；
【传说典藏武器1】M7战斗步枪-棱镜攻势S2（优品C）；
【已有捆绑包5】黑天际线捆绑包，捞点薯条捆绑包，特斯拉线圈捆绑包，信条捆绑包，悠然茶歇捆绑包；
【近战皮肤2】近战武器-信条，近战武器-黑鹰；
【步枪皮肤】M7战斗步枪-棱镜攻势S2，M4A1突击步枪-蚀金玫瑰，K416突击步枪-暗鸦，K416突击步枪-冬日风情，AUG突击步枪-蝮蛇，KC17突击步枪-电锯惊魂，SG552突击步枪-深海恐惧，AKM突击步枪-林中猎手，PTR-32突击步枪-英雄，腾龙突击步枪-无垢，SCAR-H战斗步枪-囚徒，M16A4突击步枪-竞赛选手，M4A1突击步枪-阿米娅，腾龙突击步枪-捞点薯条，AK-12突击步枪-特斯拉线圈，K437突击步枪-守护者，ASh-12战斗步枪-无极限，SCAR-H战斗步枪-启航，ASh-12战斗步枪-碎冰行动，SG552突击步枪-哈夫克警备，SG552突击步枪-哈夫克警备，SG552突击步枪-运动员，M7战斗步枪-百步穿杨，G3战斗步枪-流沙送葬，AUG突击步枪-紧急戒备，K437突击步枪-丛影谍踪，K416突击步枪-腊梅，K416突击步枪-阿萨拉特攻，SCAR-H战斗步枪-荼蘼，腾龙突击步枪-马年祥瑞，AKM突击步枪-锦绣，K437突击步枪-锦绣，AUG突击步枪-悠然茶歇，MK47突击步枪-悠然茶歇；
【冲锋枪皮肤】SR-3M紧凑突击步枪-荒野求生，SR-3M紧凑突击步枪-特斯拉线圈，SR-3M紧凑突击步枪-战术竞备，SR-3M紧凑突击步枪-开工大吉，SR-3M紧凑突击步枪-荼蘼，UZI冲锋枪-特斯拉线圈，勇士冲锋枪-深海恐惧，MP7冲锋枪-无垢，勇士冲锋枪-能天使-午夜邮差，P90冲锋枪-紧急戒备，Vector冲锋枪-猎鳄行动，MP7冲锋枪-守护者，勇士冲锋枪-工业狂潮，MP5冲锋枪-战术竞备，P90冲锋枪-信条，Vector冲锋枪-异域战争，Vector冲锋枪-百步穿杨，MP5冲锋枪-竞技风，MP7冲锋枪-六套之力，SMG-45冲锋枪-锦绣，UZI冲锋枪-悠然茶歇；
【射手步枪皮肤】SKS射手步枪-骑士，PSG-1射手步枪-无垢，M14射手步枪-电锯惊魂，Mini-14射手步枪-守护者，SR-25射手步枪-信条，M14射手步枪-工业狂潮，M14射手步枪-蛮荒，VSS射手步枪-丛影谍踪，M14射手步枪-航天庆典，M14射手步枪-缄花，SR-25射手步枪-缄花；
【狙击步枪皮肤】M700狙击步枪-竞技风，SV-98狙击步枪-囚徒，M700狙击步枪-蝮蛇，SVD狙击步枪-暗夜猎手，SV-98狙击步枪-林中猎手，SVD狙击步枪-荒野求生，AWM狙击步枪-捞点薯条，AWM狙击步枪-流沙送葬，M700狙击步枪-百步穿杨，M700狙击步枪-哈夫克警备；
【霰弹枪皮肤】M1014霰弹枪-林中猎手，725双管霰弹枪-送葬人-无题密令；
【轻机枪皮肤】PKM通用机枪-荒野求生，M250通用机枪-囚徒，QJB201轻机枪-OldHabits，M249轻机枪-异域战争，M250通用机枪-骑士之心，M250通用机枪-寒冬猎手，M249轻机枪-丛影谍踪，QJB201轻机枪-炽焰，PKM通用机枪-荼蘼；
【手枪皮肤】沙漠之鹰-曙光，93R-捞点薯条，G18-马年祥瑞，.357左轮-缄花；
【特殊武器皮肤】复合弓-黑-天际线，复合弓-守护者；
【挂饰38】阿萨拉霰弹兵，挂饰-阿米娅，赤霄游龙，窃风密探，挂饰-凌霄戍卫，挂饰-信条，挂饰-黑，聚宝盆，福禄，崩岩重炮，暗行哨兵，诡影喷火兵，诡影狙击兵，阿萨拉狙击兵，重装记者，挂饰-年年有鱼，挂饰-缄花，挂饰-马到成功，挂饰-荼蘼，挂饰-卡皮巴拉，挂饰-饺子，挂饰-北非蛋，挂饰-汤圆，挂饰-悠然茶歇，挂饰-雪松，挂饰-锦绣，挂饰-雪人，挂饰-启程，挂饰-牛角，挂饰-骑士之心，挂饰-晶石幻想，挂饰-来点薯条，挂饰-特斯拉线圈，挂饰-彩蛋，麻将，紧急撤离，紧急会议，阿萨拉徽章；
【载具10】M1A4坦克-驯鹿，M1A4坦克-流星，突击车-流星，轮式突击炮-荣耀，轮式突击炮-流星，突击直升机-流星，侦察直升机-流星，GTQ35坦克-流星，F45A战斗机-航天飞机，F45A战斗机-流星；
【烽火地带战损比】0.9/1.4/1.2
【货币】161三角币，5曼德尔币，80三角卷
【皮肤、道具、货币、安全箱等实际信息请以游戏内数据为准】【QQ登录】【不可二次实名】【官方截图】",2026-03-18 17:47:54
2083687008666590722,1300.0,None,总资产：205.65M，哈夫币：5825W，传说武器30，史诗武器30，武器皮肤226；烽火60级：三角洲巅峰，战场：列兵Ⅰ，【安全箱】S8顶级安全箱；【特勤处等级】仓库LV.8，靶场LV.6，训练中心LV.7，收藏室LV.1，潜水中心LV.1；【捆绑包6】黑天际线捆绑包，锦绣捆绑包，悠然茶歇捆绑包，特斯拉线圈捆绑包，捞点薯条捆绑包，曙光捆绑包；【干员皮肤6】露娜黑天际线，威龙凌霄戍卫，蜂医送葬人无题密令，乌鲁鲁荒原猎手，露娜金牌射手，蛊不羁人生；【近战皮肤3】近战武器-处刑者，近战武器-暗星，近战武器-黑鹰；【步枪皮肤87】M4A1突击步枪-阿米娅，AKM突击步枪-锦绣，QBZ95-1突击步枪-凌霄戍卫，AUG突击步枪-悠然茶歇，SG552突击步枪-运动员，AK-12突击步枪-特斯拉线圈，SCAR-H战斗步枪-启航，G3战斗步枪-骑士，CAR-15突击步枪-阿米娅，腾龙突击步枪-捞点薯条，腾龙突击步枪-马年祥瑞，K437突击步枪-锦绣，KC17突击步枪-电锯惊魂，MK47突击步枪-悠然茶歇，AKM突击步枪-林中猎手，QBZ95-1突击步枪-曙光，K416突击步枪-阿萨拉特攻，K416突击步枪-腊梅，M16A4突击步枪-竞赛选手，AUG突击步枪-蝮蛇，M7战斗步枪-百步穿杨，SG552突击步枪-哈夫克警备，SCAR-H战斗步枪-囚徒，G3战斗步枪-哈夫克警备，G3战斗步枪-流沙送葬，ASVal突击步枪-百步穿杨，腾龙突击步枪-无垢，K437突击步枪-丛影谍踪；【冲锋枪皮肤55】UZI冲锋枪-特斯拉线圈，UZI冲锋枪-悠然茶歇，SMG-45冲锋枪-锦绣，SR-3M紧凑突击步枪-特斯拉线圈，勇士冲锋枪-能天使-午夜邮差，QCQ171冲锋枪-不羁人生，MP5冲锋枪-竞技风，P90冲锋枪-紧急戒备，P90冲锋枪-莫斯提马，Vector冲锋枪-异域战争，Vector冲锋枪-猎鳄行动，Vector冲锋枪-百步穿杨，SMG-45冲锋枪-阿萨拉特攻，SR-3M紧凑突击步枪-荒野求生，SR-3M紧凑突击步枪-战术竞备，SR-3M紧凑突击步枪-开工大吉，勇士冲锋枪-深海恐惧，勇士冲锋枪-工业狂潮，勇士冲锋枪-丛影谍踪，MP7冲锋枪-无垢，MP7冲锋枪-六套之力；【射手步枪皮肤24】M14射手步枪-蛮荒，M14射手步枪-缄花，VSS射手步枪-丛影谍踪，SVD狙击步枪-荒野求生，M14射手步枪-工业狂潮，M14射手步枪-航天庆典，PSG-1射手步枪-无垢；【狙击步枪皮肤13】AWM狙击步枪-捞点薯条，SV-98狙击步枪-林中猎手，SV-98狙击步枪-囚徒，M700狙击步枪-竞技风，M700狙击步枪-哈夫克警备，M700狙击步枪-百步穿杨，AWM狙击步枪-流沙送葬；【霰弹枪皮肤9】725双管霰弹枪-送葬人-无题密令，M1014霰弹枪-林中猎手，S12K霰弹枪-曙光；【轻机枪皮肤22】PKM通用机枪-荼蘼，PKM通用机枪-蝮蛇，PKM通用机枪-荒野求生，PKM通用机枪-阿萨拉特攻，M249轻机枪-丛影谍踪，M250通用机枪-囚徒，QJB201轻机枪-OldHabits，QJB201轻机枪-炽焰；【手枪皮肤12】G18-马年祥瑞，93R-捞点薯条，沙漠之鹰-曙光；【复合弓皮肤1】复合弓-黑-天际线；【挂饰26】爆裂鼓声，挂饰-蚀金玫瑰，挂饰-黑，挂饰-凌霄戍卫，挂饰-复合弓，挂饰-龙门币，挂饰-特斯拉线圈，挂饰-阿米娅，挂饰-来点薯条，挂饰-晶石幻想，挂饰-启程，挂饰-雪人，挂饰-锦绣，挂饰-悠然茶歇，汤圆，北非蛋，饺子，挂饰-卡皮巴拉，马到成功，挂饰-不羁人生，福禄，聚宝盆；【载具16】轮式突击炮-荣耀，步战车-地平线，步战车-破碎，M1A4坦克-哈夫克重工，轮式突击炮-巅峰竞赛，M1A4坦克-巅峰竞赛，侦察直升机-酒红，突击直升机-原始伪装，防空车-赤色军团，M1A4坦克-护林人，轮式突击炮-护林人，突击车-寒梅，轮式突击炮-烟火2026，F45A战斗机-夜间迷彩，侦察直升机-烟火2026，F-45A战斗机-建造；【AW子弹】20;【烽火地带战损比】2.5/1.7/1.0；【货币】628三角币，【 皮肤、道具、货币、安全箱、特勤处等实际信息请以游戏内数据为准】【QQ登录】【不可二次实名】【官方截图】,2026-03-26 23:25:39
2083559187579867752,500.0,None,总资产：31.02M，哈夫币：694W，传说武器9，史诗武器9，武器皮肤47；烽火42级：白银Ⅱ，战场：尉官Ⅰ，【安全箱】进阶安全箱；【特勤处等级】仓库LV.6，靶场LV.4，训练中心LV.4，收藏室LV.0，潜水中心LV.0；【捆绑包1】悠然茶歇捆绑包；【干员皮肤1】蛊不羁人生；【近战皮肤3】近战武器-处刑者，近战武器-暗星，近战武器-黑鹰；【步枪皮肤17】AUG突击步枪-悠然茶歇，MK47突击步枪-悠然茶歇，MK47突击步枪-暗星；【冲锋枪皮肤13】UZI冲锋枪-悠然茶歇，SR-3M紧凑突击步枪-暗星，QCQ171冲锋枪-不羁人生，MP5冲锋枪-深海恐惧，MP7冲锋枪-六套之力；【射手步枪皮肤3】M14射手步枪-蛮荒，M14射手步枪-航天庆典；【狙击步枪皮肤2】SV-98狙击步枪-猎鳄行动；【轻机枪皮肤4】M249轻机枪-丛影谍踪；【挂饰7】挂饰-暗星，挂饰-枪匠，挂饰-悠然茶歇，挂饰-不羁人生，福禄，聚宝盆；【载具3】GTQ35坦克-凌云骏影，突击直升机-火焰，F-45A战斗机-建造；【AW子弹】10;【烽火地带战损比】6.3/0.5/0.0；【货币】10三角币，【 皮肤、道具、货币、安全箱、特勤处等实际信息请以游戏内数据为准】【QQ登录】【可二次实名】【官方截图】,2026-03-26 21:44:04
2082159191408946729,1350.0,None,总资产：111.64M，哈夫币：4115W，传说武器13，史诗武器13，武器皮肤122；烽火60级：黑鹰Ⅳ，战场：上等兵Ⅲ，【安全箱】基础安全箱；【特勤处等级】仓库LV.8，靶场LV.6，训练中心LV.7，收藏室LV.0，潜水中心LV.1；【捆绑包5】维什戴尔捆绑包，鹅鸭杀捆绑包，黑天际线捆绑包，电锯惊魂干员捆绑包，信条捆绑包；【干员皮肤3】骇爪维什戴尔，露娜黑天际线，红狼电锯惊魂；【近战皮肤2】近战武器-信条，近战武器-黑鹰；【步枪皮肤49】ASh-12战斗步枪-鹅鸭杀，SG552突击步枪-运动员，SCAR-H战斗步枪-启航，G3战斗步枪-骑士，KC17突击步枪-电锯惊魂，ASh-12战斗步枪-无极限，SG552突击步枪-深海恐惧，G3战斗步枪-流沙送葬，ASVal突击步枪-百步穿杨，K437突击步枪-守护者；【冲锋枪皮肤30】P90冲锋枪-信条，QCQ171冲锋枪-鹅鸭杀，MP5冲锋枪-战术竞备，MP5冲锋枪-竞技风，SR-3M紧凑突击步枪-战术竞备，勇士冲锋枪-工业狂潮，MP7冲锋枪-守护者，MP7冲锋枪-六套之力；【射手步枪皮肤10】SR-25射手步枪-信条，Mini-14射手步枪-守护者；【狙击步枪皮肤8】R93狙击步枪-维什戴尔，SV-98狙击步枪-囚徒，M700狙击步枪-蝮蛇，M700狙击步枪-百步穿杨，AWM狙击步枪-无极限；【轻机枪皮肤9】M250通用机枪-骑士之心，QJB201轻机枪-鹅鸭杀，M250通用机枪-囚徒；【复合弓皮肤2】复合弓-黑-天际线，复合弓-守护者；【挂饰14】挂饰-蚀金玫瑰，挂饰-黑，挂饰-维什戴尔，挂饰-能天使，挂饰-信条，挂饰-大白鹅，挂饰-启程，挂饰-雪人，崩岩重炮，福禄，聚宝盆；【载具11】轮式突击炮-荣耀，轮式突击炮-巅峰竞赛，突击直升机-原始伪装，全地形车-森林迷彩，防空车-森林迷彩，突击车-沙漠迷彩，M1A4坦克-护林人，轮式突击炮-护林人，突击车-寒梅，F45A战斗机-夜间迷彩，F-45A战斗机-建造；【AW子弹】18;【烽火地带战损比】1.4/0.5/2.0；【货币】30三角币，225三角卷，【 皮肤、道具、货币、安全箱、特勤处等实际信息请以游戏内数据为准】【QQ登录】【可二次实名】【官方截图】,2026-03-26 03:11:27
2083273639527099260,580.0,None,总资产：107.77M，哈夫币：872W，传说武器23，史诗武器23，武器皮肤116；烽火60级：黄金Ⅰ，战场：上等兵Ⅲ，【安全箱】进阶安全箱；【特勤处等级】仓库LV.7，靶场LV.4，训练中心LV.6；【捆绑包4】锦绣捆绑包，点翠捆绑包，万金泪冠捆绑包，缄花捆绑包；【干员皮肤1】乌鲁鲁荒原猎手；【近战皮肤3】近战武器-处刑者，近战武器-暗星，近战武器-黑鹰；【步枪皮肤51】AKM突击步枪-锦绣，QBZ95-1突击步枪-凌霄戍卫，K416突击步枪-行动记录，SG552突击步枪-点翠，SCAR-H战斗步枪-启航，腾龙突击步枪-马年祥瑞，腾龙突击步枪-万金泪冠，K437突击步枪-锦绣，KC17突击步枪-点翠，MK47突击步枪-暗星，K416突击步枪-冬日风情，K416突击步枪-腊梅，SG552突击步枪-哈夫克警备，SCAR-H战斗步枪-囚徒，G3战斗步枪-哈夫克警备，腾龙突击步枪-猎鳄行动，K437突击步枪-丛影谍踪；【冲锋枪皮肤24】SMG-45冲锋枪-锦绣，SR-3M紧凑突击步枪-暗星，勇士冲锋枪-万金泪冠，MP5冲锋枪-竞技风，SR-3M紧凑突击步枪-开工大吉，勇士冲锋枪-丛影谍踪，MP7冲锋枪-六套之力；【射手步枪皮肤14】M14射手步枪-蛮荒，M14射手步枪-缄花，SR-25射手步枪-缄花，PSG-1射手步枪-点翠，VSS射手步枪-丛影谍踪，M14射手步枪-工业狂潮；【狙击步枪皮肤6】R93狙击步枪-维什戴尔，AWM狙击步枪-万金泪冠；【轻机枪皮肤7】M249轻机枪-丛影谍踪，M250通用机枪-囚徒；【手枪皮肤7】.357左轮-缄花，G18-马年祥瑞；【挂饰19】挂饰-暗星，仪典匕首，挂饰-启程，挂饰-锦绣，汤圆，北非蛋，饺子，挂饰-卡皮巴拉，马到成功，挂饰-点翠，挂饰-缄花，挂饰-万金泪冠，诡影狙击兵，诡影喷火兵，暗行哨兵，崩岩重炮，福禄，聚宝盆；【载具11】轮式突击炮-荣耀，M1A4坦克-驯鹿，轮式突击炮-巅峰竞赛，M1A4坦克-巅峰竞赛，侦察直升机-酒红，M1A4坦克-烟火2026，GTQ35坦克-烟火2026，突击车-寒梅，轮式突击炮-烟火2026，侦察直升机-烟火2026，F-45A战斗机-建造；【烽火地带战损比】0.6/0.7/0.7；【货币】77三角币，【 皮肤、道具、货币、安全箱、特勤处等实际信息请以游戏内数据为准】【QQ登录】【不可二次实名】【官方截图】,2026-03-26 17:57:08
2076411630224312930,1400.0,None,总资产：23.79M，哈夫币：123W，传说武器37，史诗武器37，武器皮肤259；烽火60级：钻石Ⅳ，战场：暂无段位，【安全箱】高级安全箱；【特勤处等级】仓库LV.8，靶场LV.5，训练中心LV.7，收藏室LV.0，潜水中心LV.1；【捆绑包7】北极星捆绑包，鹅鸭杀捆绑包，蚀金玫瑰捆绑包，悠然茶歇捆绑包，特斯拉线圈捆绑包，捞点薯条捆绑包，缄花捆绑包；【干员皮肤4】红狼蚀金玫瑰，蜂医送葬人无题密令，乌鲁鲁荒原猎手，露娜金牌射手；【近战皮肤4】近战武器-北极星，近战武器-龙牙，近战武器-暗星，近战武器-黑鹰；【步枪皮肤101】M4A1突击步枪-阿米娅，M4A1突击步枪-蚀金玫瑰，QBZ95-1突击步枪-凌霄戍卫，ASh-12战斗步枪-鹅鸭杀，AUG突击步枪-悠然茶歇，SG552突击步枪-运动员，AK-12突击步枪-特斯拉线圈，SCAR-H战斗步枪-启航，CAR-15突击步枪-阿米娅，腾龙突击步枪-捞点薯条，K437突击步枪-北极星，KC17突击步枪-电锯惊魂，MK47突击步枪-悠然茶歇，MK47突击步枪-暗星，AKM突击步枪-林中猎手，ASh-12战斗步枪-无极限，K416突击步枪-阿萨拉特攻，K416突击步枪-冬日风情，K416突击步枪-腊梅，M16A4突击步枪-竞赛选手，AUG突击步枪-蝮蛇，M7战斗步枪-百步穿杨，SG552突击步枪-深海恐惧，SCAR-H战斗步枪-囚徒，G3战斗步枪-哈夫克警备，G3战斗步枪-流沙送葬，PTR-32突击步枪-英雄，ASVal突击步枪-典狱官，ASVal突击步枪-百步穿杨，腾龙突击步枪-无垢，腾龙突击步枪-猎鳄行动，K437突击步枪-守护者，K437突击步枪-丛影谍踪；【冲锋枪皮肤59】UZI冲锋枪-特斯拉线圈，UZI冲锋枪-悠然茶歇，SR-3M紧凑突击步枪-特斯拉线圈，SR-3M紧凑突击步枪-暗星，勇士冲锋枪-能天使-午夜邮差，QCQ171冲锋枪-北极星，QCQ171冲锋枪-鹅鸭杀，MP5冲锋枪-深海恐惧，MP5冲锋枪-战术竞备，MP5冲锋枪-竞技风，Vector冲锋枪-阿萨拉文明，Vector冲锋枪-百步穿杨，SMG-45冲锋枪-阿萨拉特攻，SR-3M紧凑突击步枪-荒野求生，SR-3M紧凑突击步枪-战术竞备，SR-3M紧凑突击步枪-开工大吉，勇士冲锋枪-深海恐惧，勇士冲锋枪-工业狂潮，勇士冲锋枪-丛影谍踪，MP7冲锋枪-无垢，MP7冲锋枪-守护者，MP7冲锋枪-六套之力；【射手步枪皮肤26】M14射手步枪-电锯惊魂，M14射手步枪-蛮荒，M14射手步枪-缄花，SR-25射手步枪-缄花，Mini-14射手步枪-守护者，VSS射手步枪-丛影谍踪，SVD狙击步枪-荒野求生，M14射手步枪-工业狂潮，PSG-1射手步枪-无垢；【狙击步枪皮肤21】R93狙击步枪-维什戴尔，AWM狙击步枪-捞点薯条，AWM狙击步枪-万金泪冠，SV-98狙击步枪-林中猎手，SV-98狙击步枪-囚徒，M700狙击步枪-竞技风，M700狙击步枪-蝮蛇，M700狙击步枪-哈夫克警备，M700狙击步枪-百步穿杨，AWM狙击步枪-无极限，AWM狙击步枪-流沙送葬；【霰弹枪皮肤11】725双管霰弹枪-送葬人-无题密令，M1014霰弹枪-林中猎手，S12K霰弹枪-曙光；【轻机枪皮肤22】M250通用机枪-骑士之心，QJB201轻机枪-鹅鸭杀，PKM通用机枪-荒野求生，PKM通用机枪-阿萨拉特攻，M249轻机枪-丛影谍踪，M250通用机枪-囚徒，QJB201轻机枪-OldHabits，QJB201轻机枪-炽焰；【手枪皮肤13】.357左轮-缄花，93R-捞点薯条，沙漠之鹰-曙光；【复合弓皮肤2】复合弓-黑-天际线，复合弓-守护者；【挂饰28】三足蟾，火箭玫瑰，挂饰-蚀金玫瑰，挂饰-黑，挂饰-北极星，挂饰-暗星，挂饰-三联装手炮，挂饰-彩蛋，挂饰-特斯拉线圈，挂饰-阿米娅，挂饰-来点薯条，挂饰-晶石幻想，仪典匕首，挂饰-大白鹅，挂饰-启程，挂饰-雪人，雪松，挂饰-悠然茶歇，挂饰-卡皮巴拉，挂饰-缄花，诡影喷火兵，暗行哨兵，崩岩重炮，福禄，聚宝盆；【载具17】轮式突击炮-荣耀，步战车-破碎，M1A4坦克-哈夫克重工，轮式突击炮-巅峰竞赛，M1A4坦克-巅峰竞赛，侦察直升机-酒红，突击直升机-原始伪装，防空车-赤色军团，M1A4坦克-护林人，轮式突击炮-护林人，M1A4坦克-烟火2026，GTQ35坦克-烟火2026，突击车-寒梅，轮式突击炮-烟火2026，F45A战斗机-夜间迷彩，侦察直升机-烟火2026，F-45A战斗机-建造；【烽火地带战损比】1.6/0.8/0.8；【货币】35三角币，580三角卷，【 皮肤、道具、货币、安全箱等实际信息请以游戏内数据为准】【QQ登录】【不可二次实名】【官方截图】,2026-03-22 23:03:42
2077803614454277339,800.0,None,"总资产：27.4M，哈夫币：901W，传说武器18，史诗武器26，烽火60级：黄金，战场44级：军士长，通行证32级：通行证免费版
【安全箱】基础安全箱；【特勤处等级】仓库LV.6，训练中心LV.6，靶场LV.4，制药台LV.3，工作台LV.2，技术中心LV.2，指挥中心LV.4，防具台LV.3，潜水中心LV.1；
【干员皮肤3】露娜黑天际线，红狼蚀金玫瑰，红狼电锯惊魂；
【已有捆绑包4】黑天际线捆绑包，蚀金玫瑰捆绑包，狩猎时刻捆绑包，特斯拉线圈捆绑包；
【近战皮肤2】近战武器-处刑者，近战武器-黑鹰；
【步枪皮肤】M4A1突击步枪-蚀金玫瑰，QBZ95-1突击步枪-曙光，AUG突击步枪-蝮蛇，M14射手步枪-禁卫，SG552突击步枪-深海恐惧，AKM突击步枪-林中猎手，SCAR-H战斗步枪-囚徒，CAR-15突击步枪-阿米娅，M4A1突击步枪-阿米娅，G3战斗步枪-狩猎时刻，M16A4突击步枪-狩猎时刻，AK-12突击步枪-特斯拉线圈，G3战斗步枪-骑士，SCAR-H战斗步枪-启航，SG552突击步枪-哈夫克警备，SG552突击步枪-哈夫克警备，G3战斗步枪-哈夫克警备，腾龙突击步枪-万金泪冠；
【冲锋枪皮肤】SR-3M紧凑突击步枪-英雄，SR-3M紧凑突击步枪-特斯拉线圈，SR-3M紧凑突击步枪-战术竞备，Vector冲锋枪-狩猎时刻，UZI冲锋枪-特斯拉线圈，Vector冲锋枪-阿萨拉文明，Vector冲锋枪-潜袭者，勇士冲锋枪-深海恐惧，SMG-45冲锋枪-骑士，勇士冲锋枪-能天使-午夜邮差，MP5冲锋枪-竞技风，勇士冲锋枪-万金泪冠；
【射手步枪皮肤】SR-25射手步枪-水墨云图；
【狙击步枪皮肤】M700狙击步枪-竞技风，SV-98狙击步枪-囚徒，M700狙击步枪-蝮蛇，SV-98狙击步枪-林中猎手，M700狙击步枪-哈夫克警备，AWM狙击步枪-万金泪冠；
【霰弹枪皮肤】S12K霰弹枪-曙光，M1014霰弹枪-林中猎手；
【轻机枪皮肤】PKM通用机枪-英雄，M250通用机枪-囚徒，QJB201轻机枪-OldHabits，M250通用机枪-寒冬猎手；
【手枪皮肤】QSZ92G-风林火山；
【特殊武器皮肤】复合弓-黑-天际线；
【挂饰29】阿萨拉霰弹兵，摇钱树，黄金视野，窃风密探，火箭玫瑰，白王后，慵懒魔女，挂饰-能天使，挂饰-黑，挂饰-蚀金玫瑰，聚宝盆，福禄，崩岩重炮，暗行哨兵，诡影喷火兵，诡影狙击兵，阿萨拉狙击兵，演出导演，重装记者，挂饰-万金泪冠，挂饰-缄花，挂饰-启程，挂饰-牛角，挂饰-阿米娅，挂饰-特斯拉线圈，挂饰-狩猎时刻，挂饰-枪匠，麻将，挂饰-起舞的女郎；
【载具1】轮式突击炮-荣耀；
【烽火地带战损比】1.5/0.9/0.8
【货币】42三角币，0曼德尔币，106三角卷
【皮肤、道具、货币、安全箱等实际信息请以游戏内数据为准】【QQ登录】【可二次实名】【官方截图】",2026-03-23 17:29:57
2083721716531436585,725.0,None,总资产：17.34M，哈夫币：4W，传说武器17，史诗武器17，武器皮肤153；烽火60级：钻石Ⅰ，战场：暂无段位，【安全箱】基础安全箱；【特勤处等级】仓库LV.5，靶场LV.3，训练中心LV.4，潜水中心LV.1；【捆绑包4】北极星捆绑包，黑天际线捆绑包，捞点薯条捆绑包，缄花捆绑包；【干员皮肤3】露娜黑天际线，蜂医送葬人无题密令，露娜金牌射手；【近战皮肤2】近战武器-北极星，近战武器-黑鹰；【步枪皮肤65】M4A1突击步枪-阿米娅，SG552突击步枪-运动员，SCAR-H战斗步枪-启航，CAR-15突击步枪-阿米娅，腾龙突击步枪-捞点薯条，K437突击步枪-北极星，AKM突击步枪-林中猎手，QBZ95-1突击步枪-曙光，K416突击步枪-冬日风情，M16A4突击步枪-竞赛选手，AUG突击步枪-蝮蛇，M7战斗步枪-百步穿杨，SG552突击步枪-深海恐惧，SCAR-H战斗步枪-囚徒，G3战斗步枪-流沙送葬，PTR-32突击步枪-英雄，ASVal突击步枪-典狱官，ASVal突击步枪-百步穿杨，腾龙突击步枪-无垢；【冲锋枪皮肤34】Vector冲锋枪-能天使-午夜邮差，勇士冲锋枪-能天使-午夜邮差，QCQ171冲锋枪-北极星，MP5冲锋枪-深海恐惧，MP5冲锋枪-竞技风，Vector冲锋枪-百步穿杨，SR-3M紧凑突击步枪-荒野求生，勇士冲锋枪-工业狂潮，MP7冲锋枪-无垢；【射手步枪皮肤16】M14射手步枪-缄花，SR-25射手步枪-缄花，SVD狙击步枪-荒野求生，PSG-1射手步枪-无垢；【狙击步枪皮肤11】AWM狙击步枪-捞点薯条，SV-98狙击步枪-林中猎手，M700狙击步枪-哈夫克警备，M700狙击步枪-百步穿杨，AWM狙击步枪-流沙送葬；【霰弹枪皮肤6】725双管霰弹枪-送葬人-无题密令，M1014霰弹枪-林中猎手；【轻机枪皮肤10】PKM通用机枪-荒野求生；【手枪皮肤8】.357左轮-缄花，93R-捞点薯条；【复合弓皮肤1】复合弓-黑-天际线；【挂饰18】火箭玫瑰，挂饰-黑，挂饰-北极星，挂饰-能天使，挂饰-彩蛋，挂饰-来点薯条，挂饰-晶石幻想，牛角，关山难越，挂饰-启程，挂饰-雪人，挂饰-缄花，暗行哨兵，崩岩重炮；【载具13】轮式突击炮-荣耀，步战车-破碎，M1A4坦克-哈夫克重工，轮式突击炮-巅峰竞赛，防空车-赤色军团，M1A4坦克-护林人，轮式突击炮-护林人，M1A4坦克-烟火2026，GTQ35坦克-烟火2026，突击车-寒梅，轮式突击炮-烟火2026，F45A战斗机-夜间迷彩，侦察直升机-烟火2026；【烽火地带战损比】4.8/1.3/1.6；【货币】10三角币，252三角卷，【 皮肤、道具、货币、安全箱、特勤处等实际信息请以游戏内数据为准】【QQ登录】【不可二次实名】【官方截图】,2026-03-26 23:53:14
2080909120800087941,750.0,None,总资产：53.17M，哈夫币：56W，传说武器36，史诗武器36，武器皮肤225；烽火60级：黑鹰Ⅲ，战场：校官Ⅴ，【安全箱】基础安全箱；【特勤处等级】仓库LV.8，靶场LV.4，训练中心LV.6；【捆绑包9】鹅鸭杀捆绑包，蚀金玫瑰捆绑包，电锯惊魂干员捆绑包，锦绣捆绑包，特斯拉线圈捆绑包，捞点薯条捆绑包，万金泪冠捆绑包，缄花捆绑包，蝮蛇捆绑包；【干员皮肤5】红狼蚀金玫瑰，红狼电锯惊魂，深蓝不破誓约，乌鲁鲁荒原猎手，露娜金牌射手；【近战皮肤4】近战武器-电锯惊魂，近战武器-处刑者，近战武器-暗星，近战武器-黑鹰；【步枪皮肤84】M4A1突击步枪-阿米娅，M4A1突击步枪-蚀金玫瑰，AKM突击步枪-锦绣，ASh-12战斗步枪-鹅鸭杀，K416突击步枪-行动记录，SG552突击步枪-运动员，AK-12突击步枪-特斯拉线圈，SCAR-H战斗步枪-启航，腾龙突击步枪-捞点薯条，腾龙突击步枪-马年祥瑞，腾龙突击步枪-万金泪冠，K437突击步枪-锦绣，KC17突击步枪-电锯惊魂，MK47突击步枪-暗星，ASh-12战斗步枪-无极限，K416突击步枪-阿萨拉特攻，K416突击步枪-冬日风情，K416突击步枪-腊梅，M16A4突击步枪-竞赛选手，AUG突击步枪-蝮蛇，M7战斗步枪-百步穿杨，SG552突击步枪-深海恐惧，SG552突击步枪-哈夫克警备，G3战斗步枪-流沙送葬，ASVal突击步枪-百步穿杨，K437突击步枪-守护者，K437突击步枪-丛影谍踪；【冲锋枪皮肤56】UZI冲锋枪-特斯拉线圈，SMG-45冲锋枪-锦绣，SR-3M紧凑突击步枪-特斯拉线圈，SR-3M紧凑突击步枪-暗星，勇士冲锋枪-能天使-午夜邮差，勇士冲锋枪-万金泪冠，QCQ171冲锋枪-鹅鸭杀，MP5冲锋枪-深海恐惧，MP5冲锋枪-战术竞备，MP5冲锋枪-竞技风，Vector冲锋枪-阿萨拉文明，Vector冲锋枪-异域战争，Vector冲锋枪-百步穿杨，SMG-45冲锋枪-阿萨拉特攻，SR-3M紧凑突击步枪-战术竞备，SR-3M紧凑突击步枪-开工大吉，勇士冲锋枪-工业狂潮，勇士冲锋枪-丛影谍踪，MP7冲锋枪-守护者，MP7冲锋枪-六套之力；【射手步枪皮肤23】M14射手步枪-蛮荒，M14射手步枪-缄花，SKS射手步枪-骑士，SR-25射手步枪-缄花，Mini-14射手步枪-守护者，VSS射手步枪-丛影谍踪，M14射手步枪-工业狂潮，M14射手步枪-航天庆典；【狙击步枪皮肤16】AWM狙击步枪-捞点薯条，AWM狙击步枪-万金泪冠，SV-98狙击步枪-林中猎手，SV-98狙击步枪-囚徒，M700狙击步枪-蝮蛇，M700狙击步枪-哈夫克警备，M700狙击步枪-百步穿杨，AWM狙击步枪-无极限，AWM狙击步枪-流沙送葬；【霰弹枪皮肤9】S12K霰弹枪-曙光；【轻机枪皮肤20】M250通用机枪-骑士之心，QJB201轻机枪-鹅鸭杀，PKM通用机枪-蝮蛇，M249轻机枪-丛影谍踪，M250通用机枪-囚徒，QJB201轻机枪-OldHabits，QJB201轻机枪-炽焰；【手枪皮肤11】.357左轮-缄花，G18-马年祥瑞，93R-捞点薯条；【复合弓皮肤2】复合弓-黑-天际线，复合弓-守护者；【挂饰41】财神到，祥龙，三足蟾，祥龙，火箭玫瑰，牛角威龙，火箭玫瑰，窃风密探，窃风密探，黄金视野，窃风密探，赤霄游龙，赤霄游龙，黄金视野，赤霄游龙，黄金视野，黄金视野，挂饰-蚀金玫瑰，挂饰-黑，挂饰-维什戴尔，挂饰-暗星，挂饰-三联装手炮，挂饰-枪匠，挂饰-特斯拉线圈，挂饰-阿米娅，挂饰-来点薯条，挂饰-大白鹅，挂饰-启程，挂饰-雪人，挂饰-锦绣，雪松，汤圆，北非蛋，饺子，挂饰-卡皮巴拉，马到成功，挂饰-缄花，挂饰-万金泪冠，福禄，聚宝盆；【载具35】防空车-原木，M1A4坦克-凝视，步战车-警戒线，轮式突击炮-荣耀，步战车-钢铁洪流，防空车-钢铁洪流，轮式突击炮-钢铁洪流，GTQ35坦克-钢铁洪流，GTQ35坦克-凌云骏影，F45A战斗机-钢铁洪流，步战车-生命线，防空车-生命线，M1A4坦克-哈夫克重工，防空车-斑马，轮式突击炮-巅峰竞赛，GTQ35坦克-巅峰竞赛，M1A4坦克-巅峰竞赛，侦察直升机-酒红，突击直升机-原始伪装，侦察直升机-巅峰竞赛，突击直升机-巅峰竞赛，全地形车-森林迷彩，突击车-沙漠迷彩，防空车-赤色军团，M1A4坦克-护林人，轮式突击炮-护林人，突击车-寒梅，轮式突击炮-烟火2026，轮式突击炮-寒梅，GTQ35坦克-寒梅，M1A4坦克-战痕，突击直升机-寒梅，F45A战斗机-夜间迷彩，侦察直升机-烟火2026，F-45A战斗机-建造；【烽火地带战损比】1.9/0.8/1.5；【货币】52三角币，88三角卷，【 皮肤、道具、货币、安全箱、特勤处等实际信息请以游戏内数据为准】【QQ登录】【不可二次实名】【官方截图】,2026-03-25 10:37:59
2083540669235798707,666.0,None,总资产：56.28M，哈夫币：1139W，传说武器30，史诗武器30，武器皮肤262；烽火60级：黑鹰Ⅲ，战场：军士长Ⅳ，【安全箱】S8顶级安全箱；【特勤处等级】仓库LV.7，靶场LV.6，训练中心LV.7，收藏室LV.1，潜水中心LV.1；【捆绑包9】鹅鸭杀捆绑包，电锯惊魂干员捆绑包，点翠捆绑包，特斯拉线圈捆绑包，捞点薯条捆绑包，缄花捆绑包，信条捆绑包，曙光捆绑包，蝮蛇捆绑包；【干员皮肤5】蜂医送葬人无题密令，红狼电锯惊魂，深蓝不破誓约，乌鲁鲁荒原猎手，露娜金牌射手；【近战皮肤3】近战武器-信条，近战武器-处刑者，近战武器-黑鹰；【步枪皮肤101】M4A1突击步枪-阿米娅，ASh-12战斗步枪-鹅鸭杀，SG552突击步枪-运动员，SG552突击步枪-点翠，AK-12突击步枪-特斯拉线圈，SCAR-H战斗步枪-启航，G3战斗步枪-骑士，CAR-15突击步枪-阿米娅，腾龙突击步枪-捞点薯条，KC17突击步枪-电锯惊魂，KC17突击步枪-点翠，AKM突击步枪-林中猎手，QBZ95-1突击步枪-曙光，ASh-12战斗步枪-无极限，K416突击步枪-阿萨拉特攻，K416突击步枪-冬日风情，K416突击步枪-腊梅，M16A4突击步枪-竞赛选手，AUG突击步枪-蝮蛇，M7战斗步枪-百步穿杨，SG552突击步枪-深海恐惧，SG552突击步枪-哈夫克警备，SCAR-H战斗步枪-囚徒，G3战斗步枪-哈夫克警备，G3战斗步枪-流沙送葬，PTR-32突击步枪-英雄，ASVal突击步枪-百步穿杨，腾龙突击步枪-无垢，腾龙突击步枪-猎鳄行动，K437突击步枪-守护者，K437突击步枪-丛影谍踪；【冲锋枪皮肤60】P90冲锋枪-信条，UZI冲锋枪-特斯拉线圈，SR-3M紧凑突击步枪-特斯拉线圈，勇士冲锋枪-能天使-午夜邮差，QCQ171冲锋枪-鹅鸭杀，MP5冲锋枪-战术竞备，MP5冲锋枪-竞技风，P90冲锋枪-紧急戒备，Vector冲锋枪-阿萨拉文明，Vector冲锋枪-异域战争，Vector冲锋枪-猎鳄行动，Vector冲锋枪-百步穿杨，SMG-45冲锋枪-阿萨拉特攻，SR-3M紧凑突击步枪-荒野求生，SR-3M紧凑突击步枪-战术竞备，SR-3M紧凑突击步枪-开工大吉，勇士冲锋枪-深海恐惧，勇士冲锋枪-工业狂潮，勇士冲锋枪-丛影谍踪，MP7冲锋枪-无垢，MP7冲锋枪-守护者，MP7冲锋枪-六套之力；【射手步枪皮肤29】M14射手步枪-蛮荒，M14射手步枪-缄花，SR-25射手步枪-信条，SR-25射手步枪-缄花，PSG-1射手步枪-点翠，Mini-14射手步枪-守护者，VSS射手步枪-丛影谍踪，SVD狙击步枪-阿萨拉工艺，SVD狙击步枪-荒野求生，M14射手步枪-工业狂潮，PSG-1射手步枪-无垢；【狙击步枪皮肤18】AWM狙击步枪-捞点薯条，SV-98狙击步枪-林中猎手，SV-98狙击步枪-囚徒，SV-98狙击步枪-猎鳄行动，M700狙击步枪-竞技风，M700狙击步枪-蝮蛇，M700狙击步枪-哈夫克警备，M700狙击步枪-百步穿杨，AWM狙击步枪-无极限，AWM狙击步枪-流沙送葬；【霰弹枪皮肤11】725双管霰弹枪-送葬人-无题密令，M1014霰弹枪-林中猎手，S12K霰弹枪-曙光；【轻机枪皮肤23】M250通用机枪-骑士之心，QJB201轻机枪-鹅鸭杀，PKM通用机枪-蝮蛇，PKM通用机枪-荒野求生，PKM通用机枪-阿萨拉特攻，M249轻机枪-丛影谍踪，M250通用机枪-囚徒，QJB201轻机枪-OldHabits，QJB201轻机枪-炽焰；【手枪皮肤15】.357左轮-缄花，93R-捞点薯条，沙漠之鹰-曙光；【复合弓皮肤2】复合弓-黑-天际线，复合弓-守护者；【挂饰30】狻猊，挂饰-蚀金玫瑰，挂饰-黑，挂饰-信条，挂饰-三联装手炮，挂饰-磁吸炸弹，挂饰-枪匠，挂饰-彩蛋，挂饰-龙门币，挂饰-特斯拉线圈，挂饰-阿米娅，挂饰-来点薯条，挂饰-晶石幻想，挂饰-大白鹅，挂饰-启程，挂饰-雪人，汤圆，北非蛋，饺子，挂饰-卡皮巴拉，马到成功，挂饰-点翠，挂饰-缄花，暗行哨兵，崩岩重炮，福禄，聚宝盆；【载具18】轮式突击炮-荣耀，步战车-破碎，M1A4坦克-哈夫克重工，轮式突击炮-巅峰竞赛，M1A4坦克-巅峰竞赛，侦察直升机-酒红，突击直升机-原始伪装，全地形车-森林迷彩，防空车-赤色军团，M1A4坦克-护林人，轮式突击炮-护林人，M1A4坦克-烟火2026，GTQ35坦克-烟火2026，突击车-寒梅，轮式突击炮-烟火2026，F45A战斗机-夜间迷彩，侦察直升机-烟火2026，F-45A战斗机-建造；【烽火地带战损比】2.2/1.5/1.5；【货币】303三角卷，【 皮肤、道具、货币、安全箱、特勤处等实际信息请以游戏内数据为准】【QQ登录】【不可二次实名】【官方截图】,2026-03-26 21:29:21
2082880297287974781,1388.0,None,"总资产：25.3M，哈夫币：53W，传说武器31，史诗武器45，烽火60级：黑鹰_，战场12级：列兵，通行证105级：烽火地带限定版
【安全箱】高级安全箱；【特勤处等级】仓库LV.7，训练中心LV.6，靶场LV.4，制药台LV.3，工作台LV.3，技术中心LV.3，指挥中心LV.3，防具台LV.3；
【干员皮肤6】威龙凌霄戍卫，深蓝不破誓约，红狼电锯惊魂，蜂医送葬人无题密令，露娜金牌射手，乌鲁鲁荒原猎手；
【已有捆绑包6】凌霄戍卫捆绑包，北极星捆绑包，捞点薯条捆绑包，电锯惊魂干员捆绑包，信条捆绑包，悠然茶歇捆绑包；
【近战皮肤4】近战武器-北极星，近战武器-信条，近战武器-暗星，近战武器-黑鹰；
【步枪皮肤】QBZ95-1突击步枪-曙光，M7战斗步枪-零度协议，K416突击步枪-冬日风情，KC17突击步枪-电锯惊魂，K437突击步枪-北极星，腾龙突击步枪-无垢，M16A4突击步枪-竞赛选手，M4A1突击步枪-阿米娅，腾龙突击步枪-捞点薯条，腾龙突击步枪-猎鳄行动，K437突击步枪-守护者，ASh-12战斗步枪-无极限，腾龙突击步枪-聚光灯，SCAR-H战斗步枪-启航，SG552突击步枪-运动员，M7战斗步枪-百步穿杨，G3战斗步枪-流沙送葬，AUG突击步枪-紧急戒备，K437突击步枪-丛影谍踪，K416突击步枪-腊梅，QBZ95-1突击步枪-凌霄戍卫，AKM突击步枪-锦绣，K437突击步枪-锦绣，腾龙突击步枪-万金泪冠，AUG突击步枪-悠然茶歇，MK47突击步枪-悠然茶歇；
【冲锋枪皮肤】SR-3M紧凑突击步枪-荒野求生，SR-3M紧凑突击步枪-战术竞备，SR-3M紧凑突击步枪-开工大吉，QCQ171冲锋枪-北极星，MP7冲锋枪-无垢，勇士冲锋枪-能天使-午夜邮差，Vector冲锋枪-能天使-午夜邮差，P90冲锋枪-紧急戒备，MP7冲锋枪-守护者，勇士冲锋枪-工业狂潮，MP5冲锋枪-战术竞备，P90冲锋枪-信条，Vector冲锋枪-百步穿杨，MP5冲锋枪-竞技风，MP7冲锋枪-六套之力，SMG-45冲锋枪-锦绣，勇士冲锋枪-万金泪冠，UZI冲锋枪-悠然茶歇；
【射手步枪皮肤】PSG-1射手步枪-无垢，M14射手步枪-电锯惊魂，SR-25射手步枪-天命，Mini-14射手步枪-守护者，SR-25射手步枪-信条，M14射手步枪-蛮荒，VSS射手步枪-丛影谍踪，M14射手步枪-缄花，SR-25射手步枪-缄花；
【狙击步枪皮肤】SV-98狙击步枪-囚徒，SV-98狙击步枪-林中猎手，SVD狙击步枪-荒野求生，AWM狙击步枪-捞点薯条，SV-98狙击步枪-猎鳄行动，AWM狙击步枪-流沙送葬，M700狙击步枪-百步穿杨，AWM狙击步枪-万金泪冠；
【霰弹枪皮肤】725双管霰弹枪-送葬人-无题密令；
【轻机枪皮肤】PKM通用机枪-荒野求生，M250通用机枪-囚徒，M250通用机枪-骑士之心，M250通用机枪-寒冬猎手，M249轻机枪-丛影谍踪，QJB201轻机枪-炽焰，PKM通用机枪-阿萨拉特攻；
【手枪皮肤】93R-捞点薯条，.357左轮-缄花；
【特殊武器皮肤】复合弓-守护者；
【挂饰35】阿萨拉霰弹兵，财神到，黄金视野，窃风密探，阿萨拉喷火兵，挂饰-凌霄戍卫，挂饰-信条，挂饰-能天使，挂饰-北极星，挂饰-水墨云图，挂饰-蚀金玫瑰，聚宝盆，福禄，崩岩重炮，暗行哨兵，诡影喷火兵，诡影狙击兵，阿萨拉狙击兵，演出导演，挂饰-万金泪冠，挂饰-缄花，挂饰-卡皮巴拉，挂饰-悠然茶歇，挂饰-锦绣，挂饰-雪人，挂饰-启程，挂饰-骑士之心，挂饰-晶石幻想，挂饰-来点薯条，挂饰-阿米娅，挂饰-阿米娅，麻将，紧急撤离，紧急会议，挂饰-起舞的女郎；
【载具1】轮式突击炮-荣耀；
【烽火地带战损比】0.6/1.1/1.6
【货币】918三角币，6曼德尔币，0三角卷
【皮肤、道具、货币、安全箱等实际信息请以游戏内数据为准】【微信登录】【可二次实名】【官方截图】",2026-03-26 12:44:32
2083200657818555965,788.0,None,总资产：150.78M，哈夫币：1392W，传说武器24，史诗武器24，武器皮肤136；烽火60级：三角洲巅峰，战场：上等兵Ⅰ，【安全箱】S8顶级安全箱；【特勤处等级】仓库LV.8，靶场LV.7，训练中心LV.7，收藏室LV.1，潜水中心LV.1；【捆绑包6】腾驹驰春捆绑包，蚀金玫瑰捆绑包，狩猎时刻捆绑包，特斯拉线圈捆绑包，万金泪冠捆绑包，缄花捆绑包；【干员皮肤1】红狼蚀金玫瑰；【近战皮肤2】近战武器-处刑者，近战武器-黑鹰；【步枪皮肤58】M4A1突击步枪-阿米娅，M4A1突击步枪-蚀金玫瑰，QBZ95-1突击步枪-腾驹驰春，M16A4突击步枪-狩猎时刻，AK-12突击步枪-特斯拉线圈，SCAR-H战斗步枪-启航，G3战斗步枪-狩猎时刻，腾龙突击步枪-马年祥瑞，腾龙突击步枪-万金泪冠，K416突击步枪-阿萨拉特攻，K416突击步枪-冬日风情，M16A4突击步枪-竞赛选手，SG552突击步枪-神秘艺术；【冲锋枪皮肤32】Vector冲锋枪-狩猎时刻，Vector冲锋枪-能天使-午夜邮差，UZI冲锋枪-特斯拉线圈，SMG-45冲锋枪-腾驹驰春，SR-3M紧凑突击步枪-特斯拉线圈，勇士冲锋枪-能天使-午夜邮差，勇士冲锋枪-万金泪冠，MP5冲锋枪-深海恐惧，MP5冲锋枪-战术竞备，MP5冲锋枪-竞技风，P90冲锋枪-紧急戒备，SR-3M紧凑突击步枪-战术竞备，勇士冲锋枪-工业狂潮，MP7冲锋枪-六套之力；【射手步枪皮肤12】M14射手步枪-缄花，SKS射手步枪-骑士，SR-25射手步枪-缄花，SVD狙击步枪-阿萨拉工艺，M14射手步枪-工业狂潮；【狙击步枪皮肤7】R93狙击步枪-维什戴尔，AWM狙击步枪-万金泪冠，SV-98狙击步枪-林中猎手；【轻机枪皮肤9】M250通用机枪-囚徒，QJB201轻机枪-OldHabits，QJB201轻机枪-炽焰；【手枪皮肤11】.357左轮-缄花，G18-马年祥瑞；【挂饰25】挂饰-蚀金玫瑰，挂饰-能天使，挂饰-狩猎时刻，挂饰-特斯拉线圈，挂饰-阿米娅，挂饰-启程，汤圆，北非蛋，饺子，马到成功，挂饰-缄花，挂饰-腾驹驰春，挂饰-万金泪冠，阿萨拉狙击兵，阿萨拉霰弹兵，诡影狙击兵，诡影喷火兵，暗行哨兵，崩岩重炮，福禄，聚宝盆；【载具18】突击车-赤骅，轮式突击炮-荣耀，M1A4坦克-驯鹿，M1A4坦克-哈夫克重工，全地形车-战痕，轮式突击炮-巅峰竞赛，M1A4坦克-巅峰竞赛，侦察直升机-酒红，突击直升机-原始伪装，M1A4坦克-护林人，轮式突击炮-护林人，M1A4坦克-烟火2026，GTQ35坦克-烟火2026，突击车-寒梅，轮式突击炮-烟火2026，F45A战斗机-夜间迷彩，侦察直升机-烟火2026，F-45A战斗机-建造；【AW子弹】33;【烽火地带战损比】0.5/1.7/1.1；【货币】6三角币，148三角卷，【 皮肤、道具、货币、安全箱、特勤处等实际信息请以游戏内数据为准】【QQ登录】【不可二次实名】【官方截图】,2026-03-26 16:59:08
2083403180606409578,988.0,None,总资产：42.87M，哈夫币：1985W，传说武器19，史诗武器19，武器皮肤149；烽火60级：铂金Ⅲ，战场：上等兵Ⅰ，【安全箱】S8顶级安全箱；【特勤处等级】仓库LV.8，靶场LV.4，训练中心LV.6，收藏室LV.0，潜水中心LV.1；【捆绑包3】蚀金玫瑰捆绑包，悠然茶歇捆绑包，万金泪冠捆绑包；【干员皮肤3】红狼蚀金玫瑰，乌鲁鲁荒原猎手，露娜金牌射手；【传说典藏皮肤1】M7战斗步枪-棱镜攻势S2（优品B）；【近战皮肤3】近战武器-信条，近战武器-处刑者，近战武器-黑鹰；【步枪皮肤64】M7战斗步枪-棱镜攻势S2，M4A1突击步枪-蚀金玫瑰，QBZ95-1突击步枪-凌霄戍卫，AUG突击步枪-悠然茶歇，SG552突击步枪-运动员，SCAR-H战斗步枪-启航，腾龙突击步枪-马年祥瑞，腾龙突击步枪-万金泪冠，MK47突击步枪-悠然茶歇，AKM突击步枪-逆战未来，K416突击步枪-腊梅，M7战斗步枪-百步穿杨，SG552突击步枪-哈夫克警备，SCAR-H战斗步枪-囚徒，G3战斗步枪-哈夫克警备，G3战斗步枪-流沙送葬，ASVal突击步枪-百步穿杨，腾龙突击步枪-猎鳄行动，K437突击步枪-丛影谍踪；【冲锋枪皮肤30】UZI冲锋枪-悠然茶歇，SR-3M紧凑突击步枪-荼蘼，勇士冲锋枪-万金泪冠，MP5冲锋枪-战术竞备，Vector冲锋枪-异域战争，Vector冲锋枪-猎鳄行动，Vector冲锋枪-百步穿杨，SR-3M紧凑突击步枪-开工大吉，勇士冲锋枪-丛影谍踪，MP7冲锋枪-六套之力；【射手步枪皮肤17】M14射手步枪-蛮荒，M14射手步枪-缄花，SKS射手步枪-骑士，VSS射手步枪-丛影谍踪，M14射手步枪-工业狂潮，M14射手步枪-航天庆典；【狙击步枪皮肤10】AWM狙击步枪-万金泪冠，SV-98狙击步枪-囚徒，M700狙击步枪-蝮蛇，M700狙击步枪-百步穿杨，AWM狙击步枪-流沙送葬；【轻机枪皮肤13】PKM通用机枪-蝮蛇，PKM通用机枪-阿萨拉特攻，M249轻机枪-丛影谍踪，QJB201轻机枪-炽焰；【手枪皮肤7】G18-马年祥瑞；【挂饰17】挂饰-非洲之心，窃风密探，挂饰-蚀金玫瑰，挂饰-凌霄戍卫，挂饰-启程，挂饰-雪人，挂饰-悠然茶歇，汤圆，北非蛋，饺子，挂饰-卡皮巴拉，马到成功，挂饰-万金泪冠，福禄，聚宝盆；【载具13】轮式突击炮-荣耀，轮式突击炮-巅峰竞赛，M1A4坦克-巅峰竞赛，侦察直升机-酒红，突击直升机-原始伪装，M1A4坦克-护林人，M1A4坦克-烟火2026，GTQ35坦克-烟火2026，突击车-寒梅，轮式突击炮-烟火2026，F45A战斗机-夜间迷彩，侦察直升机-烟火2026，F-45A战斗机-建造；【AW子弹】0;【烽火地带战损比】4.6/1.0/0.7；【货币】40三角币，116三角卷，【 皮肤、道具、货币、安全箱、特勤处等实际信息请以游戏内数据为准】【QQ登录】【不可二次实名】【官方截图】,2026-03-26 19:40:05
2074510980547421866,988.0,None,"总资产：8.3M，哈夫币：6W，传说武器34，史诗武器63，烽火60级：黑鹰_，战场50级：上等兵，通行证116级：三角洲豪华版
【安全箱】高级安全箱；【特勤处等级】仓库LV.4，训练中心LV.6，靶场LV.3，制药台LV.3，工作台LV.3，技术中心LV.3，指挥中心LV.3，防具台LV.3，潜水中心LV.1；
【干员皮肤7】威龙凌霄戍卫，红狼蚀金玫瑰，深蓝不破誓约，红狼电锯惊魂，蜂医送葬人无题密令，露娜金牌射手，乌鲁鲁荒原猎手；
【已有捆绑包8】凌霄戍卫捆绑包，蚀金玫瑰捆绑包，捞点薯条捆绑包，特斯拉线圈捆绑包，电锯惊魂干员捆绑包，鹅鸭杀捆绑包，信条捆绑包，悠然茶歇捆绑包；
【近战皮肤3】近战武器-信条，近战武器-处刑者，近战武器-黑鹰；
【步枪皮肤】M4A1突击步枪-蚀金玫瑰，QBZ95-1突击步枪-曙光，AUG突击步枪-蝮蛇，KC17突击步枪-电锯惊魂，AKM突击步枪-林中猎手，K416突击步枪-幻想曲，PTR-32突击步枪-英雄，腾龙突击步枪-无垢，M16A4突击步枪-竞赛选手，M4A1突击步枪-阿米娅，腾龙突击步枪-捞点薯条，AK-12突击步枪-特斯拉线圈，腾龙突击步枪-猎鳄行动，K437突击步枪-守护者，ASh-12战斗步枪-无极限，PTR-32突击步枪-工业狂潮，ASh-12战斗步枪-鹅鸭杀，SCAR-H战斗步枪-启航，SG552突击步枪-哈夫克警备，SG552突击步枪-哈夫克警备，SG552突击步枪-运动员，M7战斗步枪-百步穿杨，G3战斗步枪-流沙送葬，G3战斗步枪-哈夫克警备，AUG突击步枪-紧急戒备，K437突击步枪-丛影谍踪，K416突击步枪-腊梅，K416突击步枪-阿萨拉特攻，QBZ95-1突击步枪-凌霄戍卫，SCAR-H战斗步枪-荼蘼，腾龙突击步枪-马年祥瑞，AUG突击步枪-悠然茶歇，MK47突击步枪-悠然茶歇；
【冲锋枪皮肤】SR-3M紧凑突击步枪-荒野求生，SR-3M紧凑突击步枪-特斯拉线圈，SR-3M紧凑突击步枪-战术竞备，SR-3M紧凑突击步枪-开工大吉，UZI冲锋枪-特斯拉线圈，MP5冲锋枪-深海恐惧，勇士冲锋枪-深海恐惧，SMG-45冲锋枪-骑士，MP7冲锋枪-无垢，勇士冲锋枪-能天使-午夜邮差，Vector冲锋枪-能天使-午夜邮差，P90冲锋枪-紧急戒备，MP7冲锋枪-守护者，勇士冲锋枪-工业狂潮，QCQ171冲锋枪-鹅鸭杀，MP5冲锋枪-战术竞备，P90冲锋枪-信条，Vector冲锋枪-异域战争，Vector冲锋枪-百步穿杨，MP5冲锋枪-竞技风，MP7冲锋枪-六套之力，UZI冲锋枪-悠然茶歇；
【射手步枪皮肤】PSG-1射手步枪-无垢，Mini-14射手步枪-守护者，SR-25射手步枪-信条，M14射手步枪-工业狂潮，M14射手步枪-蛮荒，VSS射手步枪-丛影谍踪，M14射手步枪-航天庆典，M14射手步枪-缄花，SR-25射手步枪-缄花；
【狙击步枪皮肤】SVD狙击步枪-阿萨拉工艺，M700狙击步枪-竞技风，SV-98狙击步枪-囚徒，M700狙击步枪-蝮蛇，SVD狙击步枪-暗夜猎手，SV-98狙击步枪-林中猎手，SVD狙击步枪-荒野求生，AWM狙击步枪-捞点薯条，SV-98狙击步枪-猎鳄行动，AWM狙击步枪-流沙送葬，M700狙击步枪-百步穿杨，M700狙击步枪-哈夫克警备，SVD狙击步枪-檀劫铳影；
【霰弹枪皮肤】M1014霰弹枪-林中猎手，725双管霰弹枪-送葬人-无题密令；
【轻机枪皮肤】PKM通用机枪-蝮蛇，PKM通用机枪-荒野求生，QJB201轻机枪-OldHabits，M250通用机枪-骑士之心，QJB201轻机枪-鹅鸭杀，M250通用机枪-寒冬猎手，M249轻机枪-丛影谍踪，QJB201轻机枪-炽焰，PKM通用机枪-阿萨拉特攻；
【手枪皮肤】沙漠之鹰-曙光，93R-捞点薯条，G18-马年祥瑞，.357左轮-缄花；
【特殊武器皮肤】复合弓-守护者；
【挂饰28】祥龙，狻猊，挂饰-凌霄戍卫，挂饰-信条，挂饰-维什戴尔，挂饰-黑，挂饰-蚀金玫瑰，挂饰-年年有鱼，挂饰-缄花，挂饰-马到成功，挂饰-卡皮巴拉，挂饰-饺子，挂饰-北非蛋，挂饰-汤圆，挂饰-悠然茶歇，挂饰-雪人，挂饰-启程，挂饰-关山难越，挂饰-大白鹅，挂饰-骑士之心，挂饰-晶石幻想，挂饰-来点薯条，挂饰-阿米娅，挂饰-特斯拉线圈，挂饰-枪匠，挂饰-磁吸炸弹，挂饰-三联装手炮，麻将；
【载具14】M1A4坦克-烈焰，M1A4坦克-驯鹿，M1A4坦克-流星，步战车-鳄鳄出击，突击车-流星，轮式突击炮-荣耀，轮式突击炮-流星，突击直升机-流星，侦察直升机-烈焰，侦察直升机-流星，全地形车-纷争，GTQ35坦克-流星，F45A战斗机-航天飞机，F45A战斗机-流星；
【烽火地带战损比】6.6/1.5/0.5
【货币】18三角币，14曼德尔币，80三角卷
【皮肤、道具、货币、安全箱等实际信息请以游戏内数据为准】【微信登录】【可二次实名】【官方截图】",2026-03-21 21:53:12
2083615454085870451,800.0,None,总资产：60.84M，哈夫币：34W，传说武器18，史诗武器18，武器皮肤155；烽火60级：钻石Ⅰ，战场：尉官Ⅳ，【安全箱】基础安全箱；【特勤处等级】仓库LV.7，靶场LV.4，训练中心LV.6，收藏室LV.1；【捆绑包7】维什戴尔捆绑包，鹅鸭杀捆绑包，蚀金玫瑰捆绑包，电锯惊魂干员捆绑包，锦绣捆绑包，信条捆绑包，蝮蛇捆绑包；【干员皮肤4】骇爪维什戴尔，红狼蚀金玫瑰，红狼电锯惊魂，露娜金牌射手；【近战皮肤2】近战武器-信条，近战武器-黑鹰；【步枪皮肤65】M4A1突击步枪-阿米娅，M4A1突击步枪-蚀金玫瑰，AKM突击步枪-锦绣，ASh-12战斗步枪-鹅鸭杀，SG552突击步枪-运动员，SCAR-H战斗步枪-启航，G3战斗步枪-骑士，CAR-15突击步枪-阿米娅，K437突击步枪-锦绣，KC17突击步枪-电锯惊魂，QBZ95-1突击步枪-曙光，ASh-12战斗步枪-无极限，AUG突击步枪-蝮蛇，M7战斗步枪-百步穿杨，SG552突击步枪-哈夫克警备，SCAR-H战斗步枪-囚徒，G3战斗步枪-流沙送葬，ASVal突击步枪-百步穿杨，腾龙突击步枪-猎鳄行动，K437突击步枪-守护者；【冲锋枪皮肤36】P90冲锋枪-信条，SMG-45冲锋枪-锦绣，QCQ171冲锋枪-鹅鸭杀，MP7冲锋枪-原型机，MP5冲锋枪-战术竞备，MP5冲锋枪-竞技风，Vector冲锋枪-百步穿杨，SR-3M紧凑突击步枪-战术竞备，勇士冲锋枪-深海恐惧，勇士冲锋枪-工业狂潮，MP7冲锋枪-守护者；【射手步枪皮肤13】SR-25射手步枪-信条，Mini-14射手步枪-守护者；【狙击步枪皮肤13】R93狙击步枪-维什戴尔，M700狙击步枪-竞技风，M700狙击步枪-蝮蛇，M700狙击步枪-百步穿杨，AWM狙击步枪-无极限，AWM狙击步枪-流沙送葬；【轻机枪皮肤12】M250通用机枪-骑士之心，QJB201轻机枪-鹅鸭杀，PKM通用机枪-蝮蛇，PKM通用机枪-阿萨拉特攻，M250通用机枪-囚徒；【复合弓皮肤1】复合弓-守护者；【挂饰23】毁灭之源，黄金视野，麦小鼠，牛角威龙，火箭玫瑰，挂饰-蚀金玫瑰，挂饰-维什戴尔，挂饰-信条，挂饰-枪匠，挂饰-龙门币，挂饰-大白鹅，挂饰-启程，挂饰-雪人，挂饰-锦绣，诡影狙击兵，诡影喷火兵，暗行哨兵，崩岩重炮，福禄，聚宝盆；【载具11】轮式突击炮-荣耀，轮式突击炮-巅峰竞赛，突击直升机-原始伪装，全地形车-森林迷彩，M1A4坦克-护林人，M1A4坦克-烟火2026，突击车-寒梅，轮式突击炮-烟火2026，F45A战斗机-夜间迷彩，侦察直升机-烟火2026，F-45A战斗机-建造；【烽火地带战损比】2.3/0.8/0.6；【货币】1三角币，67三角卷，【 皮肤、道具、货币、安全箱、特勤处等实际信息请以游戏内数据为准】【QQ登录】【可二次实名】【官方截图】,2026-03-26 22:28:47
2083306207642020479,1274.0,None,总资产：251.99M，哈夫币：32W，传说武器35，史诗武器35，武器皮肤254；烽火60级：钻石Ⅳ，战场：暂无段位，【安全箱】S8顶级安全箱；【特勤处等级】仓库LV.9，靶场LV.6，训练中心LV.7，收藏室LV.0，潜水中心LV.0；【捆绑包9】北极星捆绑包，鹅鸭杀捆绑包，电锯惊魂干员捆绑包，悠然茶歇捆绑包，特斯拉线圈捆绑包，捞点薯条捆绑包，万金泪冠捆绑包，缄花捆绑包，蝮蛇捆绑包；【干员皮肤4】蜂医送葬人无题密令，红狼电锯惊魂，乌鲁鲁荒原猎手，露娜金牌射手；【近战皮肤2】近战武器-北极星，近战武器-黑鹰；【步枪皮肤97】M4A1突击步枪-阿米娅，M4A1突击步枪-蚀金玫瑰，ASh-12战斗步枪-鹅鸭杀，AUG突击步枪-悠然茶歇，SG552突击步枪-运动员，AK-12突击步枪-特斯拉线圈，SCAR-H战斗步枪-启航，G3战斗步枪-骑士，CAR-15突击步枪-阿米娅，腾龙突击步枪-捞点薯条，腾龙突击步枪-万金泪冠，K437突击步枪-北极星，KC17突击步枪-电锯惊魂，MK47突击步枪-悠然茶歇，AKM突击步枪-逆战未来，QBZ95-1突击步枪-曙光，ASh-12战斗步枪-无极限，K416突击步枪-阿萨拉特攻，K416突击步枪-冬日风情，K416突击步枪-腊梅，M16A4突击步枪-竞赛选手，AUG突击步枪-蝮蛇，M7战斗步枪-百步穿杨，SG552突击步枪-深海恐惧，SG552突击步枪-哈夫克警备，SCAR-H战斗步枪-囚徒，G3战斗步枪-哈夫克警备，G3战斗步枪-流沙送葬，PTR-32突击步枪-OldHabits，ASVal突击步枪-典狱官，ASVal突击步枪-百步穿杨，腾龙突击步枪-无垢，K437突击步枪-守护者，K437突击步枪-丛影谍踪；【冲锋枪皮肤63】Vector冲锋枪-能天使-午夜邮差，UZI冲锋枪-特斯拉线圈，UZI冲锋枪-悠然茶歇，SR-3M紧凑突击步枪-特斯拉线圈，勇士冲锋枪-能天使-午夜邮差，勇士冲锋枪-万金泪冠，QCQ171冲锋枪-北极星，QCQ171冲锋枪-鹅鸭杀，MP5冲锋枪-战术竞备，MP5冲锋枪-竞技风，P90冲锋枪-紧急戒备，Vector冲锋枪-异域战争，Vector冲锋枪-百步穿杨，SMG-45冲锋枪-阿萨拉特攻，SR-3M紧凑突击步枪-荒野求生，SR-3M紧凑突击步枪-战术竞备，SR-3M紧凑突击步枪-开工大吉，勇士冲锋枪-工业狂潮，勇士冲锋枪-丛影谍踪，MP7冲锋枪-无垢，MP7冲锋枪-守护者，MP7冲锋枪-六套之力；【射手步枪皮肤29】M14射手步枪-蛮荒，M14射手步枪-缄花，SKS射手步枪-骑士，SR-25射手步枪-缄花，Mini-14射手步枪-守护者，VSS射手步枪-丛影谍踪，SVD狙击步枪-阿萨拉工艺，SVD狙击步枪-荒野求生，M14射手步枪-工业狂潮，M14射手步枪-航天庆典，PSG-1射手步枪-无垢；【狙击步枪皮肤17】AWM狙击步枪-捞点薯条，AWM狙击步枪-万金泪冠，SV-98狙击步枪-林中猎手，M700狙击步枪-蝮蛇，M700狙击步枪-哈夫克警备，M700狙击步枪-百步穿杨，AWM狙击步枪-无极限，AWM狙击步枪-流沙送葬；【霰弹枪皮肤9】725双管霰弹枪-送葬人-无题密令；【轻机枪皮肤22】M250通用机枪-骑士之心，QJB201轻机枪-鹅鸭杀，PKM通用机枪-蝮蛇，PKM通用机枪-荒野求生，PKM通用机枪-阿萨拉特攻，M249轻机枪-丛影谍踪，M250通用机枪-囚徒，QJB201轻机枪-OldHabits，QJB201轻机枪-炽焰；【手枪皮肤13】.357左轮-缄花，93R-捞点薯条，沙漠之鹰-曙光；【复合弓皮肤2】复合弓-黑-天际线，复合弓-守护者；【挂饰24】余烬之影，祥龙，牛角威龙，黄金视野，挂饰-黑，挂饰-北极星，挂饰-龙门币，挂饰-特斯拉线圈，挂饰-阿米娅，挂饰-来点薯条，挂饰-晶石幻想，挂饰-大白鹅，关山难越，挂饰-启程，挂饰-雪人，挂饰-悠然茶歇，北非蛋，挂饰-卡皮巴拉，挂饰-缄花，挂饰-万金泪冠，福禄，聚宝盆；【载具18】M1A4坦克-烈焰，轮式突击炮-荣耀，M1A4坦克-驯鹿，M1A4坦克-哈夫克重工，轮式突击炮-巅峰竞赛，M1A4坦克-巅峰竞赛，侦察直升机-酒红，突击直升机-原始伪装，全地形车-森林迷彩，M1A4坦克-护林人，轮式突击炮-护林人，M1A4坦克-烟火2026，GTQ35坦克-烟火2026，突击车-寒梅，轮式突击炮-烟火2026，F45A战斗机-夜间迷彩，侦察直升机-烟火2026，F-45A战斗机-建造；【AW子弹】0;【烽火地带战损比】1.0/0.6/0.9；【货币】41三角币，440三角卷，【 皮肤、道具、货币、安全箱、特勤处等实际信息请以游戏内数据为准】【QQ登录】【可二次实名】【官方截图】,2026-03-26 18:23:01
2083660374344516417,1600.0,None,总资产：78.98M，哈夫币：1197W，传说武器30，史诗武器30，武器皮肤305；烽火60级：黄金Ⅱ，战场：上等兵Ⅰ，【安全箱】高级安全箱；【特勤处等级】仓库LV.9，靶场LV.6，训练中心LV.7；【捆绑包8】影锋捆绑包，黑海捆绑包，北极星捆绑包，黑天际线捆绑包，狩猎时刻捆绑包，特斯拉线圈捆绑包，曙光捆绑包，蝮蛇捆绑包；【干员皮肤5】露娜黑天际线，蜂医送葬人无题密令，威龙壮志凌云，无名夜鹰，威龙铁面判官；【近战皮肤4】近战武器-影锋，近战武器-黑海，近战武器-北极星，近战武器-黑鹰；【步枪皮肤120】M4A1突击步枪-侍者，M4A1突击步枪-阿米娅，M4A1突击步枪-蚀金玫瑰，QBZ95-1突击步枪-破军，M16A4突击步枪-狩猎时刻，M7战斗步枪-维京，AK-12突击步枪-夜鹰，AK-12突击步枪-特斯拉线圈，SCAR-H战斗步枪-启航，SCAR-H战斗步枪-铁艺苍穹，G3战斗步枪-狩猎时刻，CAR-15突击步枪-阿米娅，K437突击步枪-极速狂飙，K437突击步枪-北极星，K416突击步枪-潜袭者，AK-12突击步枪-原型机，M4A1突击步枪-竞技风，M4A1突击步枪-特勤执行，AKM突击步枪-林中猎手，QBZ95-1突击步枪-曙光，QBZ95-1突击步枪-ACE，ASh-12战斗步枪-守夜人，K416突击步枪-冬日风情，AUG突击步枪-蝮蛇，AUG突击步枪-特勤执行，SG552突击步枪-尖端治疗，SG552突击步枪-深海恐惧，SCAR-H战斗步枪-国风，SCAR-H战斗步枪-猎鳄行动，SCAR-H战斗步枪-危险实验，SCAR-H战斗步枪-囚徒，G3战斗步枪-阿萨拉工艺，G3战斗步枪-战场英杰，PTR-32突击步枪-ACE，PTR-32突击步枪-英雄，ASVal突击步枪-尖端治疗，腾龙突击步枪-无垢；【冲锋枪皮肤73】MP5冲锋枪-黑海，Vector冲锋枪-狩猎时刻，UZI冲锋枪-特斯拉线圈，SMG-45冲锋枪-骑士，SR-3M紧凑突击步枪-特斯拉线圈，勇士冲锋枪-能天使-午夜邮差，QCQ171冲锋枪-北极星，MP7冲锋枪-原型机，MP5冲锋枪-深海恐惧，MP5冲锋枪-战术竞备，MP5冲锋枪-竞技风，P90冲锋枪-暗夜猎手，P90冲锋枪-紧急戒备，Vector冲锋枪-阿萨拉文明，Vector冲锋枪-红色彗星，Vector冲锋枪-猎鳄行动，UZI冲锋枪-危险实验，SR-3M紧凑突击步枪-英雄，SR-3M紧凑突击步枪-荒野求生，SR-3M紧凑突击步枪-战术竞备，勇士冲锋枪-深海恐惧，MP7冲锋枪-无垢；【射手步枪皮肤35】SR-25射手步枪-水墨云图，SVD狙击步枪-阿萨拉工艺，SVD狙击步枪-暗夜猎手，SVD狙击步枪-荒野求生，SKS射手步枪-ACE，SR-25射手步枪-战场英杰，SR-25射手步枪-尖端治疗，PSG-1射手步枪-无垢；【狙击步枪皮肤17】AWM狙击步枪-影锋，SV-98狙击步枪-林中猎手，SV-98狙击步枪-囚徒，M700狙击步枪-竞技风，M700狙击步枪-阿萨拉工艺，M700狙击步枪-蝮蛇，M700狙击步枪-守夜人，M700狙击步枪-哈夫克警备；【霰弹枪皮肤14】M1014霰弹枪-影锋，725双管霰弹枪-送葬人-无题密令，M1014霰弹枪-林中猎手，S12K霰弹枪-曙光，S12K霰弹枪-猎宝团；【轻机枪皮肤23】QJB201轻机枪-黑海，PKM通用机枪-蝮蛇，PKM通用机枪-英雄，PKM通用机枪-守夜人，PKM通用机枪-荒野求生，M249轻机枪-维京，M250通用机枪-囚徒；【手枪皮肤18】QSZ92G-风林火山，沙漠之鹰-曙光，93R-博士；【复合弓皮肤1】复合弓-黑-天际线；【挂饰34】挂饰-蚀金玫瑰，挂饰-影锋，挂饰-黑海，挂饰-黑，挂饰-维什戴尔，挂饰-北极星，挂饰-三联装手炮，挂饰-巡飞弹发射器，挂饰-保持专注，挂饰-枪匠，挂饰-Relink，挂饰-维京，挂饰-王牌座驾，挂饰-彩蛋，挂饰-小羊，挂饰-狩猎时刻，挂饰-特斯拉线圈，挂饰-阿米娅，挂饰-晶石幻想，挂饰-启程，持剑者，持盾者，重装记者，演出导演，阿萨拉狙击兵，阿萨拉霰弹兵，诡影狙击兵，诡影喷火兵，崩岩重炮；【载具94】M1A4坦克-丛林猎手，M1A4坦克-纷争，突击车-纷争，步战车-纷争，防空车-纷争，全地形车-纷争，M1A4坦克-飓风行动，M1A4坦克-鹰击长空，突击车-鹰击长空，M1A4坦克-无瑕，步战车-无瑕，M1A4坦克-黑骑士，步战车-鹰击长空，防空车-鹰击长空，步战车-黑骑士，防空车-黑骑士，步战车-卦象，防空车-卦象，步战车--克苏鲁，轮式突击炮-暗夜行动，轮式突击炮-凝视，轮式突击炮-紫电，防空车-警戒线，M1A4坦克-紫电，全地形车-警戒线，轮式突击炮-荣耀，突击直升机-纷争，突击直升机-飓风行动，突击直升机-狮王，突击直升机-鹰击长空，侦察直升机-卦象，突击直升机-黑骑士，侦察直升机-凝视，突击直升机-暗夜行动，突击直升机-紫电，侦察直升机-紫电，步战车-炭黑蜂窝，防空车-炭黑蜂窝，M1A4坦克-地平线，步战车-黄蜂，防空车-黄蜂，M1A4坦克-黄蜂，全地形车-猎虎，步战车-猎虎，防空车-猎虎，防空车-酒红，全地形车-童趣，轮式突击炮-猎虎，M1A4坦克-破碎，步战车-破碎，防空车-破碎，步战车-生命线，防空车-生命线，轮式突击炮-哈夫克重工，防空车-哈夫克重工，M1A4坦克-哈夫克重工，防空车-斑马，侦察直升机-酒红，突击直升机-地平线，突击直升机-黄蜂，突击直升机-猎虎，突击直升机-原始伪装，侦察直升机-哈夫克重工，突击车-雪地迷彩，步战车-雪地迷彩，防空车-雪地迷彩，步战车-森林迷彩，防空车-森林迷彩，突击车-森林迷彩，M1A4坦克-森林迷彩，步战车-夜间迷彩，防空车-夜间迷彩，M1A4坦克-夜间迷彩，全地形车-冷钢，防空车-沙漠迷彩，突击车-沙漠迷彩，全地形车-沙漠迷彩，突击车-冷钢，M1A4坦克-赤色军团，步战车-赤色军团，防空车-赤色军团，步战车-护林人，防空车-护林人，M1A4坦克-护林人，突击车-护林人，轮式突击炮-护林人，突击车-寒梅，M1A4坦克-战痕，突击直升机-雪地迷彩，突击直升机-森林迷彩，侦察直升机-夜间迷彩，突击直升机-冷钢，侦察直升机-沙漠迷彩，突击直升机-赤色军团；【烽火地带战损比】2.4/1.8/1.4；【货币】33三角币，1三角卷，【 皮肤、道具、货币、安全箱、特勤处等实际信息请以游戏内数据为准】【QQ登录】【可二次实名】【官方截图】,2026-03-26 23:04:29
2083704876237644361,888.0,None,总资产：49.02M，哈夫币：168W，传说武器26，史诗武器26，武器皮肤209；烽火60级：钻石Ⅳ，战场：上等兵Ⅱ，【安全箱】基础安全箱；【特勤处等级】仓库LV.7，靶场LV.4，训练中心LV.4，收藏室LV.0，潜水中心LV.1；【捆绑包8】鹅鸭杀捆绑包，黑天际线捆绑包，飞虎捆绑包，特斯拉线圈捆绑包，捞点薯条捆绑包，缄花捆绑包，能天使午夜邮差捆绑包，蝮蛇捆绑包；【干员皮肤6】蛊能天使午夜邮差，露娜黑天际线，威龙飞虎，威龙壮志凌云，无名夜鹰，深蓝不破誓约；【近战皮肤1】近战武器-黑鹰；【步枪皮肤78】M4A1突击步枪-阿米娅，M4A1突击步枪-蚀金玫瑰，ASh-12战斗步枪-鹅鸭杀，AK-12突击步枪-夜鹰，AK-12突击步枪-特斯拉线圈，SCAR-H战斗步枪-启航，SCAR-H战斗步枪-铁艺苍穹，CAR-15突击步枪-阿米娅，腾龙突击步枪-捞点薯条，腾龙突击步枪-万金泪冠，M4A1突击步枪-特勤执行，AKM突击步枪-林中猎手，QBZ95-1突击步枪-曙光，QBZ95-1突击步枪-ACE，ASh-12战斗步枪-守夜人，ASh-12战斗步枪-无极限，K416突击步枪-阿萨拉特攻，M16A4突击步枪-竞赛选手，AUG突击步枪-蝮蛇，AUG突击步枪-特勤执行，SG552突击步枪-尖端治疗，SG552突击步枪-深海恐惧，SG552突击步枪-哈夫克警备，SCAR-H战斗步枪-囚徒，PTR-32突击步枪-ACE，ASVal突击步枪-尖端治疗，腾龙突击步枪-猎鳄行动，K437突击步枪-守护者；【冲锋枪皮肤53】Vector冲锋枪-能天使-午夜邮差，UZI冲锋枪-特斯拉线圈，SMG-45冲锋枪-骑士，SR-3M紧凑突击步枪-特斯拉线圈，SR-3M紧凑突击步枪-荼蘼，勇士冲锋枪-能天使-午夜邮差，QCQ171冲锋枪-鹅鸭杀，MP5冲锋枪-深海恐惧，MP5冲锋枪-战术竞备，P90冲锋枪-紧急戒备，Vector冲锋枪-阿萨拉文明，Vector冲锋枪-红色彗星，SR-3M紧凑突击步枪-战术竞备，勇士冲锋枪-深海恐惧，勇士冲锋枪-工业狂潮，MP7冲锋枪-守护者，MP7冲锋枪-六套之力；【射手步枪皮肤22】M14射手步枪-缄花，SR-25射手步枪-缄花，Mini-14射手步枪-守护者，SVD狙击步枪-阿萨拉工艺，SVD狙击步枪-暗夜猎手，SKS射手步枪-ACE，SR-25射手步枪-尖端治疗；【狙击步枪皮肤12】AWM狙击步枪-捞点薯条，SV-98狙击步枪-林中猎手，SV-98狙击步枪-囚徒，M700狙击步枪-竞技风，M700狙击步枪-蝮蛇，M700狙击步枪-守夜人，AWM狙击步枪-无极限；【霰弹枪皮肤8】M1014霰弹枪-林中猎手；【轻机枪皮肤18】M250通用机枪-骑士之心，QJB201轻机枪-鹅鸭杀，PKM通用机枪-蝮蛇，PKM通用机枪-英雄，PKM通用机枪-守夜人，M250通用机枪-囚徒，QJB201轻机枪-炽焰；【手枪皮肤15】.357左轮-缄花，G18-飞虎，93R-捞点薯条，沙漠之鹰-曙光；【复合弓皮肤2】复合弓-黑-天际线，复合弓-守护者；【挂饰20】挂饰-蚀金玫瑰，挂饰-黑，挂饰-能天使，挂饰-凌霄戍卫，挂饰-王牌座驾，挂饰-彩蛋，挂饰-小羊，挂饰-特斯拉线圈，挂饰-阿米娅，挂饰-来点薯条，仪典匕首，挂饰-大白鹅，挂饰-启程，挂饰-缄花，暗行哨兵，崩岩重炮，聚宝盆；【载具31】步战车-无瑕，步战车--克苏鲁，轮式突击炮-暗夜行动，轮式突击炮-凝视，轮式突击炮-荣耀，突击直升机-飓风行动，侦察直升机-凝视，突击直升机-暗夜行动，防空车-猎虎，轮式突击炮-猎虎，M1A4坦克-破碎，步战车-破碎，防空车-破碎，步战车-生命线，防空车-生命线，M1A4坦克-哈夫克重工，侦察直升机-酒红，突击直升机-原始伪装，全地形车-森林迷彩，突击车-沙漠迷彩，M1A4坦克-赤色军团，步战车-赤色军团，防空车-赤色军团，M1A4坦克-护林人，轮式突击炮-护林人，M1A4坦克-烟火2026，突击车-寒梅，轮式突击炮-烟火2026，突击直升机-赤色军团，侦察直升机-烟火2026，F-45A战斗机-建造；【烽火地带战损比】1.8/1.5/1.8；【货币】19三角币，230三角卷，【 皮肤、道具、货币、安全箱、特勤处等实际信息请以游戏内数据为准】【QQ登录】【可二次实名】【官方截图】,2026-03-26 23:39:51
2083709657416344323,520.0,None,总资产：103.58M，哈夫币：1W，传说武器40，史诗武器40，武器皮肤243；烽火60级：黑鹰Ⅰ，战场：上等兵Ⅰ，【安全箱】高级安全箱；【特勤处等级】仓库LV.8，靶场LV.7，训练中心LV.7，收藏室LV.1；【捆绑包9】电锯惊魂捆绑包，鹅鸭杀捆绑包，电锯惊魂干员捆绑包，锦绣捆绑包，悠然茶歇捆绑包，特斯拉线圈捆绑包，捞点薯条捆绑包，夜莺捆绑包，缄花捆绑包；【干员皮肤3】红狼电锯惊魂，深蓝不破誓约，露娜金牌射手；【近战皮肤4】近战武器-电锯惊魂，近战武器-处刑者，近战武器-暗星，近战武器-黑鹰；【步枪皮肤88】M4A1突击步枪-阿米娅，AKM突击步枪-锦绣，ASh-12战斗步枪-鹅鸭杀，K416突击步枪-行动记录，AUG突击步枪-悠然茶歇，SG552突击步枪-运动员，AK-12突击步枪-特斯拉线圈，SCAR-H战斗步枪-启航，G3战斗步枪-骑士，CAR-15突击步枪-阿米娅，腾龙突击步枪-捞点薯条，腾龙突击步枪-马年祥瑞，K437突击步枪-锦绣，KC17突击步枪-电锯惊魂，MK47突击步枪-悠然茶歇，QBZ95-1突击步枪-曙光，ASh-12战斗步枪-无极限，K416突击步枪-冬日风情，K416突击步枪-腊梅，M16A4突击步枪-竞赛选手，M7战斗步枪-百步穿杨，SG552突击步枪-哈夫克警备，SCAR-H战斗步枪-囚徒，G3战斗步枪-哈夫克警备，G3战斗步枪-流沙送葬，ASVal突击步枪-百步穿杨，腾龙突击步枪-猎鳄行动，K437突击步枪-守护者；【冲锋枪皮肤60】Vector冲锋枪-夜莺，UZI冲锋枪-特斯拉线圈，UZI冲锋枪-悠然茶歇，SMG-45冲锋枪-锦绣，SR-3M紧凑突击步枪-特斯拉线圈，勇士冲锋枪-能天使-午夜邮差，QCQ171冲锋枪-鹅鸭杀，MK4冲锋枪-夜莺，MP5冲锋枪-深海恐惧，MP5冲锋枪-战术竞备，MP5冲锋枪-竞技风，P90冲锋枪-紧急戒备，Vector冲锋枪-异域战争，Vector冲锋枪-猎鳄行动，Vector冲锋枪-百步穿杨，SR-3M紧凑突击步枪-战术竞备，SR-3M紧凑突击步枪-开工大吉，勇士冲锋枪-工业狂潮，勇士冲锋枪-丛影谍踪，MP7冲锋枪-守护者，MP7冲锋枪-六套之力；【射手步枪皮肤30】Mini-14射手步枪-夜莺，M14射手步枪-电锯惊魂，M14射手步枪-蛮荒，M14射手步枪-缄花，SKS射手步枪-骑士，SR-25射手步枪-缄花，Mini-14射手步枪-守护者，VSS射手步枪-丛影谍踪，SVD狙击步枪-阿萨拉工艺，M14射手步枪-航天庆典；【狙击步枪皮肤17】AWM狙击步枪-捞点薯条，SV-98狙击步枪-林中猎手，SV-98狙击步枪-囚徒，SV-98狙击步枪-猎鳄行动，M700狙击步枪-竞技风，M700狙击步枪-哈夫克警备，M700狙击步枪-百步穿杨，AWM狙击步枪-无极限，AWM狙击步枪-流沙送葬；【霰弹枪皮肤10】S12K霰弹枪-电锯惊魂，S12K霰弹枪-曙光；【轻机枪皮肤19】M250通用机枪-骑士之心，QJB201轻机枪-鹅鸭杀，PKM通用机枪-阿萨拉特攻，M249轻机枪-丛影谍踪，QJB201轻机枪-OldHabits，QJB201轻机枪-炽焰；【手枪皮肤13】.357左轮-缄花，G18-马年祥瑞，93R-捞点薯条；【复合弓皮肤2】复合弓-黑-天际线，复合弓-守护者；【挂饰27】窃风密探，挂饰-黑，挂饰-维什戴尔，挂饰-比利的面具，挂饰-枪匠，挂饰-龙门币，挂饰-特斯拉线圈，挂饰-阿米娅，挂饰-来点薯条，挂饰-大白鹅，挂饰-启程，挂饰-雪人，挂饰-锦绣，雪松，挂饰-悠然茶歇，汤圆，北非蛋，饺子，挂饰-卡皮巴拉，马到成功，挂饰-缄花，挂饰-夜莺，福禄，聚宝盆；【载具31】F-45A战斗机-航天飞机，M1A4坦克-烈焰，轮式突击炮-荣耀，M1A4坦克-驯鹿，突击车-流星，M1A4坦克-流星，轮式突击炮-流星，突击直升机-流星，F-45A战斗机-流星，侦察直升机-流星，M1A4坦克-哈夫克重工，轮式突击炮-巅峰竞赛，全地形车-巅峰竞赛，突击车-巅峰竞赛，步战车-巅峰竞赛，M1A4坦克-巅峰竞赛，侦察直升机-酒红，突击直升机-原始伪装，全地形车-森林迷彩，M1A4坦克-护林人，轮式突击炮-护林人，M1A4坦克-烟火2026，GTQ35坦克-烟火2026，突击车-寒梅，轮式突击炮-烟火2026，轮式突击炮-建造，防空车-建造，步战车-建造，F45A战斗机-夜间迷彩，侦察直升机-烟火2026，F-45A战斗机-建造；【烽火地带战损比】0.9/0.9/1.7；【货币】12三角币，175三角卷，【 皮肤、道具、货币、安全箱、特勤处等实际信息请以游戏内数据为准】【QQ登录】【不可二次实名】【官方截图】,2026-03-26 23:43:39
2076111926231646710,765.0,None,"总资产：139M，哈夫币：8397W，传说武器25，史诗武器47，烽火60级：钻石，战场50级：上等兵，通行证42级：通行证免费版
【安全箱】进阶安全箱；【特勤处等级】仓库LV.8，训练中心LV.7，靶场LV.5，制药台LV.3，工作台LV.3，技术中心LV.3，指挥中心LV.6，防具台LV.3，收藏室LV.1；
【干员皮肤1】红狼电锯惊魂；
【已有捆绑包5】秘银工艺捆绑包，捞点薯条捆绑包，特斯拉线圈捆绑包，电锯惊魂捆绑包，电锯惊魂干员捆绑包；
【近战皮肤2】近战武器-电锯惊魂，近战武器-黑鹰；
【步枪皮肤】QBZ95-1突击步枪-曙光，K416突击步枪-冬日风情，AUG突击步枪-蝮蛇，G3战斗步枪-战场英杰，KC17突击步枪-电锯惊魂，SG552突击步枪-深海恐惧，AKM突击步枪-林中猎手，AKM突击步枪-秘银工艺，PTR-32突击步枪-英雄，SCAR-H战斗步枪-囚徒，M16A4突击步枪-竞赛选手，CAR-15突击步枪-阿米娅，M4A1突击步枪-阿米娅，腾龙突击步枪-捞点薯条，AK-12突击步枪-特斯拉线圈，腾龙突击步枪-猎鳄行动，G3战斗步枪-骑士，SCAR-H战斗步枪-启航，ASh-12战斗步枪-碎冰行动，SG552突击步枪-哈夫克警备，SG552突击步枪-哈夫克警备，G3战斗步枪-哈夫克警备，AUG突击步枪-紧急戒备，QBZ95-1突击步枪-凌霄戍卫；
【冲锋枪皮肤】SR-3M紧凑突击步枪-英雄，SR-3M紧凑突击步枪-特斯拉线圈，SR-3M紧凑突击步枪-战术竞备，UZI冲锋枪-特斯拉线圈，Vector冲锋枪-阿萨拉文明，MP5冲锋枪-深海恐惧，勇士冲锋枪-深海恐惧，SMG-45冲锋枪-骑士，勇士冲锋枪-能天使-午夜邮差，Vector冲锋枪-能天使-午夜邮差，P90冲锋枪-暗夜猎手，P90冲锋枪-紧急戒备，Vector冲锋枪-猎鳄行动，勇士冲锋枪-工业狂潮，MP5冲锋枪-战术竞备，MP5冲锋枪-竞技风，MP7冲锋枪-六套之力；
【射手步枪皮肤】SR-25射手步枪-水墨云图，SR-25射手步枪-战场英杰，SKS射手步枪-秘银工艺，M14射手步枪-电锯惊魂，M14射手步枪-缄花，SR-25射手步枪-缄花；
【狙击步枪皮肤】SVD狙击步枪-阿萨拉工艺，M700狙击步枪-竞技风，SV-98狙击步枪-囚徒，R93狙击步枪-竞赛选手，M700狙击步枪-蝮蛇，SVD狙击步枪-暗夜猎手，SV-98狙击步枪-林中猎手，AWM狙击步枪-捞点薯条，SV-98狙击步枪-猎鳄行动；
【霰弹枪皮肤】S12K霰弹枪-曙光，M1014霰弹枪-林中猎手，S12K霰弹枪-电锯惊魂；
【轻机枪皮肤】PKM通用机枪-蝮蛇，PKM通用机枪-英雄，M250通用机枪-囚徒，M250通用机枪-寒冬猎手，QJB201轻机枪-炽焰，PKM通用机枪-阿萨拉特攻；
【手枪皮肤】沙漠之鹰-曙光，QSZ92G-风林火山，93R-博士，M1911-秘银工艺，93R-捞点薯条，.357左轮-缄花；
【特殊武器皮肤】复合弓-黑-天际线；
【挂饰31】挂饰-比利的面具，赤霄游龙，阿萨拉机枪兵，阿萨拉喷火兵，阿萨拉盾兵，低音艺术家，挂饰-黑，挂饰-黄金坦克，聚宝盆，福禄，崩岩重炮，暗行哨兵，诡影喷火兵，诡影狙击兵，阿萨拉霰弹兵，阿萨拉狙击兵，挂饰-缄花，挂饰-启程，挂饰-关山难越，挂饰-牛角，挂饰-仪典匕首，挂饰-来点薯条，挂饰-阿米娅，挂饰-特斯拉线圈，挂饰-秘银工艺，挂饰-彩蛋，挂饰-枪匠，挂饰-坦克，麻将，紧急撤离，紧急会议；
【载具7】M1A4坦克-狮王，M1A4坦克-烈焰，M1A4坦克-驯鹿，轮式突击炮-荣耀，突击直升机-狮王，侦察直升机-烈焰，全地形车-纷争；
【烽火地带战损比】2.6/1.1/1
【货币】33三角币，0曼德尔币，80三角卷
【皮肤、道具、货币、安全箱等实际信息请以游戏内数据为准】【QQ登录】【可二次实名】【官方截图】",2026-03-22 19:05:31
2083152654500749754,2400.0,None,"总资产：443.6M，哈夫币：20083W，传说武器42，史诗武器64，烽火60级：黑鹰_，战场15级：无军衔，通行证122级：三角洲豪华版
【安全箱】S8顶级安全箱；【特勤处等级】仓库LV.9，训练中心LV.7，靶场LV.7，制药台LV.3，工作台LV.3，技术中心LV.3，指挥中心LV.6，防具台LV.3，收藏室LV.1，潜水中心LV.3；
【干员皮肤9】威龙凌霄戍卫，骇爪维什戴尔，蛊能天使午夜邮差，红狼蚀金玫瑰，深蓝不破誓约，红狼电锯惊魂，蜂医送葬人无题密令，露娜金牌射手，乌鲁鲁荒原猎手；
【已有捆绑包10】凌霄戍卫捆绑包，能天使午夜邮差捆绑包，维什戴尔捆绑包，蚀金玫瑰捆绑包，北极星捆绑包，捞点薯条捆绑包，特斯拉线圈捆绑包，电锯惊魂干员捆绑包，鹅鸭杀捆绑包，悠然茶歇捆绑包；
【近战皮肤3】近战武器-北极星，近战武器-处刑者，近战武器-黑鹰；
【步枪皮肤】M4A1突击步枪-蚀金玫瑰，K416突击步枪-冬日风情，AUG突击步枪-蝮蛇，KC17突击步枪-电锯惊魂，K437突击步枪-北极星，腾龙突击步枪-无垢，SCAR-H战斗步枪-囚徒，CAR-15突击步枪-阿米娅，M4A1突击步枪-阿米娅，腾龙突击步枪-捞点薯条，AK-12突击步枪-特斯拉线圈，腾龙突击步枪-猎鳄行动，K437突击步枪-守护者，ASh-12战斗步枪-无极限，G3战斗步枪-骑士，ASh-12战斗步枪-鹅鸭杀，SCAR-H战斗步枪-启航，PTR-32突击步枪-碎冰行动，SG552突击步枪-哈夫克警备，SG552突击步枪-哈夫克警备，SG552突击步枪-运动员，M7战斗步枪-百步穿杨，G3战斗步枪-流沙送葬，G3战斗步枪-哈夫克警备，AUG突击步枪-紧急戒备，K437突击步枪-丛影谍踪，K416突击步枪-腊梅，K416突击步枪-阿萨拉特攻，QBZ95-1突击步枪-凌霄戍卫，SCAR-H战斗步枪-荼蘼，腾龙突击步枪-马年祥瑞，AUG突击步枪-悠然茶歇，MK47突击步枪-悠然茶歇；
【冲锋枪皮肤】SR-3M紧凑突击步枪-荒野求生，SR-3M紧凑突击步枪-特斯拉线圈，SR-3M紧凑突击步枪-战术竞备，SR-3M紧凑突击步枪-开工大吉，SR-3M紧凑突击步枪-荼蘼，UZI冲锋枪-特斯拉线圈，Vector冲锋枪-潜袭者，MP5冲锋枪-深海恐惧，勇士冲锋枪-深海恐惧，QCQ171冲锋枪-北极星，MP7冲锋枪-无垢，勇士冲锋枪-能天使-午夜邮差，Vector冲锋枪-能天使-午夜邮差，P90冲锋枪-紧急戒备，Vector冲锋枪-猎鳄行动，MP7冲锋枪-守护者，勇士冲锋枪-工业狂潮，P90冲锋枪-莫斯提马，QCQ171冲锋枪-鹅鸭杀，MP5冲锋枪-战术竞备，Vector冲锋枪-异域战争，Vector冲锋枪-百步穿杨，MP5冲锋枪-竞技风，MP7冲锋枪-六套之力，MK4冲锋枪-夜莺，Vector冲锋枪-夜莺，UZI冲锋枪-悠然茶歇；
【射手步枪皮肤】SKS射手步枪-骑士，PSG-1射手步枪-无垢，Mini-14射手步枪-守护者，M14射手步枪-工业狂潮，M14射手步枪-蛮荒，VSS射手步枪-丛影谍踪，M14射手步枪-航天庆典，Mini-14射手步枪-夜莺，M14射手步枪-缄花，SR-25射手步枪-缄花；
【狙击步枪皮肤】SV-98狙击步枪-囚徒，R93狙击步枪-维什戴尔，M700狙击步枪-蝮蛇，SV-98狙击步枪-林中猎手，SVD狙击步枪-荒野求生，AWM狙击步枪-捞点薯条，SV-98狙击步枪-猎鳄行动，AWM狙击步枪-流沙送葬，M700狙击步枪-百步穿杨，M700狙击步枪-哈夫克警备；
【霰弹枪皮肤】S12K霰弹枪-曙光，725双管霰弹枪-送葬人-无题密令，S12K霰弹枪-死神玫瑰；
【轻机枪皮肤】PKM通用机枪-蝮蛇，PKM通用机枪-荒野求生，M250通用机枪-囚徒，QJB201轻机枪-OldHabits，M249轻机枪-异域战争，M250通用机枪-骑士之心，QJB201轻机枪-鹅鸭杀，M250通用机枪-寒冬猎手，M249轻机枪-丛影谍踪，QJB201轻机枪-炽焰，PKM通用机枪-阿萨拉特攻，PKM通用机枪-荼蘼；
【手枪皮肤】沙漠之鹰-曙光，93R-捞点薯条，G18-马年祥瑞，.357左轮-缄花；
【特殊武器皮肤】复合弓-守护者；
【挂饰41】财神到，祥龙，狻猊，三足蟾，摇钱树，黄金视野，赤霄游龙，窃风密探，牛角威龙，阿萨拉盾兵，挂饰-凌霄戍卫，挂饰-能天使，挂饰-北极星，挂饰-维什戴尔，挂饰-蚀金玫瑰，聚宝盆，福禄，崩岩重炮，暗行哨兵，挂饰-年年有鱼，挂饰-夜莺，挂饰-缄花，挂饰-马到成功，挂饰-荼蘼，挂饰-卡皮巴拉，挂饰-饺子，挂饰-北非蛋，挂饰-汤圆，挂饰-悠然茶歇，挂饰-雪松，挂饰-雪人，挂饰-启程，挂饰-大白鹅，挂饰-骑士之心，挂饰-晶石幻想，挂饰-来点薯条，挂饰-阿米娅，挂饰-特斯拉线圈，挂饰-龙门币，麻将，紧急撤离；
【载具27】M1A4坦克-凝视，M1A4坦克-烈焰，M1A4坦克-移动堡垒，M1A4坦克-驯鹿，M1A4坦克-流星，步战车-警戒线，步战车-移动堡垒，步战车-钢铁洪流，突击车-流星，防空车-凝视，防空车-移动堡垒，防空车-钢铁洪流，防空车-原木，轮式突击炮-荣耀，轮式突击炮-移动堡垒，轮式突击炮-钢铁洪流，轮式突击炮-流星，轮式突击炮-域外狂徒，突击直升机-凝视，突击直升机-流星，侦察直升机-流星，GTQ35坦克-移动堡垒，GTQ35坦克-钢铁洪流，GTQ35坦克-流星，F45A战斗机-航天飞机，F45A战斗机-钢铁洪流，F45A战斗机-流星；
【烽火地带战损比】1.1/1.2/1.2
【货币】16三角币，0曼德尔币，6780三角卷
【皮肤、道具、货币、安全箱等实际信息请以游戏内数据为准】【QQ登录】【不可二次实名】【官方截图】",2026-03-26 16:20:59
2083600354427381606,1188.0,None,总资产：4.46M，哈夫币：7W，传说武器34，史诗武器34，武器皮肤345；烽火60级：钻石Ⅰ，战场：军士长Ⅲ，【安全箱】高级安全箱；【特勤处等级】仓库LV.4，靶场LV.2，训练中心LV.4；【捆绑包7】黑天际线捆绑包，悠然茶歇捆绑包，特斯拉线圈捆绑包，捞点薯条捆绑包，缄花捆绑包，曙光捆绑包，蝮蛇捆绑包；【干员皮肤9】露娜黑天际线，威龙凌霄戍卫，蜂医送葬人无题密令，威龙壮志凌云，无名夜鹰，威龙铁面判官，深蓝不破誓约，乌鲁鲁荒原猎手，露娜金牌射手；【近战皮肤3】近战武器-黑海，近战武器-暗星，近战武器-黑鹰；【步枪皮肤139】M4A1突击步枪-阿米娅，QBZ95-1突击步枪-破军，QBZ95-1突击步枪-凌霄戍卫，ASh-12战斗步枪-极速狂飙，AUG突击步枪-悠然茶歇，SG552突击步枪-运动员，AK-12突击步枪-夜鹰，AK-12突击步枪-特斯拉线圈，SCAR-H战斗步枪-启航，SCAR-H战斗步枪-铁艺苍穹，CAR-15突击步枪-阿米娅，ASVal突击步枪-死神玫瑰，腾龙突击步枪-捞点薯条，KC17突击步枪-电锯惊魂，MK47突击步枪-悠然茶歇，MK47突击步枪-暗星，M4A1突击步枪-特勤执行，AKM突击步枪-林中猎手，QBZ95-1突击步枪-曙光，QBZ95-1突击步枪-ACE，ASh-12战斗步枪-守夜人，ASh-12战斗步枪-无极限，K416突击步枪-竞技风，K416突击步枪-阿萨拉特攻，K416突击步枪-冬日风情，K416突击步枪-腊梅，M16A4突击步枪-竞赛选手，AUG突击步枪-蝮蛇，AUG突击步枪-特勤执行，M7战斗步枪-百步穿杨，SG552突击步枪-尖端治疗，SG552突击步枪-深海恐惧，SG552突击步枪-哈夫克警备，SCAR-H战斗步枪-国风，SCAR-H战斗步枪-猎鳄行动，SCAR-H战斗步枪-囚徒，G3战斗步枪-阿萨拉工艺，G3战斗步枪-战场英杰，G3战斗步枪-哈夫克警备，G3战斗步枪-流沙送葬，PTR-32突击步枪-ACE，ASVal突击步枪-尖端治疗，ASVal突击步枪-百步穿杨，腾龙突击步枪-无垢，腾龙突击步枪-猎鳄行动，K437突击步枪-守护者，K437突击步枪-丛影谍踪；【冲锋枪皮肤78】UZI冲锋枪-特斯拉线圈，UZI冲锋枪-悠然茶歇，SR-3M紧凑突击步枪-特斯拉线圈，SR-3M紧凑突击步枪-暗星，勇士冲锋枪-能天使-午夜邮差，MP5冲锋枪-深海恐惧，MP5冲锋枪-战术竞备，MP5冲锋枪-竞技风，Vector冲锋枪-阿萨拉文明，Vector冲锋枪-红色彗星，Vector冲锋枪-猎鳄行动，Vector冲锋枪-百步穿杨，SMG-45冲锋枪-阿萨拉特攻，SR-3M紧凑突击步枪-英雄，SR-3M紧凑突击步枪-荒野求生，SR-3M紧凑突击步枪-战术竞备，SR-3M紧凑突击步枪-开工大吉，勇士冲锋枪-深海恐惧，勇士冲锋枪-丛影谍踪，MP7冲锋枪-无垢，MP7冲锋枪-守护者，MP7冲锋枪-六套之力；【射手步枪皮肤41】M14射手步枪-电锯惊魂，M14射手步枪-蛮荒，M14射手步枪-缄花，SR-25射手步枪-水墨云图，SR-25射手步枪-缄花，Mini-14射手步枪-守护者，VSS射手步枪-丛影谍踪，SVD狙击步枪-阿萨拉工艺，SVD狙击步枪-暗夜猎手，SVD狙击步枪-荒野求生，M14射手步枪-工业狂潮，SKS射手步枪-ACE，SR-25射手步枪-尖端治疗，PSG-1射手步枪-无垢；【狙击步枪皮肤22】AWM狙击步枪-捞点薯条，SV-98狙击步枪-林中猎手，SV-98狙击步枪-囚徒，SV-98狙击步枪-猎鳄行动，M700狙击步枪-竞技风，M700狙击步枪-阿萨拉工艺，M700狙击步枪-蝮蛇，M700狙击步枪-守夜人，M700狙击步枪-哈夫克警备，M700狙击步枪-百步穿杨，AWM狙击步枪-无极限，AWM狙击步枪-流沙送葬；【霰弹枪皮肤13】725双管霰弹枪-送葬人-无题密令，M1014霰弹枪-潜袭者，M1014霰弹枪-林中猎手，S12K霰弹枪-曙光；【轻机枪皮肤26】M250通用机枪-骑士之心，PKM通用机枪-蝮蛇，PKM通用机枪-守夜人，PKM通用机枪-荒野求生，PKM通用机枪-阿萨拉特攻，M249轻机枪-丛影谍踪，M250通用机枪-囚徒，QJB201轻机枪-炽焰；【手枪皮肤21】.357左轮-缄花，93R-捞点薯条，QSZ92G-风林火山，沙漠之鹰-曙光；【复合弓皮肤2】复合弓-黑-天际线，复合弓-守护者；【挂饰30】摇钱树，黄金视野，挂饰-蚀金玫瑰，挂饰-黑，挂饰-凌霄戍卫，挂饰-暗星，挂饰-磁吸炸弹，挂饰-保持专注，挂饰-枪匠，挂饰-王牌座驾，挂饰-小羊，挂饰-特斯拉线圈，挂饰-阿米娅，挂饰-来点薯条，挂饰-晶石幻想，牛角，关山难越，挂饰-启程，挂饰-雪人，挂饰-悠然茶歇，汤圆，北非蛋，饺子，挂饰-卡皮巴拉，马到成功，挂饰-缄花，福禄，聚宝盆；【载具80】轮式突击炮-域外狂徒，防空车-原木，M1A4坦克-纷争，步战车-纷争，防空车-纷争，M1A4坦克-飓风行动，M1A4坦克-黑骑士，步战车-黑骑士，防空车-黑骑士，步战车-卦象，防空车-卦象，防空车-凝视，M1A4坦克-凝视，步战车-警戒线，步战车-移动堡垒，防空车-移动堡垒，轮式突击炮-荣耀，M1A4坦克-移动堡垒，轮式突击炮-移动堡垒，GTQ35坦克-移动堡垒，步战车-钢铁洪流，防空车-钢铁洪流，轮式突击炮-钢铁洪流，GTQ35坦克-钢铁洪流，突击直升机-纷争，侦察直升机-卦象，突击直升机-黑骑士，突击直升机-凝视，F45A战斗机-钢铁洪流，步战车-炭黑蜂窝，防空车-炭黑蜂窝，M1A4坦克-地平线，全地形车-猎虎，步战车-猎虎，防空车-猎虎，防空车-酒红，全地形车-童趣，步战车-破碎，步战车-原始伪装，防空车-原始伪装，步战车-生命线，防空车-生命线，M1A4坦克-哈夫克重工，防空车-斑马，轮式突击炮-巅峰竞赛，GTQ35坦克-巅峰竞赛，M1A4坦克-巅峰竞赛，侦察直升机-酒红，突击直升机-地平线，突击直升机-猎虎，侦察直升机-原始伪装，突击直升机-原始伪装，侦察直升机-巅峰竞赛，突击直升机-巅峰竞赛，步战车-森林迷彩，防空车-森林迷彩，突击车-森林迷彩，M1A4坦克-森林迷彩，防空车-沙漠迷彩，突击车-沙漠迷彩，全地形车-沙漠迷彩，突击车-冷钢，防空车-赤色军团，全地形车-护林人，M1A4坦克-护林人，轮式突击炮-护林人，M1A4坦克-烟火2026，GTQ35坦克-烟火2026，突击车-寒梅，轮式突击炮-烟火2026，轮式突击炮-寒梅，GTQ35坦克-寒梅，M1A4坦克-战痕，侦察直升机-沙漠迷彩，突击直升机-护林人，侦察直升机-护林人，突击直升机-寒梅，F45A战斗机-夜间迷彩，侦察直升机-烟火2026，F-45A战斗机-建造；【烽火地带战损比】1.9/1.0/1.4；【货币】2三角币，80三角卷，【 皮肤、道具、货币、安全箱、特勤处等实际信息请以游戏内数据为准】【QQ登录】【可二次实名】【官方截图】,2026-03-26 22:16:47
2083679269847761042,700.0,None,"总资产：21.8M，哈夫币：71W，传说武器20，史诗武器33，烽火60级：黑鹰_，战场13级：列兵，通行证74级：通行证免费版
【安全箱】基础安全箱；【特勤处等级】仓库LV.6，训练中心LV.5，靶场LV.4，制药台LV.3，工作台LV.3，技术中心LV.3，指挥中心LV.4，防具台LV.3；
【干员皮肤4】骇爪维什戴尔，深蓝不破誓约，红狼电锯惊魂，露娜金牌射手；
【已有捆绑包5】维什戴尔捆绑包，狩猎时刻捆绑包，特斯拉线圈捆绑包，电锯惊魂干员捆绑包，鹅鸭杀捆绑包；
【近战皮肤2】近战武器-北极星，近战武器-黑鹰；
【步枪皮肤】KC17突击步枪-电锯惊魂，SG552突击步枪-深海恐惧，M16A4突击步枪-竞赛选手，M4A1突击步枪-阿米娅，G3战斗步枪-狩猎时刻，M16A4突击步枪-狩猎时刻，AK-12突击步枪-特斯拉线圈，K437突击步枪-守护者，ASh-12战斗步枪-无极限，G3战斗步枪-骑士，ASh-12战斗步枪-鹅鸭杀，SCAR-H战斗步枪-启航，SG552突击步枪-运动员，M7战斗步枪-百步穿杨，G3战斗步枪-流沙送葬，AUG突击步枪-紧急戒备，AKM突击步枪-锦绣，K437突击步枪-锦绣；
【冲锋枪皮肤】SR-3M紧凑突击步枪-特斯拉线圈，SR-3M紧凑突击步枪-战术竞备，Vector冲锋枪-狩猎时刻，UZI冲锋枪-特斯拉线圈，Vector冲锋枪-阿萨拉文明，勇士冲锋枪-能天使-午夜邮差，P90冲锋枪-紧急戒备，MP7冲锋枪-守护者，勇士冲锋枪-工业狂潮，QCQ171冲锋枪-鹅鸭杀，MP5冲锋枪-战术竞备，Vector冲锋枪-百步穿杨，MP5冲锋枪-竞技风，MP7冲锋枪-六套之力，SMG-45冲锋枪-锦绣；
【射手步枪皮肤】Mini-14射手步枪-守护者，M14射手步枪-工业狂潮；
【狙击步枪皮肤】M700狙击步枪-竞技风，R93狙击步枪-维什戴尔，SV-98狙击步枪-林中猎手，SV-98狙击步枪-猎鳄行动，AWM狙击步枪-流沙送葬，M700狙击步枪-百步穿杨；
【霰弹枪皮肤】S12K霰弹枪-曙光；
【轻机枪皮肤】PKM通用机枪-蝮蛇，QJB201轻机枪-OldHabits，M250通用机枪-骑士之心，QJB201轻机枪-鹅鸭杀，M250通用机枪-寒冬猎手，QJB201轻机枪-炽焰，PKM通用机枪-阿萨拉特攻；
【特殊武器皮肤】复合弓-守护者；
【挂饰24】阿萨拉霰弹兵，余烬之影，挂饰-凌霄戍卫，挂饰-维什戴尔，挂饰-黑，聚宝盆，福禄，崩岩重炮，暗行哨兵，诡影狙击兵，挂饰-荼蘼，挂饰-雪松，挂饰-锦绣，挂饰-雪人，挂饰-启程，挂饰-大白鹅，挂饰-骑士之心，挂饰-阿米娅，挂饰-特斯拉线圈，挂饰-狩猎时刻，麻将，紧急撤离，紧急会议，阿萨拉徽章；
【载具1】轮式突击炮-荣耀；
【烽火地带战损比】2.3/1.1/1
【货币】24三角币，0曼德尔币，136三角卷
【皮肤、道具、货币、安全箱等实际信息请以游戏内数据为准】【QQ登录】【不可二次实名】【官方截图】",2026-03-26 23:19:30
2083631623372944793,899.0,None,总资产：76.15M，哈夫币：224W，传说武器34，史诗武器34，武器皮肤323；烽火60级：三角洲巅峰，战场：上等兵Ⅰ，【安全箱】S8顶级安全箱；【特勤处等级】仓库LV.9，靶场LV.6，训练中心LV.7，收藏室LV.1，潜水中心LV.0；【捆绑包8】鹅鸭杀捆绑包，蚀金玫瑰捆绑包，电锯惊魂干员捆绑包，狩猎时刻捆绑包，特斯拉线圈捆绑包，缄花捆绑包，曙光捆绑包，蝮蛇捆绑包；【干员皮肤6】红狼蚀金玫瑰，蜂医送葬人无题密令，威龙壮志凌云，红狼电锯惊魂，深蓝不破誓约，露娜金牌射手；【近战皮肤3】近战武器-处刑者，近战武器-暗星，近战武器-黑鹰；【步枪皮肤127】M4A1突击步枪-阿米娅，M4A1突击步枪-蚀金玫瑰，ASh-12战斗步枪-鹅鸭杀，K416突击步枪-行动记录，M16A4突击步枪-狩猎时刻，SG552突击步枪-运动员，AK-12突击步枪-夜鹰，AK-12突击步枪-特斯拉线圈，SCAR-H战斗步枪-启航，SCAR-H战斗步枪-铁艺苍穹，G3战斗步枪-狩猎时刻，CAR-15突击步枪-阿米娅，腾龙突击步枪-马年祥瑞，KC17突击步枪-电锯惊魂，MK47突击步枪-暗星，M4A1突击步枪-特勤执行，AKM突击步枪-林中猎手，QBZ95-1突击步枪-曙光，QBZ95-1突击步枪-ACE，ASh-12战斗步枪-无极限，K416突击步枪-阿萨拉特攻，K416突击步枪-腊梅，M16A4突击步枪-竞赛选手，AUG突击步枪-蝮蛇，AUG突击步枪-特勤执行，M7战斗步枪-百步穿杨，SG552突击步枪-尖端治疗，SG552突击步枪-深海恐惧，SG552突击步枪-哈夫克警备，SCAR-H战斗步枪-囚徒，G3战斗步枪-战场英杰，G3战斗步枪-哈夫克警备，G3战斗步枪-流沙送葬，PTR-32突击步枪-ACE，ASVal突击步枪-尖端治疗，ASVal突击步枪-典狱官，ASVal突击步枪-百步穿杨，腾龙突击步枪-无垢，腾龙突击步枪-猎鳄行动，K437突击步枪-守护者，K437突击步枪-丛影谍踪；【冲锋枪皮肤75】Vector冲锋枪-狩猎时刻，UZI冲锋枪-特斯拉线圈，SMG-45冲锋枪-骑士，SR-3M紧凑突击步枪-特斯拉线圈，SR-3M紧凑突击步枪-暗星，勇士冲锋枪-能天使-午夜邮差，QCQ171冲锋枪-鹅鸭杀，MP5冲锋枪-深海恐惧，MP5冲锋枪-战术竞备，MP5冲锋枪-竞技风，Vector冲锋枪-阿萨拉文明，Vector冲锋枪-红色彗星，Vector冲锋枪-异域战争，Vector冲锋枪-猎鳄行动，Vector冲锋枪-百步穿杨，SMG-45冲锋枪-阿萨拉特攻，SR-3M紧凑突击步枪-英雄，SR-3M紧凑突击步枪-荒野求生，SR-3M紧凑突击步枪-战术竞备，SR-3M紧凑突击步枪-开工大吉，勇士冲锋枪-深海恐惧，勇士冲锋枪-工业狂潮，勇士冲锋枪-丛影谍踪，MP7冲锋枪-无垢，MP7冲锋枪-守护者，MP7冲锋枪-六套之力；【射手步枪皮肤36】M14射手步枪-蛮荒，M14射手步枪-缄花，SR-25射手步枪-水墨云图，SR-25射手步枪-缄花，Mini-14射手步枪-守护者，VSS射手步枪-丛影谍踪，SVD狙击步枪-阿萨拉工艺，SVD狙击步枪-暗夜猎手，SVD狙击步枪-荒野求生，M14射手步枪-黑鹰坠落，M14射手步枪-工业狂潮，M14射手步枪-航天庆典，SKS射手步枪-ACE，PSG-1射手步枪-无垢；【狙击步枪皮肤21】SV-98狙击步枪-林中猎手，SV-98狙击步枪-囚徒，SV-98狙击步枪-猎鳄行动，M700狙击步枪-竞技风，M700狙击步枪-蝮蛇，M700狙击步枪-守夜人，M700狙击步枪-哈夫克警备，M700狙击步枪-百步穿杨，AWM狙击步枪-无极限，AWM狙击步枪-流沙送葬；【霰弹枪皮肤12】725双管霰弹枪-送葬人-无题密令，M1014霰弹枪-林中猎手，S12K霰弹枪-曙光；【轻机枪皮肤29】M250通用机枪-骑士之心，QJB201轻机枪-鹅鸭杀，PKM通用机枪-蝮蛇，PKM通用机枪-英雄，PKM通用机枪-守夜人，PKM通用机枪-荒野求生，PKM通用机枪-阿萨拉特攻，M249轻机枪-丛影谍踪，M250通用机枪-囚徒，QJB201轻机枪-OldHabits，QJB201轻机枪-炽焰；【手枪皮肤18】.357左轮-缄花，G18-马年祥瑞，QSZ92G-风林火山，.357左轮-幸运时刻，沙漠之鹰-曙光；【复合弓皮肤2】复合弓-黑-天际线，复合弓-守护者；【挂饰30】赤霄游龙，挂饰-蚀金玫瑰，挂饰-黑，挂饰-能天使，挂饰-暗星，挂饰-三联装手炮，挂饰-磁吸炸弹，挂饰-枪匠，挂饰-王牌座驾，挂饰-小羊，挂饰-狩猎时刻，挂饰-特斯拉线圈，挂饰-阿米娅，挂饰-晶石幻想，仪典匕首，挂饰-大白鹅，挂饰-启程，挂饰-雪人，汤圆，北非蛋，饺子，挂饰-卡皮巴拉，马到成功，挂饰-缄花，福禄，聚宝盆；【载具23】轮式突击炮-荣耀，防空车-猎虎，步战车-破碎，步战车-生命线，防空车-生命线，M1A4坦克-哈夫克重工，轮式突击炮-巅峰竞赛，M1A4坦克-巅峰竞赛，侦察直升机-酒红，突击直升机-原始伪装，全地形车-森林迷彩，突击车-沙漠迷彩，突击车-冷钢，防空车-赤色军团，M1A4坦克-护林人，轮式突击炮-护林人，M1A4坦克-烟火2026，GTQ35坦克-烟火2026，突击车-寒梅，轮式突击炮-烟火2026，F45A战斗机-夜间迷彩，侦察直升机-烟火2026，F-45A战斗机-建造；【烽火地带战损比】1.0/1.2/1.7；【货币】900三角币，【 皮肤、道具、货币、安全箱、特勤处等实际信息请以游戏内数据为准】【QQ登录】【可二次实名】【官方截图】,2026-03-26 22:41:38
2081873328456429268,500.0,None,总资产：62.09M，哈夫币：729W，传说武器26，史诗武器26，武器皮肤222；烽火60级：钻石Ⅳ，战场：军士长Ⅱ，【安全箱】高级安全箱；【特勤处等级】仓库LV.7，靶场LV.6，训练中心LV.6，收藏室LV.1，潜水中心LV.2；【捆绑包6】鹅鸭杀捆绑包，黑天际线捆绑包，狩猎时刻捆绑包，悠然茶歇捆绑包，特斯拉线圈捆绑包，缄花捆绑包；【干员皮肤5】露娜黑天际线，蜂医送葬人无题密令，深蓝不破誓约，露娜金牌射手，蛊不羁人生；【近战皮肤1】近战武器-黑鹰；【步枪皮肤88】M4A1突击步枪-阿米娅，ASh-12战斗步枪-鹅鸭杀，M16A4突击步枪-狩猎时刻，AUG突击步枪-悠然茶歇，SG552突击步枪-运动员，AK-12突击步枪-特斯拉线圈，SCAR-H战斗步枪-启航，G3战斗步枪-狩猎时刻，CAR-15突击步枪-阿米娅，MK47突击步枪-悠然茶歇，QBZ95-1突击步枪-曙光，ASh-12战斗步枪-无极限，K416突击步枪-冬日风情，K416突击步枪-腊梅，M16A4突击步枪-竞赛选手，AUG突击步枪-蝮蛇，M7战斗步枪-百步穿杨，SG552突击步枪-哈夫克警备，SCAR-H战斗步枪-囚徒，G3战斗步枪-哈夫克警备，G3战斗步枪-流沙送葬，ASVal突击步枪-百步穿杨，腾龙突击步枪-无垢，腾龙突击步枪-猎鳄行动，K437突击步枪-守护者；【冲锋枪皮肤52】Vector冲锋枪-狩猎时刻，Vector冲锋枪-能天使-午夜邮差，UZI冲锋枪-特斯拉线圈，UZI冲锋枪-悠然茶歇，SR-3M紧凑突击步枪-特斯拉线圈，勇士冲锋枪-能天使-午夜邮差，QCQ171冲锋枪-鹅鸭杀，MP5冲锋枪-深海恐惧，MP5冲锋枪-战术竞备，MP5冲锋枪-竞技风，P90冲锋枪-紧急戒备，Vector冲锋枪-百步穿杨，SR-3M紧凑突击步枪-荒野求生，SR-3M紧凑突击步枪-战术竞备，勇士冲锋枪-深海恐惧，勇士冲锋枪-工业狂潮，MP7冲锋枪-无垢，MP7冲锋枪-守护者，MP7冲锋枪-六套之力；【射手步枪皮肤26】M14射手步枪-蛮荒，M14射手步枪-缄花，SKS射手步枪-骑士，SR-25射手步枪-缄花，Mini-14射手步枪-守护者，VSS射手步枪-丛影谍踪，SVD狙击步枪-荒野求生，M14射手步枪-工业狂潮，M14射手步枪-航天庆典，PSG-1射手步枪-无垢；【狙击步枪皮肤14】SV-98狙击步枪-林中猎手，SV-98狙击步枪-囚徒，SV-98狙击步枪-猎鳄行动，M700狙击步枪-蝮蛇，M700狙击步枪-百步穿杨，AWM狙击步枪-无极限，AWM狙击步枪-流沙送葬；【霰弹枪皮肤9】725双管霰弹枪-送葬人-无题密令；【轻机枪皮肤20】M250通用机枪-骑士之心，QJB201轻机枪-鹅鸭杀，PKM通用机枪-荒野求生，PKM通用机枪-阿萨拉特攻，M249轻机枪-丛影谍踪，M250通用机枪-囚徒，QJB201轻机枪-OldHabits，QJB201轻机枪-炽焰；【手枪皮肤10】.357左轮-缄花；【复合弓皮肤2】复合弓-黑-天际线，复合弓-守护者；【挂饰21】牛角威龙，阿萨拉盾兵，赤霄游龙，黄金视野，挂饰-黑，挂饰-维什戴尔，挂饰-狩猎时刻，挂饰-特斯拉线圈，挂饰-阿米娅，挂饰-晶石幻想，仪典匕首，牛角，挂饰-大白鹅，挂饰-启程，挂饰-雪人，挂饰-悠然茶歇，挂饰-卡皮巴拉，挂饰-缄花；【载具18】轮式突击炮-荣耀，M1A4坦克-哈夫克重工，轮式突击炮-巅峰竞赛，M1A4坦克-巅峰竞赛，侦察直升机-酒红，突击直升机-原始伪装，全地形车-森林迷彩，突击车-沙漠迷彩，M1A4坦克-护林人，轮式突击炮-护林人，GTQ35坦克-雪地迷彩，M1A4坦克-烟火2026，GTQ35坦克-烟火2026，突击车-寒梅，轮式突击炮-烟火2026，F45A战斗机-夜间迷彩，侦察直升机-烟火2026，F-45A战斗机-建造；【AW子弹】22;【烽火地带战损比】5.4/1.0/1.0；【货币】6三角币，389三角卷，【 皮肤、道具、货币、安全箱、特勤处等实际信息请以游戏内数据为准】【QQ登录】【不可二次实名】【官方截图】,2026-03-25 23:24:16
2083078561874594324,2150.0,None,总资产：81.75M，哈夫币：1065W，传说武器40，史诗武器40，武器皮肤241；烽火60级：黑鹰Ⅲ，战场：暂无段位，【安全箱】S8顶级安全箱；【特勤处等级】仓库LV.8，靶场LV.5，训练中心LV.7，收藏室LV.1，潜水中心LV.1；【捆绑包9】北极星捆绑包，鹅鸭杀捆绑包，蚀金玫瑰捆绑包，电锯惊魂干员捆绑包，悠然茶歇捆绑包，特斯拉线圈捆绑包，捞点薯条捆绑包，万金泪冠捆绑包，缄花捆绑包；【干员皮肤5】红狼蚀金玫瑰，蜂医送葬人无题密令，红狼电锯惊魂，深蓝不破誓约，露娜金牌射手；【传说典藏皮肤1】M7战斗步枪-棱镜攻势S2（极品B）；【近战皮肤4】近战武器-影锋，近战武器-北极星，近战武器-处刑者，近战武器-黑鹰；【步枪皮肤98】M7战斗步枪-棱镜攻势S2，M4A1突击步枪-阿米娅，M4A1突击步枪-蚀金玫瑰，QBZ95-1突击步枪-凌霄戍卫，ASh-12战斗步枪-鹅鸭杀，AUG突击步枪-悠然茶歇，M7战斗步枪-巳蛇，SG552突击步枪-运动员，AK-12突击步枪-特斯拉线圈，SCAR-H战斗步枪-启航，G3战斗步枪-骑士，CAR-15突击步枪-阿米娅，腾龙突击步枪-捞点薯条，腾龙突击步枪-马年祥瑞，腾龙突击步枪-万金泪冠，K437突击步枪-北极星，KC17突击步枪-电锯惊魂，MK47突击步枪-悠然茶歇，KC17突击步枪-碎冰行动，ASh-12战斗步枪-无极限，K416突击步枪-冬日风情，M16A4突击步枪-竞赛选手，AUG突击步枪-蝮蛇，M7战斗步枪-百步穿杨，SG552突击步枪-哈夫克警备，SCAR-H战斗步枪-囚徒，G3战斗步枪-流沙送葬，ASVal突击步枪-百步穿杨，腾龙突击步枪-无垢，K437突击步枪-守护者；【冲锋枪皮肤55】Vector冲锋枪-能天使-午夜邮差，UZI冲锋枪-特斯拉线圈，UZI冲锋枪-悠然茶歇，SR-3M紧凑突击步枪-特斯拉线圈，勇士冲锋枪-能天使-午夜邮差，勇士冲锋枪-万金泪冠，QCQ171冲锋枪-北极星，QCQ171冲锋枪-鹅鸭杀，MP5冲锋枪-深海恐惧，MP5冲锋枪-战术竞备，MP5冲锋枪-竞技风，P90冲锋枪-紧急戒备，Vector冲锋枪-猎鳄行动，Vector冲锋枪-百步穿杨，SMG-45冲锋枪-阿萨拉特攻，SR-3M紧凑突击步枪-荒野求生，SR-3M紧凑突击步枪-战术竞备，勇士冲锋枪-工业狂潮，MP7冲锋枪-无垢，MP7冲锋枪-守护者，MP7冲锋枪-六套之力；【射手步枪皮肤22】M14射手步枪-缄花，SR-25射手步枪-缄花，Mini-14射手步枪-守护者，SVD狙击步枪-荒野求生，M14射手步枪-工业狂潮，PSG-1射手步枪-无垢；【狙击步枪皮肤19】R93狙击步枪-维什戴尔，AWM狙击步枪-捞点薯条，AWM狙击步枪-万金泪冠，SV-98狙击步枪-林中猎手，M700狙击步枪-竞技风，M700狙击步枪-蝮蛇，M700狙击步枪-哈夫克警备，M700狙击步枪-百步穿杨，AWM狙击步枪-无极限，AWM狙击步枪-流沙送葬；【霰弹枪皮肤10】725双管霰弹枪-送葬人-无题密令；【轻机枪皮肤22】M250通用机枪-骑士之心，QJB201轻机枪-鹅鸭杀，PKM通用机枪-荒野求生，PKM通用机枪-阿萨拉特攻，M250通用机枪-囚徒，QJB201轻机枪-OldHabits，QJB201轻机枪-炽焰；【手枪皮肤10】.357左轮-缄花，G18-马年祥瑞，93R-捞点薯条；【复合弓皮肤1】复合弓-守护者；【挂饰36】余烬之影，火箭玫瑰，阿萨拉机枪兵，黄金视野，窃风密探，赤霄游龙，挂饰-蚀金玫瑰，挂饰-维什戴尔，挂饰-北极星，挂饰-能天使，挂饰-龙门币，挂饰-特斯拉线圈，挂饰-阿米娅，挂饰-来点薯条，挂饰-晶石幻想，牛角，挂饰-大白鹅，挂饰-启程，挂饰-雪人，挂饰-悠然茶歇，汤圆，北非蛋，饺子，马到成功，挂饰-缄花，挂饰-万金泪冠，阿萨拉狙击兵，阿萨拉霰弹兵，诡影狙击兵，诡影喷火兵，暗行哨兵，崩岩重炮，福禄，聚宝盆；【载具16】轮式突击炮-荣耀，M1A4坦克-哈夫克重工，轮式突击炮-巅峰竞赛，M1A4坦克-巅峰竞赛，侦察直升机-酒红，突击直升机-原始伪装，全地形车-森林迷彩，M1A4坦克-护林人，轮式突击炮-护林人，M1A4坦克-烟火2026，GTQ35坦克-烟火2026，突击车-寒梅，轮式突击炮-烟火2026，F45A战斗机-夜间迷彩，侦察直升机-烟火2026，F-45A战斗机-建造；【AW子弹】20;【烽火地带战损比】2.8/1.1/1.0；【货币】51三角币，80三角卷，【 皮肤、道具、货币、安全箱、特勤处等实际信息请以游戏内数据为准】【QQ登录】【可二次实名】【官方截图】,2026-03-26 15:22:06
2083709133783853604,888.0,None,总资产：38.61M，哈夫币：24W，传说武器26，史诗武器26，武器皮肤258；烽火60级：钻石Ⅲ，战场：上等兵Ⅲ，【安全箱】进阶安全箱；【特勤处等级】仓库LV.7，靶场LV.5，训练中心LV.6，收藏室LV.1，潜水中心LV.1；【捆绑包7】黑海捆绑包，黑天际线捆绑包，电锯惊魂干员捆绑包，特斯拉线圈捆绑包，捞点薯条捆绑包，能天使午夜邮差捆绑包，曙光捆绑包；【干员皮肤7】蛊能天使午夜邮差，露娜黑天际线，蜂医送葬人无题密令，无名夜鹰，红狼电锯惊魂，深蓝不破誓约，露娜金牌射手；【传说典藏皮肤1】K416突击步枪-命运（优品C）；【近战皮肤2】近战武器-黑海，近战武器-黑鹰；【步枪皮肤97】K416突击步枪-命运，M4A1突击步枪-阿米娅，SG552突击步枪-运动员，AK-12突击步枪-夜鹰，AK-12突击步枪-特斯拉线圈，SCAR-H战斗步枪-启航，G3战斗步枪-骑士，CAR-15突击步枪-阿米娅，腾龙突击步枪-捞点薯条，KC17突击步枪-电锯惊魂，AKM突击步枪-林中猎手，QBZ95-1突击步枪-曙光，ASh-12战斗步枪-守夜人，ASh-12战斗步枪-无极限，M16A4突击步枪-竞赛选手，AUG突击步枪-蝮蛇，M7战斗步枪-百步穿杨，SG552突击步枪-尖端治疗，SG552突击步枪-深海恐惧，SCAR-H战斗步枪-囚徒，G3战斗步枪-流沙送葬，PTR-32突击步枪-英雄，ASVal突击步枪-尖端治疗，ASVal突击步枪-典狱官，ASVal突击步枪-百步穿杨，腾龙突击步枪-无垢，腾龙突击步枪-猎鳄行动，K437突击步枪-守护者；【冲锋枪皮肤59】MP5冲锋枪-黑海，Vector冲锋枪-能天使-午夜邮差，UZI冲锋枪-特斯拉线圈，SMG-45冲锋枪-骑士，SR-3M紧凑突击步枪-特斯拉线圈，勇士冲锋枪-能天使-午夜邮差，MP7冲锋枪-原型机，MP5冲锋枪-深海恐惧，MP5冲锋枪-青枳，MP5冲锋枪-战术竞备，MP5冲锋枪-竞技风，P90冲锋枪-紧急戒备，Vector冲锋枪-异域战争，Vector冲锋枪-猎鳄行动，Vector冲锋枪-百步穿杨，SR-3M紧凑突击步枪-荒野求生，SR-3M紧凑突击步枪-战术竞备，勇士冲锋枪-深海恐惧，勇士冲锋枪-工业狂潮，MP7冲锋枪-无垢，MP7冲锋枪-守护者；【射手步枪皮肤28】M14射手步枪-电锯惊魂，PSG-1射手步枪-黑-天际线，PSG-1射手步枪-原型机，Mini-14射手步枪-守护者，SVD狙击步枪-阿萨拉工艺，SVD狙击步枪-暗夜猎手，SVD狙击步枪-荒野求生，M14射手步枪-黑鹰坠落，SR-25射手步枪-尖端治疗，PSG-1射手步枪-无垢；【狙击步枪皮肤20】R93狙击步枪-维什戴尔，AWM狙击步枪-捞点薯条，SV-98狙击步枪-林中猎手，SV-98狙击步枪-囚徒，SV-98狙击步枪-猎鳄行动，M700狙击步枪-竞技风，M700狙击步枪-守夜人，M700狙击步枪-百步穿杨，AWM狙击步枪-无极限，AWM狙击步枪-流沙送葬；【霰弹枪皮肤10】725双管霰弹枪-送葬人-无题密令，M1014霰弹枪-林中猎手，S12K霰弹枪-曙光；【轻机枪皮肤27】M250通用机枪-骑士之心，QJB201轻机枪-黑海，PKM通用机枪-蝮蛇，PKM通用机枪-英雄，PKM通用机枪-守夜人，PKM通用机枪-荒野求生，M250通用机枪-囚徒，QJB201轻机枪-OldHabits，QJB201轻机枪-炽焰；【手枪皮肤13】93R-捞点薯条，.357左轮-幸运时刻，沙漠之鹰-曙光；【复合弓皮肤2】复合弓-黑-天际线，复合弓-守护者；【挂饰20】挂饰-蚀金玫瑰，挂饰-黑海，挂饰-黑，挂饰-黑·天际线，挂饰-能天使，挂饰-枪匠，挂饰-彩蛋，挂饰-小羊，挂饰-特斯拉线圈，挂饰-阿米娅，挂饰-来点薯条，挂饰-晶石幻想，挂饰-启程，挂饰-雪人，雪松，诡影狙击兵，暗行哨兵，崩岩重炮；【载具33】M1A4坦克-丛林猎手，轮式突击炮-紫电，防空车-警戒线，M1A4坦克-紫电，全地形车-警戒线，轮式突击炮-荣耀，突击直升机-紫电，侦察直升机-烈焰，侦察直升机-紫电，全地形车-童趣，步战车-破碎，轮式突击炮-哈夫克重工，防空车-哈夫克重工，M1A4坦克-哈夫克重工，轮式突击炮-巅峰竞赛，侦察直升机-酒红，突击直升机-原始伪装，侦察直升机-哈夫克重工，全地形车-森林迷彩，突击车-沙漠迷彩，防空车-赤色军团，步战车-护林人，防空车-护林人，M1A4坦克-护林人，突击车-护林人，轮式突击炮-护林人，M1A4坦克-烟火2026，GTQ35坦克-烟火2026，突击车-寒梅，轮式突击炮-烟火2026，F45A战斗机-夜间迷彩，侦察直升机-烟火2026，F-45A战斗机-建造；【烽火地带战损比】0.3/0.9/1.2；【货币】53三角币，【 皮肤、道具、货币、安全箱、特勤处等实际信息请以游戏内数据为准】【QQ登录】【不可二次实名】【官方截图】,2026-03-26 23:43:14
2083069124608180621,2888.0,None,"总资产：315.1M，哈夫币：1071W，传说武器32，史诗武器67，烽火60级：三角洲巅峰，战场26级：列兵，通行证114级：烽火地带限定版
【安全箱】高级安全箱；【特勤处等级】仓库LV.10，训练中心LV.7，靶场LV.7，制药台LV.3，工作台LV.3，技术中心LV.3，指挥中心LV.6，防具台LV.3，收藏室LV.2，潜水中心LV.3；
【干员皮肤7】露娜黑天际线，红狼蚀金玫瑰，深蓝不破誓约，红狼电锯惊魂，蜂医送葬人无题密令，露娜金牌射手，乌鲁鲁荒原猎手；
【传说典藏武器1】M7战斗步枪-棱镜攻势S2（极品B）；
【已有捆绑包8】黑天际线捆绑包，蚀金玫瑰捆绑包，捞点薯条捆绑包，特斯拉线圈捆绑包，电锯惊魂干员捆绑包，鹅鸭杀捆绑包，信条捆绑包，悠然茶歇捆绑包；
【近战皮肤2】近战武器-信条，近战武器-黑鹰；
【步枪皮肤】M7战斗步枪-棱镜攻势S2，M4A1突击步枪-蚀金玫瑰，AUG突击步枪-蝮蛇，G3战斗步枪-战场英杰，KC17突击步枪-电锯惊魂，SG552突击步枪-深海恐惧，AKM突击步枪-林中猎手，PTR-32突击步枪-英雄，腾龙突击步枪-无垢，M16A4突击步枪-竞赛选手，CAR-15突击步枪-阿米娅，M4A1突击步枪-阿米娅，腾龙突击步枪-捞点薯条，AK-12突击步枪-特斯拉线圈，腾龙突击步枪-猎鳄行动，K437突击步枪-守护者，ASh-12战斗步枪-无极限，G3战斗步枪-骑士，ASh-12战斗步枪-鹅鸭杀，SCAR-H战斗步枪-启航，SG552突击步枪-哈夫克警备，SG552突击步枪-哈夫克警备，SG552突击步枪-运动员，M7战斗步枪-百步穿杨，G3战斗步枪-流沙送葬，K437突击步枪-丛影谍踪，K416突击步枪-腊梅，K416突击步枪-阿萨拉特攻，AUG突击步枪-悠然茶歇，MK47突击步枪-悠然茶歇；
【冲锋枪皮肤】SR-3M紧凑突击步枪-英雄，SR-3M紧凑突击步枪-荒野求生，SR-3M紧凑突击步枪-特斯拉线圈，SR-3M紧凑突击步枪-战术竞备，SR-3M紧凑突击步枪-开工大吉，UZI冲锋枪-特斯拉线圈，MP5冲锋枪-深海恐惧，勇士冲锋枪-深海恐惧，MP7冲锋枪-无垢，勇士冲锋枪-能天使-午夜邮差，Vector冲锋枪-能天使-午夜邮差，P90冲锋枪-紧急戒备，Vector冲锋枪-猎鳄行动，MP7冲锋枪-守护者，勇士冲锋枪-工业狂潮，P90冲锋枪-莫斯提马，QCQ171冲锋枪-鹅鸭杀，MP5冲锋枪-战术竞备，P90冲锋枪-信条，Vector冲锋枪-百步穿杨，MP5冲锋枪-竞技风，MP7冲锋枪-六套之力，UZI冲锋枪-悠然茶歇；
【射手步枪皮肤】SR-25射手步枪-水墨云图，PSG-1射手步枪-无垢，Mini-14射手步枪-守护者，SR-25射手步枪-信条，M14射手步枪-工业狂潮，M14射手步枪-蛮荒，VSS射手步枪-丛影谍踪，M14射手步枪-缄花，SR-25射手步枪-缄花；
【狙击步枪皮肤】SVD狙击步枪-阿萨拉工艺，M700狙击步枪-竞技风，SV-98狙击步枪-囚徒，M700狙击步枪-蝮蛇，SVD狙击步枪-暗夜猎手，SV-98狙击步枪-林中猎手，SVD狙击步枪-荒野求生，AWM狙击步枪-捞点薯条，AWM狙击步枪-流沙送葬，M700狙击步枪-百步穿杨，M700狙击步枪-哈夫克警备；
【霰弹枪皮肤】S12K霰弹枪-曙光，M1014霰弹枪-林中猎手，725双管霰弹枪-送葬人-无题密令；
【轻机枪皮肤】PKM通用机枪-蝮蛇，PKM通用机枪-荒野求生，M250通用机枪-囚徒，QJB201轻机枪-OldHabits，M249轻机枪-异域战争，M250通用机枪-骑士之心，QJB201轻机枪-鹅鸭杀，M250通用机枪-寒冬猎手，M249轻机枪-丛影谍踪，QJB201轻机枪-炽焰，PKM通用机枪-阿萨拉特攻；
【手枪皮肤】沙漠之鹰-曙光，QSZ92G-风林火山，93R-博士，93R-捞点薯条，.357左轮-缄花；
【特殊武器皮肤】复合弓-黑-天际线，复合弓-守护者；
【挂饰43】统统拿走，肘击王，毁灭之源，三足蟾，赤霄游龙，窃风密探，麦小鼠，牛角威龙，火箭玫瑰，阿萨拉机枪兵，阿萨拉盾兵，白王后，慵懒魔女，挂饰-凌霄戍卫，挂饰-信条，挂饰-黑，挂饰-水墨云图，挂饰-蚀金玫瑰，聚宝盆，福禄，崩岩重炮，暗行哨兵，诡影喷火兵，诡影狙击兵，挂饰-缄花，挂饰-卡皮巴拉，挂饰-悠然茶歇，挂饰-启程，挂饰-大白鹅，挂饰-骑士之心，挂饰-晶石幻想，挂饰-来点薯条，挂饰-阿米娅，挂饰-特斯拉线圈，挂饰-龙门币，挂饰-彩蛋，挂饰-Relink，挂饰-枪匠，挂饰-三联装手炮，麻将，紧急撤离，紧急会议，挂饰-起舞的女郎；
【载具2】M1A4坦克-烈焰，轮式突击炮-荣耀；
【烽火地带战损比】1.4/2.3/1.3
【货币】25三角币，41曼德尔币，494三角卷
【皮肤、道具、货币、安全箱等实际信息请以游戏内数据为准】【QQ登录】【可二次实名】【官方截图】",2026-03-26 15:14:36
2081233214751377037,680.0,None,总资产：2.43M，哈夫币：4W，传说武器21，史诗武器21，武器皮肤215；烽火60级：铂金Ⅰ，战场：暂无段位，【安全箱】高级安全箱；【特勤处等级】仓库LV.4，靶场LV.3，训练中心LV.3，收藏室LV.0，潜水中心LV.0；【捆绑包8】腾驹驰春捆绑包，黑天际线捆绑包，电锯惊魂干员捆绑包，狩猎时刻捆绑包，捞点薯条捆绑包，万金泪冠捆绑包，曙光捆绑包，蝮蛇捆绑包；【干员皮肤6】骇爪水墨云图，露娜黑天际线，红狼电锯惊魂，深蓝不破誓约，乌鲁鲁荒原猎手，露娜金牌射手；【近战皮肤1】近战武器-黑鹰；【步枪皮肤87】M4A1突击步枪-阿米娅，QBZ95-1突击步枪-腾驹驰春，M16A4突击步枪-狩猎时刻，SG552突击步枪-运动员，SCAR-H战斗步枪-启航，SCAR-H战斗步枪-水墨云图，G3战斗步枪-狩猎时刻，腾龙突击步枪-捞点薯条，腾龙突击步枪-万金泪冠，KC17突击步枪-电锯惊魂，AKM突击步枪-林中猎手，QBZ95-1突击步枪-曙光，ASh-12战斗步枪-无极限，K416突击步枪-阿萨拉特攻，K416突击步枪-腊梅，M16A4突击步枪-竞赛选手，AUG突击步枪-蝮蛇，M7战斗步枪-百步穿杨，SG552突击步枪-深海恐惧，SG552突击步枪-哈夫克警备，SCAR-H战斗步枪-囚徒，G3战斗步枪-哈夫克警备，G3战斗步枪-流沙送葬，PTR-32突击步枪-英雄，ASVal突击步枪-百步穿杨，腾龙突击步枪-猎鳄行动，K437突击步枪-守护者，K437突击步枪-丛影谍踪；【冲锋枪皮肤52】Vector冲锋枪-狩猎时刻，SMG-45冲锋枪-骑士，SMG-45冲锋枪-腾驹驰春，勇士冲锋枪-能天使-午夜邮差，勇士冲锋枪-万金泪冠，MP5冲锋枪-深海恐惧，MP5冲锋枪-战术竞备，MP5冲锋枪-竞技风，Vector冲锋枪-异域战争，Vector冲锋枪-猎鳄行动，Vector冲锋枪-百步穿杨，SMG-45冲锋枪-阿萨拉特攻，SR-3M紧凑突击步枪-开工大吉，勇士冲锋枪-深海恐惧，勇士冲锋枪-工业狂潮，勇士冲锋枪-丛影谍踪，MP7冲锋枪-守护者，MP7冲锋枪-六套之力；【射手步枪皮肤18】M14射手步枪-蛮荒，Mini-14射手步枪-守护者，VSS射手步枪-丛影谍踪，SVD狙击步枪-暗夜猎手，M14射手步枪-工业狂潮；【狙击步枪皮肤17】AWM狙击步枪-捞点薯条，AWM狙击步枪-万金泪冠，SV-98狙击步枪-林中猎手，SV-98狙击步枪-囚徒，M700狙击步枪-竞技风，M700狙击步枪-蝮蛇，M700狙击步枪-哈夫克警备，M700狙击步枪-百步穿杨，AWM狙击步枪-无极限，AWM狙击步枪-流沙送葬；【霰弹枪皮肤9】M1014霰弹枪-林中猎手，S12K霰弹枪-曙光；【轻机枪皮肤17】M250通用机枪-骑士之心，PKM通用机枪-蝮蛇，PKM通用机枪-阿萨拉特攻，M249轻机枪-丛影谍踪，M250通用机枪-囚徒，QJB201轻机枪-炽焰；【手枪皮肤12】93R-捞点薯条，沙漠之鹰-曙光；【复合弓皮肤2】复合弓-黑-天际线，复合弓-守护者；【挂饰25】祥龙，窃风密探，赤霄游龙，窃风密探，挂饰-蚀金玫瑰，挂饰-黑，挂饰-凌霄戍卫，挂饰-彩蛋，挂饰-狩猎时刻，挂饰-阿米娅，挂饰-来点薯条，牛角，挂饰-启程，挂饰-雪人，北非蛋，挂饰-卡皮巴拉，挂饰-腾驹驰春，挂饰-万金泪冠，暗行哨兵，崩岩重炮，福禄，聚宝盆；【载具35】轮式突击炮-域外狂徒，突击车-赤骅，防空车-凝视，步战车-移动堡垒，防空车-移动堡垒，轮式突击炮-荣耀，M1A4坦克-移动堡垒，轮式突击炮-移动堡垒，GTQ35坦克-移动堡垒，突击直升机-凝视，步战车-破碎，步战车-原始伪装，防空车-原始伪装，步战车-生命线，防空车-生命线，M1A4坦克-哈夫克重工，轮式突击炮-巅峰竞赛，M1A4坦克-巅峰竞赛，侦察直升机-酒红，侦察直升机-原始伪装，突击直升机-原始伪装，全地形车-森林迷彩，突击车-沙漠迷彩，防空车-赤色军团，全地形车-护林人，M1A4坦克-护林人，轮式突击炮-护林人，M1A4坦克-烟火2026，GTQ35坦克-烟火2026，突击车-寒梅，轮式突击炮-烟火2026，突击直升机-护林人，侦察直升机-护林人，侦察直升机-烟火2026，F-45A战斗机-建造；【烽火地带战损比】2.3/0.7/0.8；【货币】4三角币，80三角卷，【 皮肤、道具、货币、安全箱、特勤处等实际信息请以游戏内数据为准】【QQ登录】【可二次实名】【官方截图】,2026-03-25 14:55:33
2083585485455470553,1200.0,None,总资产：123.43M，哈夫币：4014W，传说武器38，史诗武器38，武器皮肤242；烽火60级：黑鹰Ⅳ，战场：尉官Ⅲ，【安全箱】S8顶级安全箱；【特勤处等级】仓库LV.8，靶场LV.6，训练中心LV.6，收藏室LV.0，潜水中心LV.1；【捆绑包8】黑天际线捆绑包，锦绣捆绑包，悠然茶歇捆绑包，特斯拉线圈捆绑包，捞点薯条捆绑包，夜莺捆绑包，缄花捆绑包，信条捆绑包；【干员皮肤5】露娜黑天际线，蜂医送葬人无题密令，乌鲁鲁荒原猎手，露娜金牌射手，蛊不羁人生；【传说典藏皮肤1】ASVal突击步枪-悬赏令（优品A）；【近战皮肤2】近战武器-信条，近战武器-黑鹰；【步枪皮肤95】ASVal突击步枪-悬赏令，M4A1突击步枪-阿米娅，AKM突击步枪-锦绣，QBZ95-1突击步枪-凌霄戍卫，ASh-12战斗步枪-鹅鸭杀，AUG突击步枪-悠然茶歇，M7战斗步枪-巳蛇，SG552突击步枪-运动员，AK-12突击步枪-特斯拉线圈，SCAR-H战斗步枪-启航，腾龙突击步枪-捞点薯条，腾龙突击步枪-马年祥瑞，K437突击步枪-几何解构，K437突击步枪-锦绣，KC17突击步枪-电锯惊魂，MK47突击步枪-悠然茶歇，K416突击步枪-冬日风情，K416突击步枪-腊梅，M16A4突击步枪-竞赛选手，AUG突击步枪-蝮蛇，M7战斗步枪-百步穿杨，SG552突击步枪-哈夫克警备，SCAR-H战斗步枪-囚徒，G3战斗步枪-哈夫克警备，G3战斗步枪-流沙送葬，ASVal突击步枪-典狱官，ASVal突击步枪-百步穿杨，腾龙突击步枪-无垢，腾龙突击步枪-猎鳄行动，K437突击步枪-丛影谍踪；【冲锋枪皮肤58】P90冲锋枪-信条，Vector冲锋枪-夜莺，UZI冲锋枪-特斯拉线圈，UZI冲锋枪-悠然茶歇，SMG-45冲锋枪-锦绣，SR-3M紧凑突击步枪-特斯拉线圈，勇士冲锋枪-能天使-午夜邮差，MK4冲锋枪-夜莺，MP5冲锋枪-战术竞备，MP5冲锋枪-竞技风，Vector冲锋枪-猎鳄行动，Vector冲锋枪-百步穿杨，SMG-45冲锋枪-阿萨拉特攻，SR-3M紧凑突击步枪-荒野求生，SR-3M紧凑突击步枪-战术竞备，SR-3M紧凑突击步枪-开工大吉，勇士冲锋枪-工业狂潮，勇士冲锋枪-丛影谍踪，MP7冲锋枪-无垢，MP7冲锋枪-守护者，MP7冲锋枪-六套之力；【射手步枪皮肤29】Mini-14射手步枪-夜莺，M14射手步枪-电锯惊魂，M14射手步枪-蛮荒，M14射手步枪-缄花，SR-25射手步枪-信条，SR-25射手步枪-缄花，VSS射手步枪-丛影谍踪，SVD狙击步枪-荒野求生，M14射手步枪-工业狂潮，M14射手步枪-航天庆典，SR-25射手步枪-聚光灯，PSG-1射手步枪-无垢；【狙击步枪皮肤16】AWM狙击步枪-捞点薯条，SV-98狙击步枪-林中猎手，SV-98狙击步枪-囚徒，M700狙击步枪-竞技风，M700狙击步枪-蝮蛇，M700狙击步枪-百步穿杨，AWM狙击步枪-无极限，AWM狙击步枪-流沙送葬；【霰弹枪皮肤9】725双管霰弹枪-送葬人-无题密令，S12K霰弹枪-曙光；【轻机枪皮肤19】M250通用机枪-骑士之心，PKM通用机枪-荒野求生，M249轻机枪-丛影谍踪，QJB201轻机枪-OldHabits，QJB201轻机枪-炽焰；【手枪皮肤12】.357左轮-缄花，G18-马年祥瑞，93R-捞点薯条；【复合弓皮肤2】复合弓-黑-天际线，复合弓-守护者；【挂饰36】狻猊，挂饰-黑，挂饰-能天使，挂饰-信条，挂饰-凌霄戍卫，挂饰-枪匠，挂饰-特斯拉线圈，挂饰-阿米娅，挂饰-来点薯条，挂饰-晶石幻想，仪典匕首，牛角，关山难越，挂饰-启程，挂饰-雪人，挂饰-锦绣，挂饰-悠然茶歇，汤圆，北非蛋，饺子，挂饰-卡皮巴拉，马到成功，挂饰-缄花，挂饰-夜莺，阿萨拉狙击兵，阿萨拉霰弹兵，诡影狙击兵，诡影喷火兵，暗行哨兵，崩岩重炮，福禄，聚宝盆；【载具15】轮式突击炮-荣耀，M1A4坦克-哈夫克重工，轮式突击炮-巅峰竞赛，M1A4坦克-巅峰竞赛，侦察直升机-酒红，突击直升机-原始伪装，M1A4坦克-护林人，轮式突击炮-护林人，M1A4坦克-烟火2026，GTQ35坦克-烟火2026，突击车-寒梅，轮式突击炮-烟火2026，F45A战斗机-夜间迷彩，侦察直升机-烟火2026，F-45A战斗机-建造；【AW子弹】50;【烽火地带战损比】0.5/1.0/1.1；【货币】40三角币，734三角卷，【 皮肤、道具、货币、安全箱、特勤处等实际信息请以游戏内数据为准】【QQ登录】【不可二次实名】【官方截图】,2026-03-26 22:04:58
2082734020362508014,1400.0,None,总资产：160.22M，哈夫币：185W，传说武器17，史诗武器17，武器皮肤84；烽火60级：铂金Ⅱ，战场：军士长Ⅲ，【安全箱】S8顶级安全箱；【特勤处等级】仓库LV.7，靶场LV.6，训练中心LV.7，收藏室LV.1，潜水中心LV.0；【捆绑包5】维什戴尔捆绑包，鹅鸭杀捆绑包，蚀金玫瑰捆绑包，悠然茶歇捆绑包，万金泪冠捆绑包；【干员皮肤5】骇爪维什戴尔，红狼蚀金玫瑰，威龙凌霄戍卫，乌鲁鲁荒原猎手，蛊不羁人生；【近战皮肤2】近战武器-暗星，近战武器-黑鹰；【步枪皮肤35】M4A1突击步枪-蚀金玫瑰，QBZ95-1突击步枪-凌霄戍卫，ASh-12战斗步枪-鹅鸭杀，AUG突击步枪-悠然茶歇，SCAR-H战斗步枪-启航，腾龙突击步枪-马年祥瑞，腾龙突击步枪-万金泪冠，MK47突击步枪-悠然茶歇，K416突击步枪-阿萨拉特攻，K416突击步枪-腊梅，AUG突击步枪-蝮蛇，腾龙突击步枪-猎鳄行动，K437突击步枪-丛影谍踪；【冲锋枪皮肤18】UZI冲锋枪-悠然茶歇，勇士冲锋枪-万金泪冠，QCQ171冲锋枪-鹅鸭杀，Vector冲锋枪-阿萨拉文明，SR-3M紧凑突击步枪-开工大吉，勇士冲锋枪-丛影谍踪，MP7冲锋枪-六套之力；【射手步枪皮肤7】M14射手步枪-蛮荒，VSS射手步枪-丛影谍踪；【狙击步枪皮肤4】R93狙击步枪-维什戴尔，AWM狙击步枪-万金泪冠；【轻机枪皮肤8】QJB201轻机枪-鹅鸭杀，M249轻机枪-丛影谍踪，QJB201轻机枪-炽焰；【手枪皮肤6】G18-马年祥瑞；【挂饰20】火箭玫瑰，挂饰-蚀金玫瑰，挂饰-维什戴尔，挂饰-凌霄戍卫，挂饰-大白鹅，挂饰-启程，挂饰-悠然茶歇，汤圆，北非蛋，饺子，挂饰-卡皮巴拉，马到成功，挂饰-万金泪冠，诡影狙击兵，暗行哨兵，崩岩重炮，福禄，聚宝盆；【载具6】轮式突击炮-荣耀，M1A4坦克-巅峰竞赛，侦察直升机-酒红，全地形车-森林迷彩，M1A4坦克-护林人，F-45A战斗机-建造；【烽火地带战损比】1.3/1.0/0.9；【货币】29三角币，80三角卷，【 皮肤、道具、货币、安全箱、特勤处等实际信息请以游戏内数据为准】【QQ登录】【可二次实名】【官方截图】,2026-03-26 10:48:17
2083375350825193175,800.0,None,总资产：155.09M，哈夫币：6969W，传说武器23，史诗武器23，武器皮肤157；烽火60级：黑鹰Ⅰ，战场：列兵Ⅰ，【安全箱】S8顶级安全箱；【特勤处等级】仓库LV.8，靶场LV.6，训练中心LV.7，收藏室LV.1，潜水中心LV.1；【捆绑包4】维什戴尔捆绑包，锦绣捆绑包，悠然茶歇捆绑包，万金泪冠捆绑包；【干员皮肤5】骇爪维什戴尔，红狼电锯惊魂，乌鲁鲁荒原猎手，露娜金牌射手，蛊不羁人生；【近战皮肤3】近战武器-信条，近战武器-处刑者，近战武器-黑鹰；【步枪皮肤69】AKM突击步枪-锦绣，K416突击步枪-行动记录，AUG突击步枪-悠然茶歇，SG552突击步枪-运动员，SCAR-H战斗步枪-启航，SCAR-H战斗步枪-荼蘼，腾龙突击步枪-马年祥瑞，腾龙突击步枪-万金泪冠，K437突击步枪-锦绣，MK47突击步枪-悠然茶歇，ASh-12战斗步枪-碎冰行动，QBZ95-1突击步枪-曙光，K416突击步枪-冬日风情，K416突击步枪-腊梅，AUG突击步枪-蝮蛇，M7战斗步枪-百步穿杨，SG552突击步枪-深海恐惧，SG552突击步枪-哈夫克警备，SCAR-H战斗步枪-囚徒，G3战斗步枪-哈夫克警备，G3战斗步枪-流沙送葬，ASVal突击步枪-百步穿杨，腾龙突击步枪-猎鳄行动，K437突击步枪-丛影谍踪；【冲锋枪皮肤35】UZI冲锋枪-悠然茶歇，SMG-45冲锋枪-锦绣，SR-3M紧凑突击步枪-荼蘼，勇士冲锋枪-万金泪冠，QCQ171冲锋枪-不羁人生，勇士冲锋枪-檀劫铳影，MP5冲锋枪-深海恐惧，MP5冲锋枪-竞技风，Vector冲锋枪-猎鳄行动，Vector冲锋枪-百步穿杨，SMG-45冲锋枪-阿萨拉特攻，SR-3M紧凑突击步枪-开工大吉，勇士冲锋枪-丛影谍踪，MP7冲锋枪-六套之力；【射手步枪皮肤16】M14射手步枪-蛮荒，SKS射手步枪-骑士，VSS射手步枪-丛影谍踪，M14射手步枪-工业狂潮；【狙击步枪皮肤11】R93狙击步枪-维什戴尔，AWM狙击步枪-万金泪冠，M700狙击步枪-蝮蛇，M700狙击步枪-哈夫克警备，M700狙击步枪-百步穿杨，AWM狙击步枪-流沙送葬；【轻机枪皮肤12】PKM通用机枪-荼蘼，PKM通用机枪-阿萨拉特攻，M249轻机枪-丛影谍踪，M250通用机枪-囚徒，QJB201轻机枪-炽焰；【手枪皮肤8】G18-马年祥瑞；【挂饰19】黑夜猎手，黑夜猎手，挂饰-维什戴尔，挂饰-启程，挂饰-雪人，挂饰-锦绣，挂饰-悠然茶歇，汤圆，北非蛋，饺子，挂饰-卡皮巴拉，挂饰-荼蘼，马到成功，挂饰-万金泪冠，暗行哨兵，福禄，聚宝盆；【载具25】防空车-原木，M1A4坦克-凝视，步战车-警戒线，轮式突击炮-荣耀，步战车-钢铁洪流，防空车-钢铁洪流，轮式突击炮-钢铁洪流，GTQ35坦克-钢铁洪流，F45A战斗机-钢铁洪流，轮式突击炮-巅峰竞赛，GTQ35坦克-巅峰竞赛，M1A4坦克-巅峰竞赛，侦察直升机-酒红，侦察直升机-巅峰竞赛，突击直升机-巅峰竞赛，M1A4坦克-护林人，M1A4坦克-烟火2026，突击车-寒梅，轮式突击炮-烟火2026，轮式突击炮-寒梅，GTQ35坦克-寒梅，突击直升机-寒梅，F45A战斗机-夜间迷彩，侦察直升机-烟火2026，F-45A战斗机-建造；【AW子弹】30;【烽火地带战损比】2.1/1.4/0.9；【货币】46三角币，124三角卷，【 皮肤、道具、货币、安全箱、特勤处等实际信息请以游戏内数据为准】【QQ登录】【不可二次实名】【官方截图】,2026-03-26 19:17:58
2083378098012846033,1200.0,None,总资产：265.94M，哈夫币：2718W，传说武器35，史诗武器35，武器皮肤251；烽火60级：三角洲巅峰，战场：军士长Ⅱ，【安全箱】S8顶级安全箱；【特勤处等级】仓库LV.9，靶场LV.7，训练中心LV.7，收藏室LV.1，潜水中心LV.2；【捆绑包12】鹅鸭杀捆绑包，蚀金玫瑰捆绑包，黑天际线捆绑包，电锯惊魂干员捆绑包，锦绣捆绑包，悠然茶歇捆绑包，特斯拉线圈捆绑包，捞点薯条捆绑包，夜莺捆绑包，缄花捆绑包，曙光捆绑包，蝮蛇捆绑包；【干员皮肤6】红狼蚀金玫瑰，露娜黑天际线，威龙飞虎，红狼电锯惊魂，乌鲁鲁荒原猎手，蛊不羁人生；【近战皮肤2】近战武器-处刑者，近战武器-黑鹰；【步枪皮肤99】M4A1突击步枪-阿米娅，M4A1突击步枪-蚀金玫瑰，AKM突击步枪-锦绣，ASh-12战斗步枪-鹅鸭杀，K416突击步枪-行动记录，AUG突击步枪-悠然茶歇，AK-12突击步枪-特斯拉线圈，SCAR-H战斗步枪-启航，CAR-15突击步枪-阿米娅，腾龙突击步枪-捞点薯条，腾龙突击步枪-马年祥瑞，K437突击步枪-锦绣，KC17突击步枪-电锯惊魂，MK47突击步枪-悠然茶歇，AKM突击步枪-林中猎手，QBZ95-1突击步枪-曙光，K416突击步枪-阿萨拉特攻，K416突击步枪-腊梅，M16A4突击步枪-竞赛选手，AUG突击步枪-蝮蛇，SG552突击步枪-深海恐惧，SG552突击步枪-哈夫克警备，SCAR-H战斗步枪-囚徒，G3战斗步枪-战场英杰，G3战斗步枪-哈夫克警备，PTR-32突击步枪-英雄，PTR-32突击步枪-工业狂潮，ASVal突击步枪-典狱官，腾龙突击步枪-猎鳄行动，K437突击步枪-丛影谍踪；【冲锋枪皮肤63】Vector冲锋枪-夜莺，UZI冲锋枪-特斯拉线圈，UZI冲锋枪-悠然茶歇，SMG-45冲锋枪-骑士，SMG-45冲锋枪-锦绣，SR-3M紧凑突击步枪-特斯拉线圈，勇士冲锋枪-能天使-午夜邮差，QCQ171冲锋枪-鹅鸭杀，MK4冲锋枪-夜莺，MP5冲锋枪-深海恐惧，MP5冲锋枪-战术竞备，MP5冲锋枪-竞技风，P90冲锋枪-紧急戒备，Vector冲锋枪-阿萨拉文明，Vector冲锋枪-猎鳄行动，SMG-45冲锋枪-阿萨拉特攻，SR-3M紧凑突击步枪-战术竞备，SR-3M紧凑突击步枪-开工大吉，勇士冲锋枪-深海恐惧，勇士冲锋枪-工业狂潮，勇士冲锋枪-丛影谍踪，MP7冲锋枪-六套之力；【射手步枪皮肤28】Mini-14射手步枪-夜莺，M14射手步枪-蛮荒，M14射手步枪-缄花，SKS射手步枪-骑士，SR-25射手步枪-缄花，VSS射手步枪-丛影谍踪，SVD狙击步枪-阿萨拉工艺，SVD狙击步枪-暗夜猎手，M14射手步枪-工业狂潮，M14射手步枪-航天庆典；【狙击步枪皮肤14】AWM狙击步枪-捞点薯条，SV-98狙击步枪-林中猎手，SV-98狙击步枪-囚徒，SV-98狙击步枪-猎鳄行动，M700狙击步枪-竞技风，M700狙击步枪-蝮蛇，M700狙击步枪-哈夫克警备；【霰弹枪皮肤8】M1014霰弹枪-林中猎手，S12K霰弹枪-曙光；【轻机枪皮肤22】QJB201轻机枪-鹅鸭杀，PKM通用机枪-蝮蛇，PKM通用机枪-英雄，PKM通用机枪-阿萨拉特攻，M249轻机枪-丛影谍踪，M250通用机枪-囚徒，QJB201轻机枪-OldHabits，QJB201轻机枪-炽焰；【手枪皮肤14】.357左轮-缄花，G18-马年祥瑞，93R-捞点薯条，沙漠之鹰-曙光；【复合弓皮肤1】复合弓-黑-天际线；【挂饰28】牛角威龙，阿萨拉机枪兵，阿萨拉盾兵，赤霄游龙，挂饰-蚀金玫瑰，挂饰-黑，挂饰-三联装手炮，挂饰-磁吸炸弹，挂饰-枪匠，挂饰-彩蛋，挂饰-特斯拉线圈，挂饰-阿米娅，挂饰-来点薯条，挂饰-大白鹅，挂饰-启程，挂饰-锦绣，挂饰-悠然茶歇，汤圆，北非蛋，饺子，挂饰-卡皮巴拉，马到成功，挂饰-缄花，挂饰-夜莺，暗行哨兵，福禄，聚宝盆；【安全箱皮肤】零号玩家，格赫罗斯的秘藏；【载具32】全地形车-纷争，M1A4坦克-烈焰，轮式突击炮-荣耀，步战车-鳄鳄出击，M1A4坦克-驯鹿，突击直升机-英雄，防空车-猎虎，全地形车-童趣，步战车-破碎，步战车-生命线，防空车-生命线，M1A4坦克-哈夫克重工，防空车-斑马，M1A4坦克-斑马，轮式突击炮-巅峰竞赛，M1A4坦克-巅峰竞赛，侦察直升机-酒红，突击直升机-原始伪装，侦察直升机-斑马，全地形车-森林迷彩，突击车-沙漠迷彩，防空车-赤色军团，M1A4坦克-护林人，轮式突击炮-护林人，M1A4坦克-烟火2026，GTQ35坦克-烟火2026，突击车-寒梅，轮式突击炮-烟火2026，M1A4坦克-战痕，F45A战斗机-夜间迷彩，侦察直升机-烟火2026，F-45A战斗机-建造；【AW子弹】35;【烽火地带战损比】0.7/1.5/1.5；【货币】43三角币，646三角卷，【 皮肤、道具、货币、安全箱、特勤处等实际信息请以游戏内数据为准】【QQ登录】【可二次实名】【官方截图】,2026-03-26 19:20:09
2075724749127810179,1699.0,None,"总资产：273.3M，哈夫币：361W，传说武器34，史诗武器52，烽火60级：黑鹰_，战场19级：列兵，通行证62级：三角洲豪华版
【安全箱】高级安全箱；【特勤处等级】仓库LV.10，训练中心LV.7，靶场LV.7，制药台LV.3，工作台LV.3，技术中心LV.3，指挥中心LV.6，防具台LV.3，收藏室LV.2，潜水中心LV.3；
【干员皮肤6】威龙凌霄戍卫，红狼蚀金玫瑰，红狼电锯惊魂，蜂医送葬人无题密令，露娜金牌射手，蛊不羁人生；
【已有捆绑包9】凌霄戍卫捆绑包，蚀金玫瑰捆绑包，狩猎时刻捆绑包，捞点薯条捆绑包，电锯惊魂干员捆绑包，鹅鸭杀捆绑包，信条捆绑包，暗星捆绑包，悠然茶歇捆绑包；
【近战皮肤4】近战武器-信条，近战武器-暗星，近战武器-处刑者，近战武器-黑鹰；
【步枪皮肤】M4A1突击步枪-蚀金玫瑰，QBZ95-1突击步枪-曙光，AUG突击步枪-蝮蛇，KC17突击步枪-电锯惊魂，SG552突击步枪-深海恐惧，AKM突击步枪-林中猎手，PTR-32突击步枪-英雄，腾龙突击步枪-无垢，SCAR-H战斗步枪-囚徒，M16A4突击步枪-竞赛选手，CAR-15突击步枪-阿米娅，M4A1突击步枪-阿米娅，G3战斗步枪-狩猎时刻，M16A4突击步枪-狩猎时刻，腾龙突击步枪-捞点薯条，PTR-32突击步枪-OldHabits，AUG突击步枪-天命，腾龙突击步枪-猎鳄行动，G3战斗步枪-骑士，ASh-12战斗步枪-鹅鸭杀，SCAR-H战斗步枪-启航，SG552突击步枪-运动员，M7战斗步枪-百步穿杨，G3战斗步枪-流沙送葬，AUG突击步枪-紧急戒备，MK47突击步枪-暗星，K416突击步枪-腊梅，K416突击步枪-阿萨拉特攻，QBZ95-1突击步枪-凌霄戍卫，AUG突击步枪-悠然茶歇，MK47突击步枪-悠然茶歇；
【冲锋枪皮肤】SR-3M紧凑突击步枪-荒野求生，SR-3M紧凑突击步枪-战术竞备，SR-3M紧凑突击步枪-暗星，Vector冲锋枪-狩猎时刻，Vector冲锋枪-阿萨拉文明，MP5冲锋枪-深海恐惧，勇士冲锋枪-深海恐惧，SMG-45冲锋枪-骑士，MP7冲锋枪-无垢，勇士冲锋枪-能天使-午夜邮差，Vector冲锋枪-猎鳄行动，勇士冲锋枪-工业狂潮，QCQ171冲锋枪-鹅鸭杀，MP5冲锋枪-战术竞备，P90冲锋枪-信条，Vector冲锋枪-百步穿杨，MP5冲锋枪-竞技风，MP7冲锋枪-六套之力，UZI冲锋枪-悠然茶歇，QCQ171冲锋枪-不羁人生；
【射手步枪皮肤】PSG-1射手步枪-无垢，M14射手步枪-电锯惊魂，SR-25射手步枪-信条，M14射手步枪-蛮荒，VSS射手步枪-丛影谍踪，M14射手步枪-缄花，SR-25射手步枪-缄花；
【狙击步枪皮肤】SVD狙击步枪-阿萨拉工艺，M700狙击步枪-竞技风，SV-98狙击步枪-囚徒，M700狙击步枪-蝮蛇，SVD狙击步枪-暗夜猎手，SV-98狙击步枪-林中猎手，SVD狙击步枪-荒野求生，AWM狙击步枪-捞点薯条，SV-98狙击步枪-猎鳄行动，AWM狙击步枪-流沙送葬，M700狙击步枪-百步穿杨；
【霰弹枪皮肤】S12K霰弹枪-曙光，M1014霰弹枪-林中猎手，725双管霰弹枪-送葬人-无题密令；
【轻机枪皮肤】PKM通用机枪-蝮蛇，PKM通用机枪-荒野求生，M250通用机枪-囚徒，QJB201轻机枪-OldHabits，QJB201轻机枪-鹅鸭杀，M250通用机枪-寒冬猎手，M249轻机枪-丛影谍踪，QJB201轻机枪-炽焰；
【手枪皮肤】沙漠之鹰-曙光，93R-捞点薯条，.357左轮-缄花；
【特殊武器皮肤】复合弓-黑-天际线；
【挂饰32】阿萨拉霰弹兵，狻猊，窃风密探，挂饰-暗星，挂饰-凌霄戍卫，挂饰-信条，挂饰-黑，挂饰-水墨云图，挂饰-蚀金玫瑰，聚宝盆，福禄，崩岩重炮，暗行哨兵，诡影喷火兵，诡影狙击兵，挂饰-缄花，挂饰-卡皮巴拉，挂饰-北非蛋，挂饰-悠然茶歇，挂饰-雪人，挂饰-启程，挂饰-大白鹅，挂饰-晶石幻想，挂饰-来点薯条，挂饰-阿米娅，挂饰-龙门币，挂饰-狩猎时刻，挂饰-彩蛋，挂饰-三联装手炮，麻将，紧急撤离，紧急会议；
【载具6】M1A4坦克-流星，突击车-流星，轮式突击炮-荣耀，突击直升机-流星，侦察直升机-流星，F45A战斗机-流星；
【烽火地带战损比】0.9/1/1.3
【货币】50三角币，0曼德尔币，1183三角卷
【皮肤、道具、货币、安全箱等实际信息请以游戏内数据为准】【QQ登录】【不可二次实名】【官方截图】",2026-03-22 13:57:49
2083608910480274818,1314.0,None,总资产：25.22M，哈夫币：4W，传说武器39，史诗武器39，武器皮肤396；烽火60级：铂金Ⅰ，战场：军士长Ⅲ，【安全箱】高级安全箱；【特勤处等级】仓库LV.5，靶场LV.2，训练中心LV.4，收藏室LV.0，潜水中心LV.0；【捆绑包12】鹅鸭杀捆绑包，蚀金玫瑰捆绑包，黑天际线捆绑包，蛟龙特战队捆绑包，电锯惊魂干员捆绑包，零度协议捆绑包，狩猎时刻捆绑包，悠然茶歇捆绑包，特斯拉线圈捆绑包，缄花捆绑包，曙光捆绑包，蝮蛇捆绑包；【干员皮肤12】红狼蚀金玫瑰，露娜黑天际线，蜂医送葬人无题密令，牧羊人街头之王，威龙蛟龙特战队，威龙壮志凌云，无名夜鹰，威龙铁面判官，红狼电锯惊魂，深蓝不破誓约，乌鲁鲁荒原猎手，露娜金牌射手；【近战皮肤2】近战武器-影锋，近战武器-黑鹰；【步枪皮肤169】M4A1突击步枪-阿米娅，M4A1突击步枪-蚀金玫瑰，AKM突击步枪-零度协议，QBZ95-1突击步枪-破军，QBZ95-1突击步枪-凌霄戍卫，ASh-12战斗步枪-鹅鸭杀，M16A4突击步枪-狩猎时刻，AUG突击步枪-悠然茶歇，M7战斗步枪-零度协议，M7战斗步枪-维京，SG552突击步枪-运动员，AK-12突击步枪-夜鹰，AK-12突击步枪-特斯拉线圈，SCAR-H战斗步枪-启航，SCAR-H战斗步枪-水墨云图，SCAR-H战斗步枪-铁艺苍穹，G3战斗步枪-狩猎时刻，腾龙突击步枪-蛟龙特战队，KC17突击步枪-电锯惊魂，MK47突击步枪-悠然茶歇，M4A1突击步枪-竞技风，M4A1突击步枪-特勤执行，AKM突击步枪-林中猎手，QBZ95-1突击步枪-曙光，QBZ95-1突击步枪-ACE，ASh-12战斗步枪-守夜人，ASh-12战斗步枪-无极限，K416突击步枪-竞技风，K416突击步枪-阿萨拉特攻，K416突击步枪-冬日风情，K416突击步枪-腊梅，M16A4突击步枪-竞赛选手，AUG突击步枪-蝮蛇，AUG突击步枪-特勤执行，M7战斗步枪-百步穿杨，SG552突击步枪-尖端治疗，SG552突击步枪-深海恐惧，SG552突击步枪-哈夫克警备，SCAR-H战斗步枪-国风，SCAR-H战斗步枪-猎鳄行动，SCAR-H战斗步枪-危险实验，SCAR-H战斗步枪-囚徒，G3战斗步枪-阿萨拉工艺，G3战斗步枪-战场英杰，G3战斗步枪-哈夫克警备，G3战斗步枪-流沙送葬，PTR-32突击步枪-ACE，ASVal突击步枪-刀锋，ASVal突击步枪-尖端治疗，ASVal突击步枪-百步穿杨，腾龙突击步枪-无垢，腾龙突击步枪-猎鳄行动，K437突击步枪-守护者，K437突击步枪-丛影谍踪；【冲锋枪皮肤90】Vector冲锋枪-狩猎时刻，UZI冲锋枪-特斯拉线圈，UZI冲锋枪-悠然茶歇，SMG-45冲锋枪-骑士，SR-3M紧凑突击步枪-特斯拉线圈，勇士冲锋枪-能天使-午夜邮差，QCQ171冲锋枪-鹅鸭杀，Vector冲锋枪-潜袭者，P90冲锋枪-天命，MP5冲锋枪-深海恐惧，MP5冲锋枪-战术竞备，MP5冲锋枪-竞技风，P90冲锋枪-紧急戒备，Vector冲锋枪-阿萨拉文明，Vector冲锋枪-红色彗星，Vector冲锋枪-猎鳄行动，Vector冲锋枪-百步穿杨，UZI冲锋枪-危险实验，SMG-45冲锋枪-阿萨拉特攻，SR-3M紧凑突击步枪-英雄，SR-3M紧凑突击步枪-荒野求生，SR-3M紧凑突击步枪-战术竞备，SR-3M紧凑突击步枪-开工大吉，勇士冲锋枪-深海恐惧，勇士冲锋枪-工业狂潮，勇士冲锋枪-丛影谍踪，MP7冲锋枪-无垢，MP7冲锋枪-守护者，MP7冲锋枪-六套之力；【射手步枪皮肤45】M14射手步枪-蛮荒，M14射手步枪-缄花，SR-25射手步枪-水墨云图，SR-25射手步枪-缄花，Mini-14射手步枪-守护者，VSS射手步枪-丛影谍踪，SVD狙击步枪-阿萨拉工艺，SVD狙击步枪-暗夜猎手，SVD狙击步枪-荒野求生，M14射手步枪-工业狂潮，M14射手步枪-航天庆典，SKS射手步枪-ACE，SR-25射手步枪-尖端治疗，PSG-1射手步枪-无垢；【狙击步枪皮肤23】R93狙击步枪-维什戴尔，M700狙击步枪-零度协议，SV-98狙击步枪-林中猎手，SV-98狙击步枪-囚徒，SV-98狙击步枪-猎鳄行动，M700狙击步枪-竞技风，M700狙击步枪-阿萨拉工艺，M700狙击步枪-蝮蛇，M700狙击步枪-守夜人，M700狙击步枪-哈夫克警备，M700狙击步枪-百步穿杨，AWM狙击步枪-无极限，AWM狙击步枪-流沙送葬；【霰弹枪皮肤14】725双管霰弹枪-送葬人-无题密令，M1014霰弹枪-林中猎手，S12K霰弹枪-曙光；【轻机枪皮肤30】M250通用机枪-骑士之心，QJB201轻机枪-鹅鸭杀，PKM通用机枪-魔药，PKM通用机枪-蝮蛇，PKM通用机枪-英雄，PKM通用机枪-守夜人，PKM通用机枪-荒野求生，PKM通用机枪-阿萨拉特攻，M249轻机枪-维京，M249轻机枪-丛影谍踪，M250通用机枪-囚徒，QJB201轻机枪-炽焰；【手枪皮肤21】.357左轮-缄花，QSZ92G-风林火山，沙漠之鹰-曙光，93R-博士；【复合弓皮肤2】复合弓-黑-天际线，复合弓-守护者；【挂饰39】挂饰-蚀金玫瑰，挂饰-黑，赤霄游龙，挂饰-三联装手炮，挂饰-磁吸炸弹，挂饰-零度协议，挂饰-保持专注，挂饰-枪匠，挂饰-Relink，挂饰-维京，挂饰-王牌座驾，挂饰-小羊，挂饰-狩猎时刻，挂饰-特斯拉线圈，挂饰-阿米娅，挂饰-晶石幻想，挂饰-大白鹅，挂饰-启程，挂饰-雪人，挂饰-悠然茶歇，挂饰-卡皮巴拉，挂饰-缄花，持剑者，重装记者，演出导演，阿萨拉狙击兵，阿萨拉霰弹兵，诡影狙击兵，诡影喷火兵，暗行哨兵，崩岩重炮，福禄，聚宝盆；【载具62】M1A4坦克-纷争，突击车-纷争，步战车-纷争，防空车-纷争，M1A4坦克-狮王，M1A4坦克-飓风行动，M1A4坦克-鹰击长空，突击车-鹰击长空，M1A4坦克-无瑕，步战车-鹰击长空，防空车-鹰击长空，轮式突击炮-荣耀，M1A4坦克-驯鹿，突击直升机-纷争，突击直升机-鹰击长空，突击直升机-无瑕，步战车-炭黑蜂窝，防空车-炭黑蜂窝，M1A4坦克-地平线，步战车-黄蜂，防空车-黄蜂，M1A4坦克-黄蜂，防空车-猎虎，防空车-酒红，步战车-破碎，步战车-生命线，防空车-生命线，M1A4坦克-哈夫克重工，防空车-斑马，M1A4坦克-斑马，轮式突击炮-巅峰竞赛，M1A4坦克-巅峰竞赛，侦察直升机-酒红，突击直升机-地平线，突击直升机-黄蜂，突击直升机-原始伪装，侦察直升机-斑马，突击车-雪地迷彩，步战车-雪地迷彩，全地形车-森林迷彩，步战车-森林迷彩，防空车-森林迷彩，突击车-森林迷彩，M1A4坦克-森林迷彩，步战车-夜间迷彩，防空车-夜间迷彩，M1A4坦克-夜间迷彩，M1A4坦克-冷钢，突击车-沙漠迷彩，突击车-冷钢，防空车-赤色军团，M1A4坦克-护林人，轮式突击炮-护林人，M1A4坦克-烟火2026，GTQ35坦克-烟火2026，突击车-寒梅，轮式突击炮-烟火2026，M1A4坦克-战痕，侦察直升机-夜间迷彩，F45A战斗机-夜间迷彩，侦察直升机-烟火2026，F-45A战斗机-建造；【AW子弹】10;【烽火地带战损比】4.0/1.4/1.1；【货币】29三角币，265三角卷，【 皮肤、道具、货币、安全箱、特勤处等实际信息请以游戏内数据为准】【QQ登录】【不可二次实名】【官方截图】,2026-03-26 22:23:35
2081220884070941465,1300.0,None,总资产：229.07M，哈夫币：5008W，传说武器9，史诗武器9，武器皮肤100；烽火60级：钻石Ⅴ，战场：暂无段位，【安全箱】基础安全箱；【特勤处等级】仓库LV.8，靶场LV.6，训练中心LV.7，收藏室LV.1，潜水中心LV.1；【捆绑包2】点翠捆绑包，缄花捆绑包；【干员皮肤1】露娜金牌射手；【传说典藏皮肤1】M7战斗步枪-棱镜攻势S2（优品B）；【近战皮肤2】近战武器-怜悯，近战武器-黑鹰；【步枪皮肤43】M7战斗步枪-棱镜攻势S2，SG552突击步枪-运动员，SG552突击步枪-点翠，KC17突击步枪-点翠，PTR-32突击步枪-碎冰行动，M7战斗步枪-百步穿杨，SG552突击步枪-深海恐惧，SCAR-H战斗步枪-囚徒，G3战斗步枪-哈夫克警备，G3战斗步枪-流沙送葬，ASVal突击步枪-百步穿杨，腾龙突击步枪-猎鳄行动；【冲锋枪皮肤20】勇士冲锋枪-檀劫铳影，Vector冲锋枪-百步穿杨，MP7冲锋枪-六套之力；【射手步枪皮肤13】M14射手步枪-缄花，SR-25射手步枪-缄花，PSG-1射手步枪-点翠，M14射手步枪-工业狂潮；【狙击步枪皮肤6】M700狙击步枪-百步穿杨，AWM狙击步枪-流沙送葬；【轻机枪皮肤7】PKM通用机枪-蝮蛇，QJB201轻机枪-炽焰；【手枪皮肤4】.357左轮-缄花，沙漠之鹰-曙光；【挂饰14】狻猊，赤霄游龙，挂饰-凌霄戍卫，仪典匕首，挂饰-雪人，汤圆，北非蛋，饺子，挂饰-点翠，挂饰-缄花，暗行哨兵，崩岩重炮，聚宝盆；【载具10】轮式突击炮-荣耀，轮式突击炮-巅峰竞赛，M1A4坦克-巅峰竞赛，侦察直升机-酒红，M1A4坦克-烟火2026，GTQ35坦克-烟火2026，突击车-寒梅，轮式突击炮-烟火2026，侦察直升机-烟火2026，F-45A战斗机-建造；【AW子弹】18;【烽火地带战损比】1.2/1.0/1.4；【货币】35三角币，【 皮肤、道具、货币、安全箱、特勤处等实际信息请以游戏内数据为准】【QQ登录】【可二次实名】【官方截图】,2026-03-25 14:45:45
2063076437197219607,800.0,None,总资产：78.28M，哈夫币：1858W，传说武器32，史诗武器32，武器皮肤289；烽火60级：黑鹰Ⅱ，战场：上等兵Ⅱ，【安全箱】S8顶级安全箱；【特勤处等级】仓库LV.8，靶场LV.7，训练中心LV.7，收藏室LV.1，潜水中心LV.2；【捆绑包5】鹅鸭杀捆绑包，电锯惊魂干员捆绑包，特斯拉线圈捆绑包，捞点薯条捆绑包，万金泪冠捆绑包；【干员皮肤6】蜂医送葬人无题密令，牧羊人街头之王，红狼电锯惊魂，深蓝不破誓约，乌鲁鲁荒原猎手，露娜金牌射手；【近战皮肤4】近战武器-信条，近战武器-处刑者，近战武器-暗星，近战武器-黑鹰；【步枪皮肤111】M4A1突击步枪-阿米娅，QBZ95-1突击步枪-凌霄戍卫，ASh-12战斗步枪-鹅鸭杀，M7战斗步枪-维京，SG552突击步枪-运动员，AK-12突击步枪-特斯拉线圈，SCAR-H战斗步枪-启航，G3战斗步枪-骑士，CAR-15突击步枪-阿米娅，腾龙突击步枪-捞点薯条，腾龙突击步枪-马年祥瑞，腾龙突击步枪-万金泪冠，KC17突击步枪-电锯惊魂，AKM突击步枪-林中猎手，QBZ95-1突击步枪-曙光，ASh-12战斗步枪-无极限，K416突击步枪-腊梅，M16A4突击步枪-竞赛选手，AUG突击步枪-蝮蛇，M7战斗步枪-百步穿杨，SG552突击步枪-深海恐惧，SG552突击步枪-哈夫克警备，SCAR-H战斗步枪-危险实验，SCAR-H战斗步枪-囚徒，G3战斗步枪-战场英杰，G3战斗步枪-哈夫克警备，G3战斗步枪-流沙送葬，ASVal突击步枪-刀锋，ASVal突击步枪-典狱官，ASVal突击步枪-百步穿杨，腾龙突击步枪-无垢，腾龙突击步枪-猎鳄行动，K437突击步枪-守护者，K437突击步枪-丛影谍踪；【冲锋枪皮肤69】UZI冲锋枪-特斯拉线圈，SR-3M紧凑突击步枪-特斯拉线圈，勇士冲锋枪-能天使-午夜邮差，勇士冲锋枪-万金泪冠，QCQ171冲锋枪-鹅鸭杀，MP5冲锋枪-战术竞备，MP5冲锋枪-竞技风，P90冲锋枪-紧急戒备，Vector冲锋枪-阿萨拉文明，Vector冲锋枪-猎鳄行动，Vector冲锋枪-百步穿杨，UZI冲锋枪-危险实验，SMG-45冲锋枪-阿萨拉特攻，SR-3M紧凑突击步枪-荒野求生，SR-3M紧凑突击步枪-战术竞备，SR-3M紧凑突击步枪-开工大吉，勇士冲锋枪-深海恐惧，勇士冲锋枪-工业狂潮，勇士冲锋枪-丛影谍踪，MP7冲锋枪-无垢，MP7冲锋枪-守护者，MP7冲锋枪-六套之力；【射手步枪皮肤34】M14射手步枪-电锯惊魂，M14射手步枪-蛮荒，SR-25射手步枪-水墨云图，Mini-14射手步枪-守护者，VSS射手步枪-丛影谍踪，SVD狙击步枪-阿萨拉工艺，SVD狙击步枪-暗夜猎手，SVD狙击步枪-荒野求生，M14射手步枪-工业狂潮，M14射手步枪-航天庆典，PSG-1射手步枪-无垢；【狙击步枪皮肤17】AWM狙击步枪-捞点薯条，AWM狙击步枪-万金泪冠，SV-98狙击步枪-林中猎手，SV-98狙击步枪-囚徒，SV-98狙击步枪-猎鳄行动，M700狙击步枪-竞技风，M700狙击步枪-哈夫克警备，M700狙击步枪-百步穿杨，AWM狙击步枪-无极限，AWM狙击步枪-流沙送葬；【霰弹枪皮肤10】725双管霰弹枪-送葬人-无题密令；【轻机枪皮肤25】M250通用机枪-骑士之心，QJB201轻机枪-鹅鸭杀，PKM通用机枪-魔药，PKM通用机枪-蝮蛇，PKM通用机枪-荒野求生，PKM通用机枪-阿萨拉特攻，M249轻机枪-维京，M249轻机枪-丛影谍踪，M250通用机枪-囚徒，QJB201轻机枪-OldHabits，QJB201轻机枪-炽焰；【手枪皮肤17】G18-马年祥瑞，93R-捞点薯条，QSZ92G-风林火山，沙漠之鹰-曙光，93R-博士；【复合弓皮肤2】复合弓-黑-天际线，复合弓-守护者；【挂饰32】统统拿走，阿萨拉喷火兵，火箭玫瑰，阿萨拉盾兵，赤霄游龙，黄金视野，窃风密探，挂饰-黑，挂饰-三联装手炮，挂饰-磁吸炸弹，挂饰-枪匠，挂饰-Relink，挂饰-维京，挂饰-龙门币，挂饰-特斯拉线圈，挂饰-阿米娅，挂饰-来点薯条，挂饰-晶石幻想，仪典匕首，挂饰-大白鹅，关山难越，挂饰-启程，挂饰-雪人，汤圆，北非蛋，饺子，挂饰-卡皮巴拉，马到成功，挂饰-万金泪冠，聚宝盆；【载具27】M1A4坦克-烈焰，轮式突击炮-荣耀，步战车-鳄鳄出击，防空车-酒红，步战车-生命线，防空车-生命线，M1A4坦克-哈夫克重工，轮式突击炮-巅峰竞赛，M1A4坦克-巅峰竞赛，侦察直升机-酒红，突击直升机-黄蜂，突击直升机-原始伪装，全地形车-森林迷彩，防空车-森林迷彩，M1A4坦克-夜间迷彩，突击车-沙漠迷彩，防空车-赤色军团，M1A4坦克-护林人，轮式突击炮-护林人，M1A4坦克-烟火2026，GTQ35坦克-烟火2026，突击车-寒梅，轮式突击炮-烟火2026，侦察直升机-赤色军团，F45A战斗机-夜间迷彩，侦察直升机-烟火2026，F-45A战斗机-建造；【AW子弹】无;【烽火地带战损比】0.7/0.9/1.2；【货币】34三角币，223三角卷，【 皮肤、道具、货币、安全箱等实际信息请以游戏内数据为准】【QQ登录】【不可二次实名】【官方截图】,2026-03-15 14:25:50
2081638615613639722,1988.0,None,（号主备注：号里还有3000三角券）总资产：132.79M，哈夫币：2172W，传说武器23，史诗武器23，武器皮肤192；烽火60级：铂金Ⅲ，战场：尉官Ⅳ，【安全箱】高级安全箱；【特勤处等级】仓库LV.8，靶场LV.6，训练中心LV.6，潜水中心LV.1；【捆绑包6】维什戴尔捆绑包，鹅鸭杀捆绑包，蚀金玫瑰捆绑包，电锯惊魂干员捆绑包，缄花捆绑包，信条捆绑包；【干员皮肤6】骇爪维什戴尔，红狼蚀金玫瑰，威龙凌霄戍卫，红狼电锯惊魂，乌鲁鲁荒原猎手，露娜金牌射手；【近战皮肤4】近战武器-影锋，近战武器-信条，近战武器-暗星，近战武器-黑鹰；【步枪皮肤79】M4A1突击步枪-蚀金玫瑰，QBZ95-1突击步枪-凌霄戍卫，ASh-12战斗步枪-鹅鸭杀，SG552突击步枪-运动员，SCAR-H战斗步枪-启航，KC17突击步枪-电锯惊魂，MK47突击步枪-暗星，KC17突击步枪-碎冰行动，PTR-32突击步枪-碎冰行动，ASh-12战斗步枪-无极限，K416突击步枪-冬日风情，K416突击步枪-腊梅，AUG突击步枪-蝮蛇，M7战斗步枪-百步穿杨，SG552突击步枪-深海恐惧，SG552突击步枪-哈夫克警备，G3战斗步枪-流沙送葬，ASVal突击步枪-百步穿杨，腾龙突击步枪-猎鳄行动，K437突击步枪-丛影谍踪；【冲锋枪皮肤44】P90冲锋枪-信条，SR-3M紧凑突击步枪-暗星，MP7冲锋枪-趣味文化，QCQ171冲锋枪-鹅鸭杀，MP5冲锋枪-战术竞备，MP5冲锋枪-竞技风，Vector冲锋枪-异域战争，Vector冲锋枪-百步穿杨，SMG-45冲锋枪-阿萨拉特攻，SR-3M紧凑突击步枪-开工大吉，勇士冲锋枪-深海恐惧，勇士冲锋枪-丛影谍踪，MP7冲锋枪-守护者，MP7冲锋枪-六套之力；【射手步枪皮肤24】M14射手步枪-蛮荒，M14射手步枪-缄花，SKS射手步枪-骑士，SR-25射手步枪-信条，SR-25射手步枪-缄花，Mini-14射手步枪-守护者，VSS射手步枪-丛影谍踪，M14射手步枪-航天庆典；【狙击步枪皮肤10】R93狙击步枪-维什戴尔，M700狙击步枪-百步穿杨，AWM狙击步枪-无极限，AWM狙击步枪-流沙送葬；【轻机枪皮肤13】M250通用机枪-骑士之心，QJB201轻机枪-鹅鸭杀，M249轻机枪-丛影谍踪，QJB201轻机枪-炽焰；【手枪皮肤10】.357左轮-缄花；【复合弓皮肤1】复合弓-守护者；【挂饰24】挂饰-非洲之心，赤霄游龙，火箭玫瑰，窃风密探，挂饰-蚀金玫瑰，挂饰-维什戴尔，挂饰-信条，挂饰-凌霄戍卫，挂饰-暗星，挂饰-枪匠，仪典匕首，挂饰-大白鹅，关山难越，挂饰-启程，挂饰-雪人，挂饰-卡皮巴拉，挂饰-缄花，暗行哨兵，崩岩重炮，福禄，聚宝盆；【载具30】轮式突击炮-域外狂徒，防空车-凝视，步战车-移动堡垒，防空车-移动堡垒，轮式突击炮-荣耀，M1A4坦克-移动堡垒，轮式突击炮-移动堡垒，步战车-鳄鳄出击，突击直升机-凝视，步战车-原始伪装，防空车-原始伪装，防空车-斑马，轮式突击炮-巅峰竞赛，M1A4坦克-巅峰竞赛，侦察直升机-酒红，侦察直升机-原始伪装，突击直升机-原始伪装，侦察直升机-斑马，全地形车-森林迷彩，全地形车-护林人，M1A4坦克-护林人，M1A4坦克-烟火2026，GTQ35坦克-烟火2026，突击车-寒梅，轮式突击炮-烟火2026，突击直升机-护林人，侦察直升机-护林人，F45A战斗机-夜间迷彩，侦察直升机-烟火2026，F-45A战斗机-建造；【烽火地带战损比】4.3/0.6/0.4；【货币】3120三角卷，【 皮肤、道具、货币、安全箱、特勤处等实际信息请以游戏内数据为准】【QQ登录】【可二次实名】【官方截图】,2026-03-25 20:17:44
2081444943790988072,688.0,None,总资产：143.69M，哈夫币：1017W，传说武器21，史诗武器21，武器皮肤148；烽火60级：三角洲巅峰，战场：上等兵Ⅲ，【安全箱】基础安全箱；【特勤处等级】仓库LV.8，靶场LV.5，训练中心LV.7；【捆绑包4】鹅鸭杀捆绑包，蚀金玫瑰捆绑包，狩猎时刻捆绑包，特斯拉线圈捆绑包；【干员皮肤2】红狼蚀金玫瑰，蜂医送葬人无题密令；【传说典藏皮肤1】Vector冲锋枪-美杜莎（优品S）；【近战皮肤1】近战武器-黑鹰；【步枪皮肤55】M4A1突击步枪-阿米娅，M4A1突击步枪-蚀金玫瑰，ASh-12战斗步枪-鹅鸭杀，M16A4突击步枪-狩猎时刻，AK-12突击步枪-特斯拉线圈，SCAR-H战斗步枪-启航，G3战斗步枪-狩猎时刻，CAR-15突击步枪-阿米娅，AKM突击步枪-林中猎手，QBZ95-1突击步枪-曙光，ASh-12战斗步枪-无极限，M16A4突击步枪-竞赛选手，AUG突击步枪-蝮蛇，SG552突击步枪-深海恐惧，SCAR-H战斗步枪-囚徒，腾龙突击步枪-无垢，K437突击步枪-守护者；【冲锋枪皮肤41】Vector冲锋枪-美杜莎，Vector冲锋枪-狩猎时刻，UZI冲锋枪-特斯拉线圈，SMG-45冲锋枪-骑士，SR-3M紧凑突击步枪-特斯拉线圈，勇士冲锋枪-能天使-午夜邮差，QCQ171冲锋枪-鹅鸭杀，MP5冲锋枪-深海恐惧，MP5冲锋枪-战术竞备，P90冲锋枪-紧急戒备，SR-3M紧凑突击步枪-英雄，SR-3M紧凑突击步枪-荒野求生，SR-3M紧凑突击步枪-战术竞备，勇士冲锋枪-工业狂潮，MP7冲锋枪-无垢，MP7冲锋枪-守护者；【射手步枪皮肤15】SR-25射手步枪-水墨云图，Mini-14射手步枪-守护者，SVD狙击步枪-阿萨拉工艺，SVD狙击步枪-荒野求生，PSG-1射手步枪-无垢；【狙击步枪皮肤9】R93狙击步枪-维什戴尔，SV-98狙击步枪-林中猎手，SV-98狙击步枪-囚徒，M700狙击步枪-竞技风，AWM狙击步枪-无极限；【霰弹枪皮肤7】725双管霰弹枪-送葬人-无题密令，M1014霰弹枪-林中猎手；【轻机枪皮肤12】M250通用机枪-骑士之心，QJB201轻机枪-鹅鸭杀，PKM通用机枪-荒野求生，QJB201轻机枪-OldHabits；【复合弓皮肤2】复合弓-黑-天际线，复合弓-守护者；【挂饰17】挂饰-蚀金玫瑰，挂饰-黑，挂饰-狩猎时刻，挂饰-特斯拉线圈，挂饰-阿米娅，挂饰-晶石幻想，挂饰-大白鹅，挂饰-启程，重装记者，演出导演，阿萨拉狙击兵，阿萨拉霰弹兵，诡影狙击兵，诡影喷火兵；【载具25】M1A4坦克-丛林猎手，轮式突击炮-紫电，防空车-警戒线，M1A4坦克-紫电，全地形车-警戒线，轮式突击炮-荣耀，突击直升机-紫电，侦察直升机-紫电，防空车-酒红，步战车-破碎，步战车-生命线，防空车-生命线，轮式突击炮-哈夫克重工，防空车-哈夫克重工，M1A4坦克-哈夫克重工，突击直升机-原始伪装，侦察直升机-哈夫克重工，全地形车-森林迷彩，突击车-沙漠迷彩，防空车-赤色军团，步战车-护林人，防空车-护林人，M1A4坦克-护林人，突击车-护林人，轮式突击炮-护林人；【烽火地带战损比】1.6/1.1/0.8；【货币】90三角币，34三角卷，【 皮肤、道具、货币、安全箱、特勤处等实际信息请以游戏内数据为准】【QQ登录】【不可二次实名】【官方截图】,2026-03-25 17:43:49
2083169389773122460,700.0,None,"总资产：69.4M，哈夫币：44W，传说武器15，史诗武器3，烽火57级：黑鹰_，战场15级：上等兵，通行证80级：通行证免费版
【安全箱】基础安全箱；【特勤处等级】仓库LV.7，训练中心LV.6，靶场LV.5，制药台LV.2，工作台LV.3，技术中心LV.3，指挥中心LV.5，防具台LV.3；
【干员皮肤1】威龙凌霄戍卫；
【已有捆绑包3】凌霄戍卫捆绑包，暗星捆绑包，悠然茶歇捆绑包；
【近战皮肤2】近战武器-暗星，近战武器-黑鹰；
【步枪皮肤】MK47突击步枪-暗星，K416突击步枪-阿萨拉特攻，QBZ95-1突击步枪-凌霄戍卫，腾龙突击步枪-万金泪冠，AUG突击步枪-悠然茶歇，MK47突击步枪-悠然茶歇；
【冲锋枪皮肤】SR-3M紧凑突击步枪-暗星，MP7冲锋枪-六套之力，MK4冲锋枪-夜莺，Vector冲锋枪-夜莺，勇士冲锋枪-万金泪冠，UZI冲锋枪-悠然茶歇；
【射手步枪皮肤】Mini-14射手步枪-夜莺，M14射手步枪-缄花，SR-25射手步枪-缄花；
【狙击步枪皮肤】AWM狙击步枪-万金泪冠；
【轻机枪皮肤】QJB201轻机枪-炽焰；
【手枪皮肤】.357左轮-缄花；
【挂饰9】挂饰-暗星，挂饰-凌霄戍卫，挂饰-水墨云图，聚宝盆，挂饰-万金泪冠，挂饰-夜莺，挂饰-缄花，挂饰-悠然茶歇，麻将；
【烽火地带战损比】1.5/1.6/1.7
【货币】0三角币，0曼德尔币，404三角卷
【皮肤、道具、货币、安全箱等实际信息请以游戏内数据为准】【QQ登录】【不可二次实名】【官方截图】",2026-03-26 16:34:17
2080071602995680564,545.0,None,总资产：14.6M，哈夫币：4W，传说武器26，史诗武器26，武器皮肤229；烽火60级：黑鹰Ⅳ，战场：暂无段位，【安全箱】高级安全箱；【特勤处等级】仓库LV.7，靶场LV.5，训练中心LV.6；【捆绑包6】电锯惊魂干员捆绑包，狩猎时刻捆绑包，悠然茶歇捆绑包，捞点薯条捆绑包，夜莺捆绑包，缄花捆绑包；【干员皮肤4】蜂医送葬人无题密令，红狼电锯惊魂，乌鲁鲁荒原猎手，露娜金牌射手；【近战皮肤2】近战武器-信条，近战武器-黑鹰；【步枪皮肤88】M4A1突击步枪-阿米娅，K416突击步枪-行动记录，M16A4突击步枪-狩猎时刻，AUG突击步枪-悠然茶歇，SG552突击步枪-运动员，SCAR-H战斗步枪-启航，G3战斗步枪-狩猎时刻，腾龙突击步枪-捞点薯条，KC17突击步枪-电锯惊魂，MK47突击步枪-悠然茶歇，ASh-12战斗步枪-无极限，K416突击步枪-阿萨拉特攻，K416突击步枪-腊梅，M16A4突击步枪-竞赛选手，AUG突击步枪-蝮蛇，M7战斗步枪-百步穿杨，SG552突击步枪-哈夫克警备，SCAR-H战斗步枪-囚徒，G3战斗步枪-哈夫克警备，G3战斗步枪-流沙送葬，ASVal突击步枪-典狱官，ASVal突击步枪-百步穿杨，腾龙突击步枪-无垢，腾龙突击步枪-猎鳄行动，K437突击步枪-守护者，K437突击步枪-丛影谍踪；【冲锋枪皮肤52】Vector冲锋枪-狩猎时刻，Vector冲锋枪-夜莺，UZI冲锋枪-悠然茶歇，勇士冲锋枪-能天使-午夜邮差，MK4冲锋枪-夜莺，MP7冲锋枪-原型机，MP5冲锋枪-深海恐惧，MP5冲锋枪-战术竞备，MP5冲锋枪-竞技风，P90冲锋枪-紧急戒备，Vector冲锋枪-猎鳄行动，Vector冲锋枪-百步穿杨，SR-3M紧凑突击步枪-荒野求生，SR-3M紧凑突击步枪-战术竞备，SR-3M紧凑突击步枪-开工大吉，勇士冲锋枪-深海恐惧，勇士冲锋枪-工业狂潮，勇士冲锋枪-丛影谍踪，MP7冲锋枪-无垢，MP7冲锋枪-守护者，MP7冲锋枪-六套之力；【射手步枪皮肤28】Mini-14射手步枪-夜莺，M14射手步枪-蛮荒，M14射手步枪-缄花，SR-25射手步枪-缄花，Mini-14射手步枪-守护者，VSS射手步枪-丛影谍踪，SVD狙击步枪-阿萨拉工艺，SVD狙击步枪-荒野求生，M14射手步枪-甜心子弹，M14射手步枪-工业狂潮，M14射手步枪-航天庆典，PSG-1射手步枪-无垢；【狙击步枪皮肤15】AWM狙击步枪-捞点薯条，SV-98狙击步枪-林中猎手，SV-98狙击步枪-囚徒，SV-98狙击步枪-猎鳄行动，M700狙击步枪-竞技风，M700狙击步枪-百步穿杨，AWM狙击步枪-无极限，AWM狙击步枪-流沙送葬；【霰弹枪皮肤10】725双管霰弹枪-送葬人-无题密令，S12K霰弹枪-缄默情歌；【轻机枪皮肤19】M250通用机枪-骑士之心，PKM通用机枪-蝮蛇，PKM通用机枪-荒野求生，M249轻机枪-丛影谍踪，M250通用机枪-囚徒，QJB201轻机枪-炽焰；【手枪皮肤13】.357左轮-缄花，93R-捞点薯条，沙漠之鹰-曙光；【复合弓皮肤2】复合弓-黑-天际线，复合弓-守护者；【挂饰22】火箭玫瑰，黄金视野，阿萨拉机枪兵，窃风密探，挂饰-蚀金玫瑰，挂饰-黑，挂饰-狩猎时刻，挂饰-阿米娅，挂饰-来点薯条，挂饰-晶石幻想，牛角，挂饰-启程，挂饰-雪人，挂饰-悠然茶歇，北非蛋，挂饰-卡皮巴拉，挂饰-缄花，挂饰-夜莺，诡影喷火兵，福禄，聚宝盆；【载具15】轮式突击炮-荣耀，M1A4坦克-哈夫克重工，轮式突击炮-巅峰竞赛，M1A4坦克-巅峰竞赛，侦察直升机-酒红，突击直升机-原始伪装，M1A4坦克-护林人，轮式突击炮-护林人，M1A4坦克-烟火2026，GTQ35坦克-烟火2026，突击车-寒梅，轮式突击炮-烟火2026，F45A战斗机-夜间迷彩，侦察直升机-烟火2026，F-45A战斗机-建造；【烽火地带战损比】3.9/1.1/1.4；【货币】73三角币，220三角卷，【 皮肤、道具、货币、安全箱、特勤处等实际信息请以游戏内数据为准】【QQ登录】【不可二次实名】【官方截图】,2026-03-24 23:32:23
2079176307589730564,915.0,None,总资产：48.66M，哈夫币：20W，传说武器33，史诗武器33，武器皮肤231；烽火60级：黑鹰Ⅱ，战场：暂无段位，【安全箱】高级安全箱；【特勤处等级】仓库LV.7，靶场LV.6，训练中心LV.7；【捆绑包10】北极星捆绑包，鹅鸭杀捆绑包，黑天际线捆绑包，电锯惊魂干员捆绑包，锦绣捆绑包，悠然茶歇捆绑包，特斯拉线圈捆绑包，捞点薯条捆绑包，缄花捆绑包，聚光灯捆绑包；【干员皮肤5】露娜黑天际线，红狼电锯惊魂，乌鲁鲁荒原猎手，露娜金牌射手，蛊不羁人生；【近战皮肤2】近战武器-北极星，近战武器-黑鹰；【步枪皮肤95】M4A1突击步枪-阿米娅，AKM突击步枪-锦绣，ASh-12战斗步枪-鹅鸭杀，AUG突击步枪-悠然茶歇，SG552突击步枪-运动员，AK-12突击步枪-特斯拉线圈，SCAR-H战斗步枪-启航，SCAR-H战斗步枪-水墨云图，G3战斗步枪-骑士，CAR-15突击步枪-阿米娅，腾龙突击步枪-捞点薯条，K437突击步枪-北极星，K437突击步枪-锦绣，KC17突击步枪-电锯惊魂，MK47突击步枪-悠然茶歇，AK-12突击步枪-原型机，AKM突击步枪-林中猎手，QBZ95-1突击步枪-曙光，ASh-12战斗步枪-无极限，K416突击步枪-阿萨拉特攻，K416突击步枪-冬日风情，K416突击步枪-腊梅，M16A4突击步枪-竞赛选手，AUG突击步枪-蝮蛇，M7战斗步枪-百步穿杨，SG552突击步枪-深海恐惧，SCAR-H战斗步枪-囚徒，G3战斗步枪-流沙送葬，PTR-32突击步枪-英雄，ASVal突击步枪-百步穿杨，腾龙突击步枪-聚光灯，腾龙突击步枪-猎鳄行动，K437突击步枪-守护者，K437突击步枪-丛影谍踪；【冲锋枪皮肤54】UZI冲锋枪-特斯拉线圈，UZI冲锋枪-悠然茶歇，SMG-45冲锋枪-锦绣，SR-3M紧凑突击步枪-特斯拉线圈，勇士冲锋枪-能天使-午夜邮差，QCQ171冲锋枪-北极星，QCQ171冲锋枪-鹅鸭杀，MK4冲锋枪-夜莺，MP5冲锋枪-深海恐惧，MP5冲锋枪-战术竞备，MP5冲锋枪-竞技风，P90冲锋枪-紧急戒备，Vector冲锋枪-阿萨拉文明，Vector冲锋枪-异域战争，Vector冲锋枪-百步穿杨，SR-3M紧凑突击步枪-战术竞备，SR-3M紧凑突击步枪-开工大吉，勇士冲锋枪-深海恐惧，勇士冲锋枪-工业狂潮，勇士冲锋枪-丛影谍踪，MP7冲锋枪-守护者，MP7冲锋枪-六套之力；【射手步枪皮肤25】M14射手步枪-蛮荒，M14射手步枪-缄花，SR-25射手步枪-缄花，Mini-14射手步枪-守护者，VSS射手步枪-丛影谍踪，M14射手步枪-航天庆典，SR-25射手步枪-聚光灯；【狙击步枪皮肤13】AWM狙击步枪-捞点薯条，SV-98狙击步枪-林中猎手，SV-98狙击步枪-囚徒，M700狙击步枪-蝮蛇，M700狙击步枪-百步穿杨，AWM狙击步枪-无极限，AWM狙击步枪-流沙送葬；【霰弹枪皮肤10】M1014霰弹枪-林中猎手，M870霰弹枪-聚光灯；【轻机枪皮肤17】M250通用机枪-骑士之心，QJB201轻机枪-鹅鸭杀，M249轻机枪-丛影谍踪，QJB201轻机枪-OldHabits，QJB201轻机枪-炽焰；【手枪皮肤13】.357左轮-缄花，93R-捞点薯条，沙漠之鹰-曙光；【复合弓皮肤2】复合弓-黑-天际线，复合弓-守护者；【挂饰25】赤霄游龙，挂饰-黑，挂饰-北极星，挂饰-凌霄戍卫，挂饰-彩蛋，挂饰-特斯拉线圈，挂饰-阿米娅，挂饰-来点薯条，仪典匕首，挂饰-大白鹅，关山难越，挂饰-启程，挂饰-雪人，挂饰-锦绣，雪松，挂饰-悠然茶歇，挂饰-卡皮巴拉，挂饰-缄花，暗行哨兵，崩岩重炮，福禄，聚宝盆；【载具19】轮式突击炮-荣耀，步战车-破碎，步战车-生命线，防空车-生命线，M1A4坦克-哈夫克重工，轮式突击炮-巅峰竞赛，M1A4坦克-巅峰竞赛，侦察直升机-酒红，突击直升机-原始伪装，防空车-赤色军团，M1A4坦克-护林人，轮式突击炮-护林人，M1A4坦克-烟火2026，GTQ35坦克-烟火2026，突击车-寒梅，轮式突击炮-烟火2026，F45A战斗机-夜间迷彩，侦察直升机-烟火2026，F-45A战斗机-建造；【烽火地带战损比】1.3/0.9/1.6；【货币】44三角币，80三角卷，【 皮肤、道具、货币、安全箱等实际信息请以游戏内数据为准】【QQ登录】【不可二次实名】【官方截图】,2026-03-24 11:40:52
2076286072996794413,999.0,None,总资产：152.83M，哈夫币：179W，传说武器37，史诗武器37，武器皮肤274；烽火60级：黑鹰Ⅱ，战场：尉官Ⅰ，【安全箱】S8顶级安全箱；【特勤处等级】仓库LV.7，靶场LV.5，训练中心LV.7，收藏室LV.1，潜水中心LV.1；【捆绑包10】鹅鸭杀捆绑包，蚀金玫瑰捆绑包，电锯惊魂干员捆绑包，锦绣捆绑包，悠然茶歇捆绑包，特斯拉线圈捆绑包，捞点薯条捆绑包，万金泪冠捆绑包，缄花捆绑包，蝮蛇捆绑包；【干员皮肤5】红狼蚀金玫瑰，蜂医送葬人无题密令，红狼电锯惊魂，深蓝不破誓约，乌鲁鲁荒原猎手；【传说典藏皮肤1】ASVal突击步枪-悬赏令（优品C）；【近战皮肤4】近战武器-影锋，近战武器-处刑者，近战武器-暗星，近战武器-黑鹰；【步枪皮肤112】ASVal突击步枪-悬赏令，M4A1突击步枪-阿米娅，M4A1突击步枪-蚀金玫瑰，AKM突击步枪-锦绣，ASh-12战斗步枪-鹅鸭杀，K416突击步枪-行动记录，AUG突击步枪-悠然茶歇，AK-12突击步枪-特斯拉线圈，SCAR-H战斗步枪-启航，G3战斗步枪-骑士，腾龙突击步枪-捞点薯条，腾龙突击步枪-万金泪冠，K437突击步枪-锦绣，KC17突击步枪-电锯惊魂，MK47突击步枪-悠然茶歇，AKM突击步枪-林中猎手，QBZ95-1突击步枪-曙光，QBZ95-1突击步枪-竞技风，ASh-12战斗步枪-无极限，K416突击步枪-阿萨拉特攻，K416突击步枪-冬日风情，K416突击步枪-腊梅，M16A4突击步枪-竞赛选手，AUG突击步枪-蝮蛇，SG552突击步枪-哈夫克警备，SCAR-H战斗步枪-囚徒，G3战斗步枪-哈夫克警备，PTR-32突击步枪-英雄，ASVal突击步枪-典狱官，腾龙突击步枪-无垢，腾龙突击步枪-猎鳄行动，K437突击步枪-守护者，K437突击步枪-丛影谍踪；【冲锋枪皮肤66】UZI冲锋枪-特斯拉线圈，UZI冲锋枪-悠然茶歇，SMG-45冲锋枪-锦绣，SR-3M紧凑突击步枪-特斯拉线圈，SR-3M紧凑突击步枪-荼蘼，勇士冲锋枪-能天使-午夜邮差，勇士冲锋枪-万金泪冠，QCQ171冲锋枪-鹅鸭杀，MP5冲锋枪-深海恐惧，MP5冲锋枪-战术竞备，MP5冲锋枪-竞技风，P90冲锋枪-紧急戒备，Vector冲锋枪-阿萨拉文明，Vector冲锋枪-异域战争，Vector冲锋枪-猎鳄行动，SMG-45冲锋枪-阿萨拉特攻，SR-3M紧凑突击步枪-荒野求生，SR-3M紧凑突击步枪-战术竞备，SR-3M紧凑突击步枪-开工大吉，勇士冲锋枪-工业狂潮，勇士冲锋枪-丛影谍踪，MP7冲锋枪-无垢，MP7冲锋枪-守护者，MP7冲锋枪-六套之力；【射手步枪皮肤31】M14射手步枪-蛮荒，M14射手步枪-缄花，SR-25射手步枪-缄花，Mini-14射手步枪-守护者，VSS射手步枪-丛影谍踪，SVD狙击步枪-阿萨拉工艺，SVD狙击步枪-暗夜猎手，SVD狙击步枪-荒野求生，M14射手步枪-工业狂潮，M14射手步枪-航天庆典，PSG-1射手步枪-无垢；【狙击步枪皮肤15】AWM狙击步枪-捞点薯条，AWM狙击步枪-万金泪冠，SV-98狙击步枪-林中猎手，SV-98狙击步枪-囚徒，SV-98狙击步枪-猎鳄行动，M700狙击步枪-蝮蛇，M700狙击步枪-哈夫克警备，AWM狙击步枪-无极限；【霰弹枪皮肤9】725双管霰弹枪-送葬人-无题密令，M1014霰弹枪-林中猎手；【轻机枪皮肤22】M250通用机枪-骑士之心，QJB201轻机枪-鹅鸭杀，PKM通用机枪-蝮蛇，PKM通用机枪-荒野求生，PKM通用机枪-阿萨拉特攻，M249轻机枪-丛影谍踪，M250通用机枪-囚徒，QJB201轻机枪-OldHabits，QJB201轻机枪-炽焰；【手枪皮肤13】.357左轮-缄花，93R-捞点薯条，沙漠之鹰-曙光；【复合弓皮肤2】复合弓-黑-天际线，复合弓-守护者；【挂饰31】黑夜猎手，黑夜猎手，挂饰-蚀金玫瑰，挂饰-黑，挂饰-能天使，挂饰-三联装手炮，挂饰-磁吸炸弹，挂饰-枪匠，挂饰-彩蛋，挂饰-特斯拉线圈，挂饰-阿米娅，挂饰-来点薯条，挂饰-晶石幻想，仪典匕首，牛角，挂饰-大白鹅，挂饰-启程，挂饰-锦绣，挂饰-悠然茶歇，汤圆，北非蛋，挂饰-卡皮巴拉，挂饰-缄花，挂饰-万金泪冠，暗行哨兵，崩岩重炮，福禄，聚宝盆；【载具22】轮式突击炮-荣耀，侦察直升机-烈焰，突击直升机-英雄，步战车-破碎，M1A4坦克-哈夫克重工，轮式突击炮-巅峰竞赛，M1A4坦克-巅峰竞赛，侦察直升机-酒红，侦察直升机-战痕，突击直升机-原始伪装，全地形车-森林迷彩，防空车-赤色军团，M1A4坦克-护林人，轮式突击炮-护林人，M1A4坦克-烟火2026，GTQ35坦克-烟火2026，突击车-寒梅，轮式突击炮-烟火2026，M1A4坦克-战痕，F45A战斗机-夜间迷彩，侦察直升机-烟火2026，F-45A战斗机-建造；【AW子弹】107;【烽火地带战损比】2.5/1.4/1.3；【货币】221三角币，814三角卷，【 皮肤、道具、货币、安全箱等实际信息请以游戏内数据为准】【QQ登录】【不可二次实名】【官方截图】,2026-03-22 21:23:55
2083700305019883823,550.0,None,总资产：235.34M，哈夫币：9224W，传说武器6，史诗武器6，武器皮肤41；烽火60级：青铜Ⅱ，战场：军士长Ⅰ，【安全箱】基础安全箱；【特勤处等级】仓库LV.8，靶场LV.7，训练中心LV.7，收藏室LV.0，潜水中心LV.1；【捆绑包1】狩猎时刻捆绑包；【近战皮肤1】近战武器-黑鹰；【步枪皮肤14】M4A1突击步枪-阿米娅，M16A4突击步枪-狩猎时刻，G3战斗步枪-狩猎时刻；【冲锋枪皮肤13】Vector冲锋枪-狩猎时刻，勇士冲锋枪-能天使-午夜邮差；【狙击步枪皮肤2】SV-98狙击步枪-林中猎手，R93狙击步枪-竞赛选手；【轻机枪皮肤7】QJB201轻机枪-OldHabits；【复合弓皮肤1】复合弓-黑-天际线；【挂饰8】阿萨拉机枪兵，挂饰-黑，挂饰-能天使，挂饰-枪匠，挂饰-电击钻，挂饰-狩猎时刻，挂饰-阿米娅；【安全箱皮肤】零号玩家；【载具7】轮式突击炮-荣耀，侦察直升机-烈焰，M1A4坦克-哈夫克重工，M1A4坦克-护林人，轮式突击炮-护林人，M1A4坦克-战痕，侦察直升机-赤色军团；【AW子弹】47;【烽火地带战损比】2.8/1.2/0.7；【货币】3744三角卷，【 皮肤、道具、货币、安全箱、特勤处等实际信息请以游戏内数据为准】【QQ登录】【可二次实名】【官方截图】,2026-03-26 23:36:13
2081999304622366572,2600.0,None,总资产：769.82M，哈夫币：65773W，传说武器26，史诗武器26，武器皮肤155；烽火60级：黄金Ⅱ，战场：暂无段位，【安全箱】S8顶级安全箱；【特勤处等级】仓库LV.7，靶场LV.7，训练中心LV.7，收藏室LV.1，潜水中心LV.0；【捆绑包5】维什戴尔捆绑包，电锯惊魂干员捆绑包，锦绣捆绑包，悠然茶歇捆绑包，缄花捆绑包；【干员皮肤4】骇爪维什戴尔，红狼电锯惊魂，露娜金牌射手，蛊不羁人生；【近战皮肤3】近战武器-处刑者，近战武器-暗星，近战武器-黑鹰；【步枪皮肤65】M4A1突击步枪-阿米娅，M4A1突击步枪-蚀金玫瑰，AKM突击步枪-锦绣，AUG突击步枪-悠然茶歇，SG552突击步枪-运动员，SCAR-H战斗步枪-启航，SCAR-H战斗步枪-荼蘼，G3战斗步枪-骑士，CAR-15突击步枪-阿米娅，腾龙突击步枪-马年祥瑞，K437突击步枪-锦绣，KC17突击步枪-电锯惊魂，MK47突击步枪-悠然茶歇，ASh-12战斗步枪-无极限，K416突击步枪-阿萨拉特攻，K416突击步枪-冬日风情，M7战斗步枪-百步穿杨，SG552突击步枪-哈夫克警备，G3战斗步枪-流沙送葬，ASVal突击步枪-百步穿杨，腾龙突击步枪-猎鳄行动，K437突击步枪-守护者；【冲锋枪皮肤38】UZI冲锋枪-悠然茶歇，SMG-45冲锋枪-锦绣，SR-3M紧凑突击步枪-荼蘼，QCQ171冲锋枪-不羁人生，MP5冲锋枪-深海恐惧，MP5冲锋枪-战术竞备，Vector冲锋枪-异域战争，Vector冲锋枪-百步穿杨，SR-3M紧凑突击步枪-战术竞备，MP7冲锋枪-守护者，MP7冲锋枪-六套之力；【射手步枪皮肤13】M14射手步枪-缄花，SR-25射手步枪-缄花，Mini-14射手步枪-守护者；【狙击步枪皮肤9】R93狙击步枪-维什戴尔，M700狙击步枪-哈夫克警备，M700狙击步枪-百步穿杨，AWM狙击步枪-无极限，AWM狙击步枪-流沙送葬；【轻机枪皮肤11】PKM通用机枪-荼蘼，M250通用机枪-骑士之心，PKM通用机枪-阿萨拉特攻；【手枪皮肤9】.357左轮-缄花，G18-马年祥瑞；【复合弓皮肤1】复合弓-守护者；【挂饰27】赤霄游龙，挂饰-蚀金玫瑰，挂饰-维什戴尔，挂饰-龙门币，牛角，挂饰-启程，挂饰-雪人，挂饰-锦绣，挂饰-悠然茶歇，汤圆，北非蛋，饺子，挂饰-荼蘼，马到成功，挂饰-缄花，阿萨拉狙击兵，阿萨拉霰弹兵，诡影狙击兵，诡影喷火兵，暗行哨兵，崩岩重炮，福禄，聚宝盆；【载具14】轮式突击炮-荣耀，轮式突击炮-巅峰竞赛，M1A4坦克-巅峰竞赛，侦察直升机-酒红，突击直升机-原始伪装，全地形车-森林迷彩，M1A4坦克-护林人，M1A4坦克-烟火2026，GTQ35坦克-烟火2026，突击车-寒梅，轮式突击炮-烟火2026，F45A战斗机-夜间迷彩，侦察直升机-烟火2026，F-45A战斗机-建造；【AW子弹】110;【烽火地带战损比】4.1/1.8/0.4；【货币】2404三角卷，【 皮肤、道具、货币、安全箱、特勤处等实际信息请以游戏内数据为准】【QQ登录】【可二次实名】【官方截图】,2026-03-26 01:04:23
